basket,mode,m,windows,breach_pct,worst_pct,med_ret,med_hold,capture_up,bad_yr_vault,bad_yr_hold,n_bad,turnover
NVDA,close_only,2,93,0.0,-9.19,14.15,72.5,21.66,-7.08,-36.45,17,1.78
NVDA,close_only,3,93,0.0,-9.87,17.52,72.5,32.83,-9.09,-36.45,17,3.65
NVDA,close_only,4,93,0.0,-9.99,15.59,72.5,44.14,-9.84,-36.45,17,3.96
NVDA,close_only,5,93,0.0,-10.0,22.43,72.5,52.46,-9.99,-36.45,17,4.22
NVDA,close_only,6,93,26.88,-10.97,8.59,72.5,52.66,-10.05,-36.45,17,3.39
NVDA,close_only,8,93,25.81,-13.39,25.75,72.5,62.18,-10.02,-36.45,17,2.51
NVDA,open_close,2,93,0.0,-9.19,14.49,72.5,21.86,-7.15,-36.45,17,2.39
NVDA,open_close,3,93,0.0,-9.87,15.89,72.5,35.04,-9.16,-36.45,17,4.73
NVDA,open_close,4,93,0.0,-9.99,24.49,72.5,44.66,-9.86,-36.45,17,4.77
NVDA,open_close,5,93,0.0,-10.0,28.75,72.5,55.75,-9.99,-36.45,17,4.99
NVDA,open_close,6,93,11.83,-11.01,22.57,72.5,60.37,-10.06,-36.45,17,4.98
NVDA,open_close,8,93,20.43,-12.6,23.77,72.5,59.53,-10.01,-36.45,17,3.4
TSLA,close_only,2,93,0.0,-9.56,0.32,22.4,11.31,-6.28,-26.84,19,1.48
TSLA,close_only,3,93,0.0,-9.96,-4.26,22.4,4.0,-8.72,-26.84,19,3.09
TSLA,close_only,4,93,0.0,-10.0,-7.05,22.4,-3.19,-9.72,-26.84,19,3.5
TSLA,close_only,5,93,3.23,-10.4,-9.04,22.4,-9.43,-9.97,-26.84,19,3.59
TSLA,close_only,6,93,4.3,-11.46,-9.84,22.4,-12.18,-10.0,-26.84,19,3.1
TSLA,close_only,8,93,41.94,-13.91,-10.0,22.4,-13.06,-10.0,-26.84,19,2.14
TSLA,open_close,2,93,0.0,-9.58,0.12,22.4,11.77,-6.24,-26.84,19,2.08
TSLA,open_close,3,93,0.0,-9.96,-4.66,22.4,5.38,-8.66,-26.84,19,4.08
TSLA,open_close,4,93,0.0,-10.0,-6.76,22.4,-3.11,-9.7,-26.84,19,5.03
TSLA,open_close,5,93,0.0,-10.0,-8.61,22.4,-10.17,-9.96,-26.84,19,5.09
TSLA,open_close,6,93,0.0,-10.0,-9.64,22.4,-13.08,-10.0,-26.84,19,4.15
TSLA,open_close,8,93,8.6,-10.96,-10.0,22.4,-14.01,-10.0,-26.84,19,3.42
QQQ,close_only,2,93,0.0,-6.25,5.2,26.18,19.75,-4.02,-19.43,10,0.58
QQQ,close_only,3,93,0.0,-7.98,7.21,26.18,27.72,-5.91,-19.43,10,1.87
QQQ,close_only,4,93,0.0,-9.04,8.2,26.18,33.27,-7.48,-19.43,10,3.74
QQQ,close_only,5,93,0.0,-9.59,7.28,26.18,35.52,-8.61,-19.43,10,4.64
QQQ,close_only,6,93,0.0,-9.85,6.64,26.18,36.24,-9.29,-19.43,10,5.07
QQQ,close_only,8,93,0.0,-9.98,5.85,26.18,45.11,-9.86,-19.43,10,4.15
QQQ,open_close,2,93,0.0,-6.24,5.25,26.18,19.74,-4.01,-19.43,10,0.81
QQQ,open_close,3,93,0.0,-7.97,7.11,26.18,27.71,-5.88,-19.43,10,2.57
QQQ,open_close,4,93,0.0,-9.03,8.28,26.18,32.32,-7.42,-19.43,10,5.2
QQQ,open_close,5,93,0.0,-9.59,8.12,26.18,37.18,-8.55,-19.43,10,6.44
QQQ,open_close,6,93,0.0,-9.84,8.04,26.18,40.62,-9.23,-19.43,10,7.01
QQQ,open_close,8,93,0.0,-9.98,6.45,26.18,40.16,-9.83,-19.43,10,6.09
SPY,close_only,2,93,0.0,-5.65,2.92,16.56,19.51,-2.78,-12.01,6,0.42
SPY,close_only,3,93,0.0,-7.41,3.95,16.56,28.08,-4.5,-12.01,6,1.31
SPY,close_only,4,93,0.0,-8.59,4.56,16.56,34.79,-6.11,-12.01,6,2.67
SPY,close_only,5,93,0.0,-9.31,4.76,16.56,38.62,-7.32,-12.01,6,3.57
SPY,close_only,6,93,0.0,-9.71,4.89,16.56,45.18,-8.24,-12.01,6,3.99
SPY,close_only,8,93,0.0,-9.98,5.11,16.56,68.22,-9.35,-12.01,6,3.15
SPY,open_close,2,93,0.0,-5.61,2.89,16.56,19.32,-2.73,-12.01,6,0.59
SPY,open_close,3,93,0.0,-7.34,3.85,16.56,27.24,-4.38,-12.01,6,1.83
SPY,open_close,4,93,0.0,-8.5,4.35,16.56,33.05,-5.95,-12.01,6,3.64
SPY,open_close,5,93,0.0,-9.23,4.34,16.56,37.48,-7.28,-12.01,6,5.14
SPY,open_close,6,93,0.0,-9.64,4.07,16.56,41.12,-8.24,-12.01,6,5.74
SPY,open_close,8,93,0.0,-9.96,3.45,16.56,60.07,-9.34,-12.01,6,4.74
AAPL,close_only,2,93,0.0,-6.34,3.82,21.34,18.59,-3.63,-16.22,3,0.75
AAPL,close_only,3,93,0.0,-7.97,4.85,21.34,23.18,-5.63,-16.22,3,2.23
AAPL,close_only,4,93,0.0,-8.97,4.59,21.34,24.15,-7.31,-16.22,3,4.39
AAPL,close_only,5,93,0.0,-9.58,4.99,21.34,26.5,-8.55,-16.22,3,4.9
AAPL,close_only,6,93,0.0,-9.85,3.68,21.34,28.53,-9.34,-16.22,3,4.81
AAPL,close_only,8,93,5.38,-10.38,0.91,21.34,24.53,-9.92,-16.22,3,3.58
AAPL,open_close,2,93,0.0,-6.32,3.73,21.34,18.27,-3.59,-16.22,3,1.02
AAPL,open_close,3,93,0.0,-7.93,4.21,21.34,22.35,-5.53,-16.22,3,3.02
AAPL,open_close,4,93,0.0,-8.97,3.48,21.34,21.29,-7.21,-16.22,3,5.94
AAPL,open_close,5,93,0.0,-9.58,4.09,21.34,23.22,-8.54,-16.22,3,6.66
AAPL,open_close,6,93,0.0,-9.85,1.17,21.34,20.35,-9.33,-16.22,3,6.2
AAPL,open_close,8,93,4.3,-10.39,-1.73,21.34,20.51,-9.91,-16.22,3,4.78
NVDA+AAPL+QQQ,close_only,2,93,0.0,-7.21,9.01,43.09,21.51,-3.73,-15.24,14,0.94
NVDA+AAPL+QQQ,close_only,3,93,0.0,-8.8,12.89,43.09,32.11,-5.86,-15.24,14,2.96
NVDA+AAPL+QQQ,close_only,4,93,0.0,-9.56,15.48,43.09,47.09,-7.54,-15.24,14,4.02
NVDA+AAPL+QQQ,close_only,5,93,0.0,-9.86,16.24,43.09,59.59,-8.6,-15.24,14,4.29
NVDA+AAPL+QQQ,close_only,6,93,0.0,-9.97,18.56,43.09,68.29,-9.33,-15.24,14,4.13
NVDA+AAPL+QQQ,close_only,8,93,6.45,-11.67,19.7,43.09,80.31,-9.88,-15.24,14,2.7
NVDA+AAPL+QQQ,open_close,2,93,0.0,-7.2,8.91,43.09,21.45,-3.72,-15.24,14,1.28
NVDA+AAPL+QQQ,open_close,3,93,0.0,-8.79,12.8,43.09,32.37,-5.94,-15.24,14,4.04
NVDA+AAPL+QQQ,open_close,4,93,0.0,-9.54,17.28,43.09,46.66,-7.63,-15.24,14,5.59
NVDA+AAPL+QQQ,open_close,5,93,0.0,-9.85,17.82,43.09,62.07,-8.7,-15.24,14,5.76
NVDA+AAPL+QQQ,open_close,6,93,0.0,-9.96,17.35,43.09,69.92,-9.33,-15.24,14,5.51
NVDA+AAPL+QQQ,open_close,8,93,0.0,-10.0,26.84,43.09,77.29,-9.89,-15.24,14,3.88
NVDA+TSLA+QQQ,close_only,2,93,0.0,-8.4,10.34,53.34,21.2,-4.41,-17.24,17,1.25
NVDA+TSLA+QQQ,close_only,3,93,0.0,-9.57,13.42,53.34,30.58,-6.82,-17.24,17,3.68
NVDA+TSLA+QQQ,close_only,4,93,0.0,-9.91,18.14,53.34,43.99,-8.52,-17.24,17,4.18
NVDA+TSLA+QQQ,close_only,5,93,0.0,-9.99,19.02,53.34,52.46,-9.34,-17.24,17,4.32
NVDA+TSLA+QQQ,close_only,6,93,0.0,-10.0,23.2,53.34,62.84,-9.74,-17.24,17,3.74
NVDA+TSLA+QQQ,close_only,8,93,3.23,-12.7,17.1,53.34,75.36,-9.97,-17.24,17,2.95
NVDA+TSLA+QQQ,open_close,2,93,0.0,-8.42,10.43,53.34,20.87,-4.49,-17.24,17,1.68
NVDA+TSLA+QQQ,open_close,3,93,0.0,-9.58,13.45,53.34,29.71,-6.9,-17.24,17,4.73
NVDA+TSLA+QQQ,open_close,4,93,0.0,-9.92,16.83,53.34,41.88,-8.62,-17.24,17,5.56
NVDA+TSLA+QQQ,open_close,5,93,0.0,-9.99,16.33,53.34,51.49,-9.41,-17.24,17,6.13
NVDA+TSLA+QQQ,open_close,6,93,0.0,-10.0,21.68,53.34,57.87,-9.74,-17.24,17,5.67
NVDA+TSLA+QQQ,open_close,8,93,0.0,-10.0,16.58,53.34,68.05,-9.98,-17.24,17,4.31
