date,stock_index,vault_value,floor,stock_weight_pct,usdt_weight_pct
2022-01-03,100.0,100.0,90.0,40.0,60.0
2022-01-04,97.254,98.9,90.0,36.01,63.99
2022-01-05,92.658,97.241,90.0,29.801,70.199
2022-01-06,92.614,97.224,90.0,29.723,70.277
2022-01-07,90.165,96.445,90.0,26.742,73.258
2022-01-10,91.266,96.699,90.0,27.721,72.279
2022-01-11,92.366,97.017,90.0,28.937,71.063
2022-01-12,93.9,97.488,90.0,30.724,69.276
2022-01-13,89.412,96.019,90.0,25.093,74.907
2022-01-14,90.531,96.302,90.0,26.183,73.817
2022-01-18,88.067,95.624,90.0,23.528,76.472
2022-01-19,85.804,95.027,90.0,21.171,78.829
2022-01-20,84.404,94.679,90.0,19.776,80.224
2022-01-21,81.241,93.992,90.0,16.996,83.004
2022-01-24,80.964,93.883,90.0,16.548,83.452
2022-01-25,78.791,93.468,90.0,14.842,85.158
2022-01-26,79.821,93.619,90.0,15.468,84.532
2022-01-27,75.511,92.79,90.0,12.041,87.959
2022-01-28,77.852,93.139,90.0,13.484,86.516
2022-01-31,83.323,94.052,90.0,17.241,82.759
2022-02-01,83.522,94.087,90.0,17.376,82.624
2022-02-02,83.666,94.098,90.0,17.426,82.574
2022-02-03,80.658,93.519,90.0,15.051,84.949
2022-02-04,82.385,93.821,90.0,16.295,83.705
2022-02-07,82.151,93.777,90.0,16.113,83.887
2022-02-08,83.322,93.985,90.0,16.964,83.036
2022-02-09,85.978,94.504,90.0,19.066,80.934
2022-02-10,83.54,93.997,90.0,17.011,82.989
2022-02-11,79.263,93.168,90.0,13.613,86.387
2022-02-14,80.131,93.306,90.0,14.176,85.824
2022-02-15,84.671,94.084,90.0,17.368,82.632
2022-02-16,84.71,94.087,90.0,17.377,82.623
2022-02-17,80.297,93.264,90.0,14.004,85.996
2022-02-18,78.456,92.955,90.0,12.72,87.28
2022-02-22,76.832,92.71,90.0,11.691,88.309
2022-02-23,73.286,92.183,90.0,9.482,90.518
2022-02-24,76.766,92.419,90.0,10.48,89.52
2022-02-25,77.895,92.562,90.0,11.074,88.926
2022-02-28,80.159,92.856,90.0,12.306,87.694
2022-03-01,78.569,92.63,90.0,11.359,88.641
2022-03-02,80.312,92.866,90.0,12.348,87.652
2022-03-03,78.135,92.552,90.0,11.032,88.968
2022-03-04,76.872,92.387,90.0,10.338,89.662
2022-03-07,73.127,91.912,90.0,8.328,91.672
2022-03-08,73.799,91.98,90.0,8.613,91.387
2022-03-09,77.431,92.383,90.0,10.319,89.681
2022-03-10,76.124,92.222,90.0,9.64,90.36
2022-03-11,73.673,91.925,90.0,8.38,91.62
2022-03-14,71.451,91.697,90.0,7.404,92.596
2022-03-15,75.136,92.054,90.0,8.929,91.071
2022-03-16,78.923,92.48,90.0,10.729,89.271
2022-03-17,80.514,92.668,90.0,11.522,88.478
2022-03-18,83.932,93.12,90.0,13.408,86.592
2022-03-21,84.638,93.226,90.0,13.841,86.159
2022-03-22,87.201,93.619,90.0,15.466,84.534
2022-03-23,85.958,93.413,90.0,14.614,85.386
2022-03-24,89.832,94.043,90.0,17.2,82.8
2022-03-25,89.223,93.933,90.0,16.748,83.252
2022-03-28,92.639,94.55,90.0,19.255,80.745
2022-03-29,93.867,94.79,90.0,20.215,79.785
2022-03-30,92.308,94.475,90.0,18.949,81.051
2022-03-31,91.017,94.223,90.0,17.93,82.07
2022-04-01,90.518,94.129,90.0,17.546,82.454
2022-04-04,93.564,94.686,90.0,19.804,80.196
2022-04-05,89.767,93.934,90.0,16.761,83.239
2022-04-06,86.111,93.311,90.0,14.196,85.804
2022-04-07,86.261,93.334,90.0,14.288,85.712
2022-04-08,83.702,92.945,90.0,12.678,87.322
2022-04-11,80.242,92.468,90.0,10.677,89.323
2022-04-12,79.927,92.412,90.0,10.442,89.558
2022-04-13,82.291,92.698,90.0,11.644,88.356
2022-04-14,79.494,92.333,90.0,10.11,89.89
2022-04-18,80.688,92.472,90.0,10.695,89.305
2022-04-19,82.44,92.685,90.0,11.591,88.409
2022-04-20,79.791,92.331,90.0,10.104,89.896
2022-04-21,78.492,92.114,90.0,9.189,90.811
2022-04-22,76.844,91.933,90.0,8.415,91.585
2022-04-25,77.502,91.99,90.0,8.654,91.346
2022-04-26,71.933,91.426,90.0,6.245,93.755
2022-04-27,71.568,91.396,90.0,6.109,93.891
2022-04-28,74.078,91.596,90.0,6.969,93.031
2022-04-29,71.235,91.351,90.0,5.919,94.081
2022-05-02,73.771,91.54,90.0,6.731,93.269
2022-05-03,74.056,91.563,90.0,6.83,93.17
2022-05-04,76.99,91.813,90.0,7.901,92.099
2022-05-05,71.68,91.331,90.0,5.833,94.167
2022-05-06,70.971,91.278,90.0,5.6,94.4
2022-05-09,65.713,90.919,90.0,4.044,95.956
2022-05-10,67.173,90.994,90.0,4.372,95.628
2022-05-11,63.432,90.777,90.0,3.428,96.572
2022-05-12,62.631,90.733,90.0,3.234,96.766
2022-05-13,66.574,90.926,90.0,4.073,95.927
2022-05-16,64.458,90.809,90.0,3.567,96.433
2022-05-17,67.256,90.953,90.0,4.191,95.809
2022-05-18,63.102,90.727,90.0,3.207,96.793
2022-05-19,63.209,90.732,90.0,3.225,96.775
2022-05-20,61.263,90.637,90.0,2.814,97.186
2022-05-23,62.19,90.673,90.0,2.971,97.029
2022-05-24,59.401,90.556,90.0,2.458,97.542
2022-05-25,61.65,90.638,90.0,2.817,97.183
2022-05-26,64.806,90.758,90.0,3.344,96.656
2022-05-27,68.257,90.925,90.0,4.071,95.929
2022-05-31,67.988,90.909,90.0,3.999,96.001
2022-06-01,66.858,90.848,90.0,3.734,96.266
2022-06-02,70.058,91.007,90.0,4.427,95.573
2022-06-03,66.258,90.796,90.0,3.509,96.491
2022-06-06,66.764,90.816,90.0,3.593,96.407
2022-06-07,67.179,90.832,90.0,3.665,96.335
2022-06-08,66.973,90.822,90.0,3.62,96.38
2022-06-09,65.457,90.746,90.0,3.288,96.712
2022-06-10,62.709,90.624,90.0,2.756,97.244
2022-06-13,58.618,90.468,90.0,2.071,97.929
2022-06-14,59.356,90.492,90.0,2.175,97.825
2022-06-15,61.798,90.575,90.0,2.538,97.462
2022-06-16,58.054,90.441,90.0,1.952,98.048
2022-06-17,58.967,90.469,90.0,2.074,97.926
2022-06-21,62.151,90.574,90.0,2.536,97.464
2022-06-22,61.78,90.559,90.0,2.471,97.529
2022-06-23,61.828,90.561,90.0,2.476,97.524
2022-06-24,64.611,90.664,90.0,2.93,97.07
2022-06-27,64.061,90.64,90.0,2.823,97.177
2022-06-28,61.219,90.526,90.0,2.324,97.676
2022-06-29,60.31,90.495,90.0,2.186,97.814
2022-06-30,59.212,90.459,90.0,2.029,97.971
2022-07-01,58.76,90.445,90.0,1.968,98.032
2022-07-05,60.19,90.483,90.0,2.138,97.862
2022-07-06,60.426,90.491,90.0,2.17,97.83
2022-07-07,62.94,90.574,90.0,2.538,97.462
2022-07-08,63.473,90.591,90.0,2.611,97.389
2022-07-11,60.719,90.49,90.0,2.168,97.832
2022-07-12,60.32,90.476,90.0,2.107,97.893
2022-07-13,60.73,90.483,90.0,2.137,97.863
2022-07-14,61.189,90.497,90.0,2.198,97.802
2022-07-15,62.227,90.531,90.0,2.347,97.653
2022-07-18,62.539,90.539,90.0,2.383,97.617
2022-07-19,64.765,90.618,90.0,2.728,97.272
2022-07-20,66.316,90.677,90.0,2.988,97.012
2022-07-21,69.097,90.793,90.0,3.496,96.504
2022-07-22,67.806,90.733,90.0,3.234,96.766
2022-07-25,66.976,90.698,90.0,3.078,96.922
2022-07-26,65.097,90.621,90.0,2.74,97.26
2022-07-27,69.002,90.775,90.0,3.416,96.584
2022-07-28,69.986,90.82,90.0,3.61,96.39
2022-07-29,71.994,90.913,90.0,4.017,95.983
2022-08-01,72.357,90.931,90.0,4.096,95.904
2022-08-02,72.664,90.945,90.0,4.155,95.845
2022-08-03,74.353,91.032,90.0,4.537,95.463
2022-08-04,74.991,91.068,90.0,4.69,95.31
2022-08-05,72.835,90.947,90.0,4.166,95.834
2022-08-08,71.417,90.874,90.0,3.845,96.155
2022-08-09,69.621,90.787,90.0,3.468,96.532
2022-08-10,72.545,90.921,90.0,4.052,95.948
2022-08-11,71.565,90.87,90.0,3.83,96.17
2022-08-12,74.165,90.998,90.0,4.39,95.61
2022-08-15,75.557,91.073,90.0,4.715,95.285
2022-08-16,75.071,91.046,90.0,4.594,95.406
2022-08-17,73.855,90.978,90.0,4.301,95.699
2022-08-18,74.411,91.008,90.0,4.43,95.57
2022-08-19,72.199,90.89,90.0,3.919,96.081
2022-08-22,69.918,90.78,90.0,3.438,96.562
2022-08-23,70.626,90.812,90.0,3.576,96.424
2022-08-24,70.801,90.82,90.0,3.61,96.39
2022-08-25,72.084,90.879,90.0,3.869,96.131
2022-08-26,68.234,90.69,90.0,3.048,96.952
2022-08-29,67.11,90.645,90.0,2.847,97.153
2022-08-30,65.83,90.594,90.0,2.622,97.378
2022-08-31,65.007,90.563,90.0,2.488,97.512
2022-09-01,63.477,90.51,90.0,2.252,97.748
2022-09-02,62.207,90.466,90.0,2.062,97.938
2022-09-06,62.105,90.463,90.0,2.047,97.953
2022-09-07,63.612,90.508,90.0,2.245,97.755
2022-09-08,64.565,90.536,90.0,2.37,97.63
2022-09-09,66.421,90.599,90.0,2.645,97.355
2022-09-12,67.216,90.628,90.0,2.77,97.23
2022-09-13,62.96,90.476,90.0,2.104,97.896
2022-09-14,63.875,90.504,90.0,2.226,97.774
2022-09-15,63.278,90.485,90.0,2.143,97.857
2022-09-16,63.56,90.492,90.0,2.175,97.825
2022-09-19,64.42,90.517,90.0,2.283,97.717
2022-09-20,63.895,90.5,90.0,2.208,97.792
2022-09-21,63.104,90.475,90.0,2.099,97.901
2022-09-22,60.88,90.409,90.0,1.809,98.191
2022-09-23,59.545,90.373,90.0,1.653,98.347
2022-09-26,59.055,90.361,90.0,1.599,98.401
2022-09-27,59.855,90.38,90.0,1.681,98.319
2022-09-28,61.114,90.412,90.0,1.822,98.178
2022-09-29,58.315,90.339,90.0,1.5,98.5
2022-09-30,57.642,90.323,90.0,1.431,98.569
2022-10-03,57.028,90.309,90.0,1.37,98.63
2022-10-04,59.172,90.357,90.0,1.58,98.42
2022-10-05,58.542,90.341,90.0,1.51,98.49
2022-10-06,58.055,90.33,90.0,1.46,98.54
2022-10-07,54.54,90.253,90.0,1.123,98.877
2022-10-10,53.738,90.238,90.0,1.057,98.943
2022-10-11,52.844,90.223,90.0,0.987,99.013
2022-10-12,52.768,90.221,90.0,0.981,99.019
2022-10-13,54.247,90.239,90.0,1.059,98.941
2022-10-14,51.23,90.184,90.0,0.816,99.184
2022-10-17,53.996,90.225,90.0,0.998,99.002
2022-10-18,54.327,90.227,90.0,1.008,98.992
2022-10-19,54.54,90.231,90.0,1.023,98.977
2022-10-20,53.455,90.212,90.0,0.941,99.059
2022-10-21,54.885,90.235,90.0,1.04,98.96
2022-10-24,55.01,90.236,90.0,1.047,98.953
2022-10-25,57.322,90.276,90.0,1.223,98.777
2022-10-26,56.565,90.261,90.0,1.155,98.845
2022-10-27,56.668,90.261,90.0,1.155,98.845
2022-10-28,58.478,90.294,90.0,1.301,98.699
2022-10-31,57.693,90.278,90.0,1.231,98.769
2022-11-01,57.585,90.274,90.0,1.214,98.786
2022-11-02,55.386,90.231,90.0,1.026,98.974
2022-11-03,55.336,90.23,90.0,1.019,98.981
2022-11-04,55.971,90.239,90.0,1.058,98.942
2022-11-07,55.433,90.229,90.0,1.016,98.984
2022-11-08,55.415,90.229,90.0,1.014,98.986
2022-11-09,52.62,90.184,90.0,0.815,99.185
2022-11-10,57.724,90.259,90.0,1.149,98.851
2022-11-11,59.313,90.287,90.0,1.271,98.729
2022-11-14,58.595,90.273,90.0,1.21,98.79
2022-11-15,59.665,90.292,90.0,1.295,98.705
2022-11-16,57.724,90.255,90.0,1.131,98.869
2022-11-17,57.014,90.242,90.0,1.074,98.926
2022-11-18,56.38,90.231,90.0,1.022,98.978
2022-11-21,54.79,90.205,90.0,0.909,99.091
2022-11-22,56.135,90.225,90.0,0.999,99.001
2022-11-23,58.347,90.261,90.0,1.158,98.842
2022-11-25,57.89,90.253,90.0,1.122,98.878
2022-11-28,57.088,90.239,90.0,1.06,98.94
2022-11-29,56.5,90.229,90.0,1.016,98.984
2022-11-30,60.355,90.292,90.0,1.295,98.705
2022-12-01,60.632,90.297,90.0,1.318,98.682
2022-12-02,60.262,90.289,90.0,1.281,98.719
2022-12-05,58.329,90.253,90.0,1.121,98.879
2022-12-06,56.917,90.228,90.0,1.013,98.987
2022-12-07,56.387,90.22,90.0,0.974,99.026
2022-12-08,57.768,90.241,90.0,1.07,98.93
2022-12-09,58.08,90.246,90.0,1.092,98.908
2022-12-12,57.717,90.24,90.0,1.065,98.935
2022-12-13,57.725,90.234,90.0,1.039,98.961
2022-12-14,56.662,90.217,90.0,0.963,99.037
2022-12-15,55.361,90.197,90.0,0.875,99.125
2022-12-16,53.9,90.176,90.0,0.782,99.218
2022-12-19,53.261,90.167,90.0,0.743,99.257
2022-12-20,51.633,90.147,90.0,0.654,99.346
2022-12-21,52.299,90.155,90.0,0.688,99.312
2022-12-22,49.096,90.118,90.0,0.526,99.474
2022-12-23,48.704,90.115,90.0,0.509,99.491
2022-12-27,45.464,90.085,90.0,0.379,99.621
2022-12-28,45.674,90.087,90.0,0.385,99.615
2022-12-29,47.89,90.104,90.0,0.462,99.538
2022-12-30,48.071,90.105,90.0,0.467,99.533
2023-01-03,45.673,90.084,90.0,0.375,99.625
2023-01-04,46.988,90.094,90.0,0.419,99.581
