kind,pool,block,floor,every,m,breach,mbreach,worst,median,n
block_bootstrap,S&P 500 1928-2026,21,0.8,1,1.0,0.0,0.0,-0.11585660504190665,0.014269560636308576,6000
block_bootstrap,S&P 500 1928-2026,21,0.8,1,1.5,0.0,0.0,-0.14792916870569428,0.01888943238806573,6000
block_bootstrap,S&P 500 1928-2026,21,0.8,1,2.0,0.0,0.0,-0.1694343522617595,0.021565135183761797,6000
block_bootstrap,S&P 500 1928-2026,21,0.8,1,2.5,0.0,0.0,-0.18144136544380252,0.022809203527255573,6000
block_bootstrap,S&P 500 1928-2026,21,0.8,1,3.0,0.0,0.0,-0.1896214571426763,0.022163758981078807,6000
block_bootstrap,S&P 500 1928-2026,21,0.8,1,3.5,0.0,0.0,-0.19452227347252993,0.021017619133056886,6000
block_bootstrap,S&P 500 1928-2026,21,0.8,1,4.0,0.0,0.0,-0.19831531450299744,0.023354922373259868,6000
block_bootstrap,S&P 500 1928-2026,21,0.8,1,4.5,0.00016666666666666666,0.0,-0.20102503084541146,0.03080025435443723,6000
block_bootstrap,S&P 500 1928-2026,21,0.8,1,5.0,0.009666666666666667,0.0,-0.20562341850829813,0.03963227323752605,6000
block_bootstrap,S&P 500 1928-2026,21,0.8,1,5.5,0.009666666666666667,0.005833333333333334,-0.22194932766550268,0.04692215575503722,6000
block_bootstrap,S&P 500 1928-2026,21,0.8,1,6.0,0.010166666666666666,0.007666666666666666,-0.23729306968519992,0.052191815714502265,6000
block_bootstrap,S&P 500 1928-2026,21,0.8,1,6.5,0.010666666666666666,0.007833333333333333,-0.24925612071968817,0.05526204001143231,6000
block_bootstrap,S&P 500 1928-2026,21,0.8,1,7.0,0.011833333333333333,0.007833333333333333,-0.2586936036081722,0.05789795586080215,6000
block_bootstrap,S&P 500 1928-2026,21,0.8,1,7.5,0.0135,0.007833333333333333,-0.2637568000779241,0.0599543333362893,6000
block_bootstrap,S&P 500 1928-2026,21,0.8,1,8.0,0.016666666666666666,0.007833333333333333,-0.2736631176035712,0.06165659142415647,6000
block_bootstrap,S&P 500 1928-2026,21,0.8,5,1.0,0.0,0.0,-0.11585660504190665,0.014269560636308576,6000
block_bootstrap,S&P 500 1928-2026,21,0.8,5,1.5,0.0,0.0,-0.14976270552664506,0.0193573475356823,6000
block_bootstrap,S&P 500 1928-2026,21,0.8,5,2.0,0.0,0.0,-0.17164526183568518,0.02221471928590457,6000
block_bootstrap,S&P 500 1928-2026,21,0.8,5,2.5,0.0,0.0,-0.18576231773599394,0.023850327235411806,6000
block_bootstrap,S&P 500 1928-2026,21,0.8,5,3.0,0.0,0.0,-0.19488422187458065,0.024191875310373145,6000
block_bootstrap,S&P 500 1928-2026,21,0.8,5,3.5,0.00016666666666666666,0.0,-0.20004561141841226,0.024188283373725028,6000
block_bootstrap,S&P 500 1928-2026,21,0.8,5,4.0,0.0036666666666666666,0.0028333333333333335,-0.22988899573381438,0.02730476075832966,6000
block_bootstrap,S&P 500 1928-2026,21,0.8,5,4.5,0.004833333333333334,0.0045,-0.2513356237530523,0.03486602360627544,6000
block_bootstrap,S&P 500 1928-2026,21,0.8,5,5.0,0.006666666666666667,0.005166666666666667,-0.2665465305794006,0.04346025007867471,6000
block_bootstrap,S&P 500 1928-2026,21,0.8,5,5.5,0.012666666666666666,0.006,-0.2810528672579198,0.050707147735924885,6000
block_bootstrap,S&P 500 1928-2026,21,0.8,5,6.0,0.019,0.008833333333333334,-0.3002584500976362,0.055387416955301916,6000
block_bootstrap,S&P 500 1928-2026,21,0.8,5,6.5,0.0255,0.0125,-0.31101294168859905,0.05811449662333401,6000
block_bootstrap,S&P 500 1928-2026,21,0.8,5,7.0,0.029833333333333333,0.0145,-0.32608380058529096,0.061139526675151545,6000
block_bootstrap,S&P 500 1928-2026,21,0.8,5,7.5,0.035,0.017833333333333333,-0.32743930267023513,0.06280167658766223,6000
block_bootstrap,S&P 500 1928-2026,21,0.8,5,8.0,0.0415,0.020833333333333332,-0.32743930267023513,0.06395705707506938,6000
block_bootstrap,S&P 500 1928-2026,21,0.9,1,1.0,0.0,0.0,-0.05792830252095338,0.007134780318154288,6000
block_bootstrap,S&P 500 1928-2026,21,0.9,1,1.5,0.0,0.0,-0.0752696612863154,0.010058834400751948,6000
block_bootstrap,S&P 500 1928-2026,21,0.9,1,2.0,0.0,0.0,-0.08479295415602273,0.010887248503752556,6000
block_bootstrap,S&P 500 1928-2026,21,0.9,1,2.5,0.0,0.0,-0.09108585328732599,0.01124458177075005,6000
block_bootstrap,S&P 500 1928-2026,21,0.9,1,3.0,0.0,0.0,-0.09514408258179785,0.010977016496831249,6000
block_bootstrap,S&P 500 1928-2026,21,0.9,1,3.5,0.0,0.0,-0.09756121632107428,0.009817589944066896,6000
block_bootstrap,S&P 500 1928-2026,21,0.9,1,4.0,0.0,0.0,-0.09902597451016226,0.007939137299437071,6000
block_bootstrap,S&P 500 1928-2026,21,0.9,1,4.5,0.00016666666666666666,0.0,-0.10016702375614872,0.0053260041499954,6000
block_bootstrap,S&P 500 1928-2026,21,0.9,1,5.0,0.011833333333333333,0.0,-0.10432081429589823,0.002304983115793968,6000
block_bootstrap,S&P 500 1928-2026,21,0.9,1,5.5,0.0125,0.0021666666666666666,-0.12741027791830606,-0.0011363049342633103,6000
block_bootstrap,S&P 500 1928-2026,21,0.9,1,6.0,0.012666666666666666,0.005833333333333334,-0.13726865395788224,-0.004364190539100532,6000
block_bootstrap,S&P 500 1928-2026,21,0.9,1,6.5,0.013333333333333334,0.0075,-0.15316777311667273,-0.007021379769816205,6000
block_bootstrap,S&P 500 1928-2026,21,0.9,1,7.0,0.015833333333333335,0.008166666666666666,-0.15917331855249572,-0.009220274514357252,6000
block_bootstrap,S&P 500 1928-2026,21,0.9,1,7.5,0.019666666666666666,0.008333333333333333,-0.17006071027035385,-0.011481027308664182,6000
block_bootstrap,S&P 500 1928-2026,21,0.9,1,8.0,0.024166666666666666,0.008333333333333333,-0.17835728968442832,-0.012911832953511615,6000
block_bootstrap,S&P 500 1928-2026,21,0.9,5,1.0,0.0,0.0,-0.05792830252095338,0.007134780318154288,6000
block_bootstrap,S&P 500 1928-2026,21,0.9,5,1.5,0.0,0.0,-0.07626009956247704,0.01011835466079991,6000
block_bootstrap,S&P 500 1928-2026,21,0.9,5,2.0,0.0,0.0,-0.086150456055899,0.011420020133617426,6000
block_bootstrap,S&P 500 1928-2026,21,0.9,5,2.5,0.0,0.0,-0.0933136723385164,0.011839106125123067,6000
block_bootstrap,S&P 500 1928-2026,21,0.9,5,3.0,0.0,0.0,-0.09800345238372377,0.01202349156486937,6000
block_bootstrap,S&P 500 1928-2026,21,0.9,5,3.5,0.0003333333333333333,0.0,-0.10032259277145328,0.011144662190706534,6000
block_bootstrap,S&P 500 1928-2026,21,0.9,5,4.0,0.004,0.0011666666666666668,-0.12094761319449443,0.009252877047193131,6000
block_bootstrap,S&P 500 1928-2026,21,0.9,5,4.5,0.005333333333333333,0.003833333333333333,-0.15125835759351158,0.007006545683751142,6000
block_bootstrap,S&P 500 1928-2026,21,0.9,5,5.0,0.009833333333333333,0.0055,-0.1869902391738757,0.003998412324422329,6000
block_bootstrap,S&P 500 1928-2026,21,0.9,5,5.5,0.016833333333333332,0.007,-0.17042901009593037,0.0014289360063388656,6000
block_bootstrap,S&P 500 1928-2026,21,0.9,5,6.0,0.0285,0.0095,-0.18780444164943288,-0.00154742314659706,6000
block_bootstrap,S&P 500 1928-2026,21,0.9,5,6.5,0.03933333333333333,0.0135,-0.21403736858433853,-0.00434028572692402,6000
block_bootstrap,S&P 500 1928-2026,21,0.9,5,7.0,0.051166666666666666,0.019166666666666665,-0.24161758944256362,-0.0061947860008699784,6000
block_bootstrap,S&P 500 1928-2026,21,0.9,5,7.5,0.06333333333333334,0.024333333333333332,-0.24880283414931836,-0.00668269754924633,6000
block_bootstrap,S&P 500 1928-2026,21,0.9,5,8.0,0.07583333333333334,0.030666666666666665,-0.2451841579655749,-0.007058449994016169,6000
block_bootstrap,S&P 500 1928-2026,21,0.95,1,1.0,0.0,0.0,-0.02896415126047669,0.003567390159077144,6000
block_bootstrap,S&P 500 1928-2026,21,0.95,1,1.5,0.0,0.0,-0.039218093841609125,0.0053210213220147295,6000
block_bootstrap,S&P 500 1928-2026,21,0.95,1,2.0,0.0,0.0,-0.04336192950509421,0.005976198402465105,6000
block_bootstrap,S&P 500 1928-2026,21,0.95,1,2.5,0.0,0.0,-0.04615057082556484,0.005783996934459523,6000
block_bootstrap,S&P 500 1928-2026,21,0.95,1,3.0,0.0,0.0,-0.048065124749839705,0.005622639545504349,6000
block_bootstrap,S&P 500 1928-2026,21,0.95,1,3.5,0.0,0.0,-0.04914619989858171,0.005003394592284938,6000
block_bootstrap,S&P 500 1928-2026,21,0.95,1,4.0,0.0003333333333333333,0.0,-0.050097031460172636,0.003935331551400578,6000
block_bootstrap,S&P 500 1928-2026,21,0.95,1,4.5,0.0008333333333333334,0.0,-0.05111615701445138,0.0024456824018175283,6000
block_bootstrap,S&P 500 1928-2026,21,0.95,1,5.0,0.012166666666666666,0.0,-0.052856118895291404,0.0005364749582128514,6000
block_bootstrap,S&P 500 1928-2026,21,0.95,1,5.5,0.013666666666666667,0.00016666666666666666,-0.06465224713228879,-0.0014684146022173605,6000
block_bootstrap,S&P 500 1928-2026,21,0.95,1,6.0,0.0145,0.0021666666666666666,-0.07762218533869114,-0.0036902929899951253,6000
block_bootstrap,S&P 500 1928-2026,21,0.95,1,6.5,0.0155,0.0035,-0.09336243635898112,-0.006159768560290102,6000
block_bootstrap,S&P 500 1928-2026,21,0.95,1,7.0,0.019,0.004166666666666667,-0.11252329131667216,-0.008941457641107431,6000
block_bootstrap,S&P 500 1928-2026,21,0.95,1,7.5,0.025666666666666667,0.005,-0.11872370673428034,-0.011806474210961815,6000
block_bootstrap,S&P 500 1928-2026,21,0.95,1,8.0,0.031,0.005,-0.11360590134655324,-0.014633356023487032,6000
block_bootstrap,S&P 500 1928-2026,21,0.95,5,1.0,0.0,0.0,-0.02896415126047669,0.003567390159077144,6000
block_bootstrap,S&P 500 1928-2026,21,0.95,5,1.5,0.0,0.0,-0.03911845364573818,0.0053289352930585565,6000
block_bootstrap,S&P 500 1928-2026,21,0.95,5,2.0,0.0,0.0,-0.04436974673868288,0.006145331062126669,6000
block_bootstrap,S&P 500 1928-2026,21,0.95,5,2.5,0.0,0.0,-0.04740792640734737,0.006162732495028189,6000
block_bootstrap,S&P 500 1928-2026,21,0.95,5,3.0,0.0,0.0,-0.0493552388534112,0.005956567790043277,6000
block_bootstrap,S&P 500 1928-2026,21,0.95,5,3.5,0.0006666666666666666,0.0,-0.05115946627615575,0.005488994541919645,6000
block_bootstrap,S&P 500 1928-2026,21,0.95,5,4.0,0.004666666666666667,0.00016666666666666666,-0.060597063388461936,0.004874553146499316,6000
block_bootstrap,S&P 500 1928-2026,21,0.95,5,4.5,0.006166666666666667,0.0016666666666666668,-0.07494382215725137,0.0032874478377742378,6000
block_bootstrap,S&P 500 1928-2026,21,0.95,5,5.0,0.012166666666666666,0.0035,-0.0906518517527588,0.001635531578942473,6000
block_bootstrap,S&P 500 1928-2026,21,0.95,5,5.5,0.018833333333333334,0.0065,-0.10738226746071189,-0.0006352222391976525,6000
block_bootstrap,S&P 500 1928-2026,21,0.95,5,6.0,0.03133333333333333,0.007666666666666666,-0.12573682281619902,-0.0031272401585655807,6000
block_bootstrap,S&P 500 1928-2026,21,0.95,5,6.5,0.04633333333333333,0.009333333333333334,-0.15441502933328077,-0.0055759081780728526,6000
block_bootstrap,S&P 500 1928-2026,21,0.95,5,7.0,0.059833333333333336,0.012166666666666666,-0.18475691951397288,-0.008558966673964719,6000
block_bootstrap,S&P 500 1928-2026,21,0.95,5,7.5,0.07433333333333333,0.0165,-0.19939044087729607,-0.011625288165890701,6000
block_bootstrap,S&P 500 1928-2026,21,0.95,5,8.0,0.09,0.023166666666666665,-0.19102360046895317,-0.014560599897145865,6000
block_bootstrap,US index/ETF pool,21,0.8,1,1.0,0.0,0.0,-0.12617125616646474,0.02178315228505978,6000
block_bootstrap,US index/ETF pool,21,0.8,1,1.5,0.0,0.0,-0.15805776518047376,0.02833739628719867,6000
block_bootstrap,US index/ETF pool,21,0.8,1,2.0,0.0,0.0,-0.1759637731504078,0.03120040812897229,6000
block_bootstrap,US index/ETF pool,21,0.8,1,2.5,0.0,0.0,-0.1873308470060645,0.03006285054033575,6000
block_bootstrap,US index/ETF pool,21,0.8,1,3.0,0.0,0.0,-0.19370422604914506,0.026491766587469545,6000
block_bootstrap,US index/ETF pool,21,0.8,1,3.5,0.0,0.0,-0.19768022309689204,0.023845297089305717,6000
block_bootstrap,US index/ETF pool,21,0.8,1,4.0,0.0,0.0,-0.19899490165468736,0.027230659127416956,6000
block_bootstrap,US index/ETF pool,21,0.8,1,4.5,0.00016666666666666666,0.0,-0.20133608614840204,0.03780575095387828,6000
block_bootstrap,US index/ETF pool,21,0.8,1,5.0,0.0021666666666666666,0.0,-0.2045340382915024,0.05035909345122902,6000
block_bootstrap,US index/ETF pool,21,0.8,1,5.5,0.0025,0.0005,-0.21805950344677605,0.06040601721213035,6000
block_bootstrap,US index/ETF pool,21,0.8,1,6.0,0.005666666666666667,0.0006666666666666666,-0.23117392285257832,0.06625004611155694,6000
block_bootstrap,US index/ETF pool,21,0.8,1,6.5,0.014333333333333333,0.001,-0.24494950907949264,0.0709441705935343,6000
block_bootstrap,US index/ETF pool,21,0.8,1,7.0,0.0195,0.0023333333333333335,-0.25705526571315085,0.07539247510714575,6000
block_bootstrap,US index/ETF pool,21,0.8,1,7.5,0.023166666666666665,0.004666666666666667,-0.25705526571315085,0.07789845649682325,6000
block_bootstrap,US index/ETF pool,21,0.8,1,8.0,0.03183333333333333,0.005333333333333333,-0.25705526571315085,0.08107679806338774,6000
block_bootstrap,US index/ETF pool,21,0.8,5,1.0,0.0,0.0,-0.12617125616646474,0.02178315228505978,6000
block_bootstrap,US index/ETF pool,21,0.8,5,1.5,0.0,0.0,-0.15935254721329495,0.02901236069531299,6000
block_bootstrap,US index/ETF pool,21,0.8,5,2.0,0.0,0.0,-0.17948899823282904,0.032785678549328345,6000
block_bootstrap,US index/ETF pool,21,0.8,5,2.5,0.0,0.0,-0.18930111749206902,0.03287940322006411,6000
block_bootstrap,US index/ETF pool,21,0.8,5,3.0,0.0,0.0,-0.1954644314856906,0.030303458916314252,6000
block_bootstrap,US index/ETF pool,21,0.8,5,3.5,0.0025,0.0005,-0.2167846018713817,0.030344518657093644,6000
block_bootstrap,US index/ETF pool,21,0.8,5,4.0,0.006666666666666667,0.0036666666666666666,-0.246653721219537,0.03730688990483477,6000
block_bootstrap,US index/ETF pool,21,0.8,5,4.5,0.014666666666666666,0.007833333333333333,-0.266829551208031,0.04918180385144577,6000
block_bootstrap,US index/ETF pool,21,0.8,5,5.0,0.02,0.0115,-0.30043977369820485,0.0620117317924922,6000
block_bootstrap,US index/ETF pool,21,0.8,5,5.5,0.030833333333333334,0.0145,-0.307341275116093,0.0708229741685038,6000
block_bootstrap,US index/ETF pool,21,0.8,5,6.0,0.04083333333333333,0.019833333333333335,-0.32751084678436726,0.07673305769979821,6000
block_bootstrap,US index/ETF pool,21,0.8,5,6.5,0.050166666666666665,0.024666666666666667,-0.32640939634122756,0.08060455123207189,6000
block_bootstrap,US index/ETF pool,21,0.8,5,7.0,0.059333333333333335,0.029833333333333333,-0.32640939634122756,0.08417423403323543,6000
block_bootstrap,US index/ETF pool,21,0.8,5,7.5,0.07083333333333333,0.034166666666666665,-0.32640939634122756,0.086917602368908,6000
block_bootstrap,US index/ETF pool,21,0.8,5,8.0,0.08333333333333333,0.03816666666666667,-0.32640939634122756,0.08852734598740031,6000
block_bootstrap,US index/ETF pool,21,0.9,1,1.0,0.0,0.0,-0.06308562808323237,0.01089157614252989,6000
block_bootstrap,US index/ETF pool,21,0.9,1,1.5,0.0,0.0,-0.08041442476998484,0.0147701255682815,6000
block_bootstrap,US index/ETF pool,21,0.9,1,2.0,0.0,0.0,-0.08862447905231785,0.015617272946709448,6000
block_bootstrap,US index/ETF pool,21,0.9,1,2.5,0.0,0.0,-0.09444287081109082,0.015121854742268459,6000
block_bootstrap,US index/ETF pool,21,0.9,1,3.0,0.0,0.0,-0.09807483893530222,0.012863595883617851,6000
block_bootstrap,US index/ETF pool,21,0.9,1,3.5,0.00016666666666666666,0.0,-0.10014208206172992,0.008688375205192056,6000
block_bootstrap,US index/ETF pool,21,0.9,1,4.0,0.0005,0.0,-0.10075984882002431,0.0028238449886202055,6000
block_bootstrap,US index/ETF pool,21,0.9,1,4.5,0.0015,0.0,-0.10035244123974929,-0.003156951764734739,6000
block_bootstrap,US index/ETF pool,21,0.9,1,5.0,0.0033333333333333335,0.0,-0.10204508223111286,-0.00928025880811989,6000
block_bootstrap,US index/ETF pool,21,0.9,1,5.5,0.005166666666666667,0.0,-0.10949630953237932,-0.015743724143838733,6000
block_bootstrap,US index/ETF pool,21,0.9,1,6.0,0.011166666666666667,0.00016666666666666666,-0.1160202239723126,-0.02107709795839241,6000
block_bootstrap,US index/ETF pool,21,0.9,1,6.5,0.025166666666666667,0.001,-0.1221033312903026,-0.026819124345345502,6000
block_bootstrap,US index/ETF pool,21,0.9,1,7.0,0.035,0.0023333333333333335,-0.12775627365494158,-0.032343866708787194,6000
block_bootstrap,US index/ETF pool,21,0.9,1,7.5,0.04516666666666667,0.004,-0.13345683649451856,-0.037002124970285655,6000
block_bootstrap,US index/ETF pool,21,0.9,1,8.0,0.063,0.0045,-0.13861906888859088,-0.040242399980561894,6000
block_bootstrap,US index/ETF pool,21,0.9,5,1.0,0.0,0.0,-0.06308562808323237,0.01089157614252989,6000
block_bootstrap,US index/ETF pool,21,0.9,5,1.5,0.0,0.0,-0.08101304049188796,0.01492229667244116,6000
block_bootstrap,US index/ETF pool,21,0.9,5,2.0,0.0,0.0,-0.08961846588936251,0.016387618746959376,6000
block_bootstrap,US index/ETF pool,21,0.9,5,2.5,0.0,0.0,-0.09489752582430988,0.016487723149547495,6000
block_bootstrap,US index/ETF pool,21,0.9,5,3.0,0.0,0.0,-0.09824856481313538,0.014815457053565018,6000
block_bootstrap,US index/ETF pool,21,0.9,5,3.5,0.0036666666666666666,0.0,-0.1088299029173091,0.011040470946153569,6000
block_bootstrap,US index/ETF pool,21,0.9,5,4.0,0.0085,0.0031666666666666666,-0.14974385069317142,0.006610003939558684,6000
block_bootstrap,US index/ETF pool,21,0.9,5,4.5,0.020166666666666666,0.008333333333333333,-0.1711526280996829,0.001299491358789595,6000
block_bootstrap,US index/ETF pool,21,0.9,5,5.0,0.0305,0.0145,-0.20301171925555872,-0.0041227698225593246,6000
block_bootstrap,US index/ETF pool,21,0.9,5,5.5,0.049166666666666664,0.02,-0.2235827877044101,-0.009304717989776945,6000
block_bootstrap,US index/ETF pool,21,0.9,5,6.0,0.06716666666666667,0.0275,-0.23219960544938723,-0.014229793678170899,6000
block_bootstrap,US index/ETF pool,21,0.9,5,6.5,0.08483333333333333,0.034166666666666665,-0.24584318747771938,-0.01963635708702105,6000
block_bootstrap,US index/ETF pool,21,0.9,5,7.0,0.109,0.04133333333333333,-0.24070281229940227,-0.02411211861646767,6000
block_bootstrap,US index/ETF pool,21,0.9,5,7.5,0.13366666666666666,0.04783333333333333,-0.2709848079359928,-0.028739721200190083,6000
block_bootstrap,US index/ETF pool,21,0.9,5,8.0,0.159,0.060333333333333336,-0.26948839499854316,-0.03140369697544432,6000
block_bootstrap,US index/ETF pool,21,0.95,1,1.0,0.0,0.0,-0.031542814041616185,0.005445788071265056,6000
block_bootstrap,US index/ETF pool,21,0.95,1,1.5,0.0,0.0,-0.0420340571597434,0.008039038812764687,6000
block_bootstrap,US index/ETF pool,21,0.95,1,2.0,0.0,0.0,-0.04567837165158062,0.008339296077379377,6000
block_bootstrap,US index/ETF pool,21,0.95,1,2.5,0.0,0.0,-0.048829785916131185,0.00783945279969478,6000
block_bootstrap,US index/ETF pool,21,0.95,1,3.0,0.0,0.0,-0.04959950809092084,0.00658435527130985,6000
block_bootstrap,US index/ETF pool,21,0.95,1,3.5,0.0,0.0,-0.049905519335239346,0.0045833112502498,6000
block_bootstrap,US index/ETF pool,21,0.95,1,4.0,0.001,0.0,-0.050641583337542984,0.0017948295839076422,6000
block_bootstrap,US index/ETF pool,21,0.95,1,4.5,0.0031666666666666666,0.0,-0.05090721884986371,-0.0016619987297128436,6000
block_bootstrap,US index/ETF pool,21,0.95,1,5.0,0.006,0.0,-0.05275143143813821,-0.00581300912932492,6000
block_bootstrap,US index/ETF pool,21,0.95,1,5.5,0.011,0.00016666666666666666,-0.06290258006608296,-0.01009089069741298,6000
block_bootstrap,US index/ETF pool,21,0.95,1,6.0,0.021,0.00016666666666666666,-0.07285478684727265,-0.01450545710434814,6000
block_bootstrap,US index/ETF pool,21,0.95,1,6.5,0.035333333333333335,0.0005,-0.08214846943784981,-0.018582946545143475,6000
block_bootstrap,US index/ETF pool,21,0.95,1,7.0,0.04833333333333333,0.0013333333333333333,-0.09273020354943595,-0.022849556474382027,6000
block_bootstrap,US index/ETF pool,21,0.95,1,7.5,0.066,0.002,-0.10411464117555935,-0.026524066211009112,6000
block_bootstrap,US index/ETF pool,21,0.95,1,8.0,0.085,0.0031666666666666666,-0.11770843310700874,-0.030217178571988246,6000
block_bootstrap,US index/ETF pool,21,0.95,5,1.0,0.0,0.0,-0.031542814041616185,0.005445788071265056,6000
block_bootstrap,US index/ETF pool,21,0.95,5,1.5,0.0,0.0,-0.04175426306015062,0.008095422922060003,6000
block_bootstrap,US index/ETF pool,21,0.95,5,2.0,0.0,0.0,-0.04564222479198066,0.008641506944847999,6000
block_bootstrap,US index/ETF pool,21,0.95,5,2.5,0.0,0.0,-0.0477548116095623,0.00828917028925158,6000
block_bootstrap,US index/ETF pool,21,0.95,5,3.0,0.00016666666666666666,0.0,-0.05028950305290247,0.007488767868167656,6000
block_bootstrap,US index/ETF pool,21,0.95,5,3.5,0.0036666666666666666,0.0,-0.05525070652705799,0.005723973887702849,6000
block_bootstrap,US index/ETF pool,21,0.95,5,4.0,0.010166666666666666,0.0015,-0.07459940712333302,0.003066135050601826,6000
block_bootstrap,US index/ETF pool,21,0.95,5,4.5,0.022333333333333334,0.0035,-0.09833358808782533,-0.00013439404648241116,6000
block_bootstrap,US index/ETF pool,21,0.95,5,5.0,0.034,0.0075,-0.1257494781485493,-0.00410510221426208,6000
block_bootstrap,US index/ETF pool,21,0.95,5,5.5,0.0545,0.013166666666666667,-0.1582808756107804,-0.008374371274094239,6000
block_bootstrap,US index/ETF pool,21,0.95,5,6.0,0.07883333333333334,0.019166666666666665,-0.19351385702041102,-0.013105010965847708,6000
block_bootstrap,US index/ETF pool,21,0.95,5,6.5,0.104,0.0255,-0.19764699890922155,-0.01826154233006194,6000
block_bootstrap,US index/ETF pool,21,0.95,5,7.0,0.13183333333333333,0.0325,-0.19148827545841574,-0.02272964671824973,6000
block_bootstrap,US index/ETF pool,21,0.95,5,7.5,0.16183333333333333,0.041833333333333333,-0.22022949712341044,-0.026929120831512998,6000
block_bootstrap,US index/ETF pool,21,0.95,5,8.0,0.195,0.050333333333333334,-0.23560806186734895,-0.03101260552730456,6000
block_bootstrap,Single-stock pool (23),21,0.8,1,1.0,0.0,0.0,-0.1683430321426731,0.03444012535237051,6000
block_bootstrap,Single-stock pool (23),21,0.8,1,1.5,0.0,0.0,-0.19599859567380973,0.03887161203104261,6000
block_bootstrap,Single-stock pool (23),21,0.8,1,2.0,0.0021666666666666666,0.0005,-0.22371360773428917,0.0329804399201854,6000
block_bootstrap,Single-stock pool (23),21,0.8,1,2.5,0.005166666666666667,0.0016666666666666668,-0.24724868971638836,0.018350001489792156,6000
block_bootstrap,Single-stock pool (23),21,0.8,1,3.0,0.016,0.009333333333333334,-0.2810687250727413,0.0015128659699472635,6000
block_bootstrap,Single-stock pool (23),21,0.8,1,3.5,0.026166666666666668,0.015333333333333332,-0.3320036157263082,-0.011229572563798085,6000
block_bootstrap,Single-stock pool (23),21,0.8,1,4.0,0.037,0.019,-0.35909592909944166,-0.014899130626151558,6000
block_bootstrap,Single-stock pool (23),21,0.8,1,4.5,0.05216666666666667,0.0255,-0.37886356601102955,-0.01397215695482934,6000
block_bootstrap,Single-stock pool (23),21,0.8,1,5.0,0.06983333333333333,0.029666666666666668,-0.3935230548151686,-0.010515078592880922,6000
block_bootstrap,Single-stock pool (23),21,0.8,1,5.5,0.09283333333333334,0.035166666666666666,-0.4227388308173291,-0.004407665757904522,6000
block_bootstrap,Single-stock pool (23),21,0.8,1,6.0,0.1095,0.04033333333333333,-0.4287589773251822,-0.0037356861100112937,6000
block_bootstrap,Single-stock pool (23),21,0.8,1,6.5,0.136,0.04566666666666667,-0.4549677335114124,0.003230976073542058,6000
block_bootstrap,Single-stock pool (23),21,0.8,1,7.0,0.15783333333333333,0.051666666666666666,-0.4811764896976427,0.00999378801744255,6000
block_bootstrap,Single-stock pool (23),21,0.8,1,7.5,0.1785,0.057,-0.507385245883873,0.01699197090375404,6000
block_bootstrap,Single-stock pool (23),21,0.8,1,8.0,0.202,0.058333333333333334,-0.5335940020701033,0.02054549405584183,6000
block_bootstrap,Single-stock pool (23),21,0.8,5,1.0,0.0,0.0,-0.1683430321426731,0.03444012535237051,6000
block_bootstrap,Single-stock pool (23),21,0.8,5,1.5,0.001,0.0008333333333333334,-0.2761297330626207,0.039493321753349075,6000
block_bootstrap,Single-stock pool (23),21,0.8,5,2.0,0.0045,0.0028333333333333335,-0.490676436621839,0.03375374892685956,6000
block_bootstrap,Single-stock pool (23),21,0.8,5,2.5,0.01633333333333333,0.0085,-0.7085900554423402,0.02053273569038927,6000
block_bootstrap,Single-stock pool (23),21,0.8,5,3.0,0.029333333333333333,0.021333333333333333,-0.6891193937633793,0.00547767257753673,6000
block_bootstrap,Single-stock pool (23),21,0.8,5,3.5,0.044833333333333336,0.030666666666666665,-0.6784266722115588,-0.0034928650834201713,6000
block_bootstrap,Single-stock pool (23),21,0.8,5,4.0,0.071,0.044,-0.6654629571365751,-0.003583385026405983,6000
block_bootstrap,Single-stock pool (23),21,0.8,5,4.5,0.09633333333333334,0.057,-0.6538343463192025,0.0028139568131564374,6000
block_bootstrap,Single-stock pool (23),21,0.8,5,5.0,0.12266666666666666,0.068,-0.6527058179706993,0.01355782041709297,6000
block_bootstrap,Single-stock pool (23),21,0.8,5,5.5,0.1465,0.08083333333333333,-0.6527058179706995,0.019487562431781402,6000
block_bootstrap,Single-stock pool (23),21,0.8,5,6.0,0.16966666666666666,0.09283333333333334,-0.6527058179706995,0.024361237899676702,6000
block_bootstrap,Single-stock pool (23),21,0.8,5,6.5,0.195,0.10366666666666667,-0.6527058179706995,0.03285911872667002,6000
block_bootstrap,Single-stock pool (23),21,0.8,5,7.0,0.217,0.11033333333333334,-0.6527058179706995,0.041797018266689134,6000
block_bootstrap,Single-stock pool (23),21,0.8,5,7.5,0.23566666666666666,0.118,-0.6527058179706995,0.0444531354630735,6000
block_bootstrap,Single-stock pool (23),21,0.8,5,8.0,0.256,0.12616666666666668,-0.6527058179706995,0.04605945062276717,6000
block_bootstrap,Single-stock pool (23),21,0.9,1,1.0,0.0,0.0,-0.08417151607133655,0.017220062676185144,6000
block_bootstrap,Single-stock pool (23),21,0.9,1,1.5,0.0,0.0,-0.09787332331246323,0.0195116112352145,6000
block_bootstrap,Single-stock pool (23),21,0.9,1,2.0,0.0018333333333333333,0.00016666666666666666,-0.11191704777220934,0.016614720575304442,6000
block_bootstrap,Single-stock pool (23),21,0.9,1,2.5,0.005833333333333334,0.0006666666666666666,-0.12417762995652548,0.008566982027163217,6000
block_bootstrap,Single-stock pool (23),21,0.9,1,3.0,0.0195,0.006,-0.18754533426473552,-0.0028294926984684388,6000
block_bootstrap,Single-stock pool (23),21,0.9,1,3.5,0.03216666666666667,0.013166666666666667,-0.22242229280135883,-0.01678833618873954,6000
block_bootstrap,Single-stock pool (23),21,0.9,1,4.0,0.04683333333333333,0.019,-0.26134724425034817,-0.030069460211225474,6000
block_bootstrap,Single-stock pool (23),21,0.9,1,4.5,0.071,0.0255,-0.29485812338090156,-0.043197600612881026,6000
block_bootstrap,Single-stock pool (23),21,0.9,1,5.0,0.09816666666666667,0.03233333333333333,-0.3092989557937046,-0.05437995664293205,6000
block_bootstrap,Single-stock pool (23),21,0.9,1,5.5,0.1305,0.0405,-0.3227228662594219,-0.06440004867281646,6000
block_bootstrap,Single-stock pool (23),21,0.9,1,6.0,0.1625,0.044833333333333336,-0.3546693526421335,-0.07276959146409312,6000
block_bootstrap,Single-stock pool (23),21,0.9,1,6.5,0.19816666666666666,0.04933333333333333,-0.3437860423825777,-0.08003938080307782,6000
block_bootstrap,Single-stock pool (23),21,0.9,1,7.0,0.23716666666666666,0.0555,-0.34408968475989365,-0.0859558207544332,6000
block_bootstrap,Single-stock pool (23),21,0.9,1,7.5,0.2773333333333333,0.0605,-0.34155952228372277,-0.09048647759567985,6000
block_bootstrap,Single-stock pool (23),21,0.9,1,8.0,0.3155,0.06683333333333333,-0.34087519583740833,-0.09358524354879938,6000
block_bootstrap,Single-stock pool (23),21,0.9,5,1.0,0.0,0.0,-0.08417151607133655,0.017220062676185144,6000
block_bootstrap,Single-stock pool (23),21,0.9,5,1.5,0.001,0.0006666666666666666,-0.1383225788920387,0.020266338264512296,6000
block_bootstrap,Single-stock pool (23),21,0.9,5,2.0,0.004666666666666667,0.002,-0.24354133356099905,0.01732926599795137,6000
block_bootstrap,Single-stock pool (23),21,0.9,5,2.5,0.016833333333333332,0.006,-0.38959475182719583,0.009150102078557598,6000
block_bootstrap,Single-stock pool (23),21,0.9,5,3.0,0.033,0.018166666666666668,-0.5723592034156493,-0.0020189799207346315,6000
block_bootstrap,Single-stock pool (23),21,0.9,5,3.5,0.0555,0.029833333333333333,-0.7295340730763864,-0.01605783786895576,6000
block_bootstrap,Single-stock pool (23),21,0.9,5,4.0,0.08666666666666667,0.042833333333333334,-0.7162580599940067,-0.02882029521287044,6000
block_bootstrap,Single-stock pool (23),21,0.9,5,4.5,0.124,0.059,-0.7066621201955227,-0.041130886076436,6000
block_bootstrap,Single-stock pool (23),21,0.9,5,5.0,0.16733333333333333,0.07666666666666666,-0.7035644843386896,-0.05363209842120087,6000
block_bootstrap,Single-stock pool (23),21,0.9,5,5.5,0.205,0.09166666666666666,-0.6978124520259094,-0.06333993021952056,6000
block_bootstrap,Single-stock pool (23),21,0.9,5,6.0,0.2475,0.10516666666666667,-0.6865102817247739,-0.07341489428470394,6000
block_bootstrap,Single-stock pool (23),21,0.9,5,6.5,0.29133333333333333,0.1205,-0.6792585225148338,-0.0812737550056879,6000
block_bootstrap,Single-stock pool (23),21,0.9,5,7.0,0.33116666666666666,0.1395,-0.6697232736701004,-0.08747816152395849,6000
block_bootstrap,Single-stock pool (23),21,0.9,5,7.5,0.37166666666666665,0.15566666666666668,-0.6591275678074155,-0.09244722646698045,6000
block_bootstrap,Single-stock pool (23),21,0.9,5,8.0,0.4075,0.17133333333333334,-0.6554598648495089,-0.09565280789190722,6000
block_bootstrap,Single-stock pool (23),21,0.95,1,1.0,0.0,0.0,-0.042085758035668275,0.008610031338092572,6000
block_bootstrap,Single-stock pool (23),21,0.95,1,1.5,0.0008333333333333334,0.0,-0.05306614937681875,0.011146105856185473,6000
block_bootstrap,Single-stock pool (23),21,0.95,1,2.0,0.002,0.0,-0.05563558798429635,0.008683637765831254,6000
block_bootstrap,Single-stock pool (23),21,0.95,1,2.5,0.007833333333333333,0.0,-0.05930528910871791,0.004601802216439355,6000
block_bootstrap,Single-stock pool (23),21,0.95,1,3.0,0.02266666666666667,0.0031666666666666666,-0.09541613737345833,-0.0010558940938418804,6000
block_bootstrap,Single-stock pool (23),21,0.95,1,3.5,0.03766666666666667,0.009,-0.15365050772443212,-0.008818689728925078,6000
block_bootstrap,Single-stock pool (23),21,0.95,1,4.0,0.06316666666666666,0.014,-0.23255827702703047,-0.01609577876164736,6000
block_bootstrap,Single-stock pool (23),21,0.95,1,4.5,0.09083333333333334,0.021333333333333333,-0.24583291399415952,-0.023273943365855865,6000
block_bootstrap,Single-stock pool (23),21,0.95,1,5.0,0.125,0.026166666666666668,-0.2589125133185767,-0.029728450781729476,6000
block_bootstrap,Single-stock pool (23),21,0.95,1,5.5,0.16216666666666665,0.030166666666666668,-0.24986637665579003,-0.03512081816205748,6000
block_bootstrap,Single-stock pool (23),21,0.95,1,6.0,0.2035,0.0345,-0.2952963525557337,-0.03996486031301072,6000
block_bootstrap,Single-stock pool (23),21,0.95,1,6.5,0.248,0.03983333333333333,-0.32967825063306355,-0.04325862036665207,6000
block_bootstrap,Single-stock pool (23),21,0.95,1,7.0,0.2921666666666667,0.043666666666666666,-0.33286211669024923,-0.04554580271526265,6000
block_bootstrap,Single-stock pool (23),21,0.95,1,7.5,0.3378333333333333,0.04783333333333333,-0.32119108404910246,-0.04700460703784515,6000
block_bootstrap,Single-stock pool (23),21,0.95,1,8.0,0.37516666666666665,0.05516666666666667,-0.31562144722270646,-0.047972121549389124,6000
block_bootstrap,Single-stock pool (23),21,0.95,5,1.0,0.0,0.0,-0.042085758035668275,0.008610031338092572,6000
block_bootstrap,Single-stock pool (23),21,0.95,5,1.5,0.0015,0.0006666666666666666,-0.06858007880972816,0.01140703489656647,6000
block_bootstrap,Single-stock pool (23),21,0.95,5,2.0,0.005,0.0011666666666666668,-0.11123088785314661,0.008662067450062816,6000
block_bootstrap,Single-stock pool (23),21,0.95,5,2.5,0.018,0.004,-0.19059873894865542,0.004945875376650255,6000
block_bootstrap,Single-stock pool (23),21,0.95,5,3.0,0.0355,0.011833333333333333,-0.2837078997205287,-0.0012370467370614868,6000
block_bootstrap,Single-stock pool (23),21,0.95,5,3.5,0.06016666666666667,0.023833333333333335,-0.3963703522064247,-0.008423416038595422,6000
block_bootstrap,Single-stock pool (23),21,0.95,5,4.0,0.099,0.034833333333333334,-0.5211021472636037,-0.015906102311064707,6000
block_bootstrap,Single-stock pool (23),21,0.95,5,4.5,0.1435,0.04583333333333333,-0.6700727052617201,-0.023907802543586376,6000
block_bootstrap,Single-stock pool (23),21,0.95,5,5.0,0.191,0.066,-0.746859269715999,-0.03119612293829277,6000
block_bootstrap,Single-stock pool (23),21,0.95,5,5.5,0.24183333333333334,0.08266666666666667,-0.7342989355396772,-0.03685517076804423,6000
block_bootstrap,Single-stock pool (23),21,0.95,5,6.0,0.2856666666666667,0.09716666666666667,-0.7356551964395684,-0.041646552522035085,6000
block_bootstrap,Single-stock pool (23),21,0.95,5,6.5,0.3435,0.11083333333333334,-0.7302702481073626,-0.044959764332663577,6000
block_bootstrap,Single-stock pool (23),21,0.95,5,7.0,0.3913333333333333,0.128,-0.7267541048458404,-0.04720676958253933,6000
block_bootstrap,Single-stock pool (23),21,0.95,5,7.5,0.44666666666666666,0.142,-0.7261139430172192,-0.04861939506713253,6000
block_bootstrap,Single-stock pool (23),21,0.95,5,8.0,0.48966666666666664,0.15983333333333333,-0.7248795182653769,-0.04976092494927842,6000
block_bootstrap,Intl index pool,21,0.8,1,1.0,0.0,0.0,-0.12026604535331464,0.01614367465170563,6000
block_bootstrap,Intl index pool,21,0.8,1,1.5,0.0,0.0,-0.15236646500348494,0.020842040959642594,6000
block_bootstrap,Intl index pool,21,0.8,1,2.0,0.0,0.0,-0.17238937352989847,0.022754091293705647,6000
block_bootstrap,Intl index pool,21,0.8,1,2.5,0.0,0.0,-0.1894215193699753,0.021370329017730505,6000
block_bootstrap,Intl index pool,21,0.8,1,3.0,0.0036666666666666666,0.0,-0.20045538692271436,0.018331316075390625,6000
block_bootstrap,Intl index pool,21,0.8,1,3.5,0.0036666666666666666,0.0031666666666666666,-0.24758771061772022,0.015469750369003332,6000
block_bootstrap,Intl index pool,21,0.8,1,4.0,0.0036666666666666666,0.0036666666666666666,-0.28425324347076364,0.016693403458932998,6000
block_bootstrap,Intl index pool,21,0.8,1,4.5,0.004666666666666667,0.0036666666666666666,-0.31003676486394705,0.022806745737576684,6000
block_bootstrap,Intl index pool,21,0.8,1,5.0,0.008333333333333333,0.004833333333333334,-0.32046976477897915,0.03297172979276031,6000
block_bootstrap,Intl index pool,21,0.8,1,5.5,0.008666666666666666,0.006833333333333334,-0.33751998266776717,0.040252812474018906,6000
block_bootstrap,Intl index pool,21,0.8,1,6.0,0.009333333333333334,0.007,-0.3490998300518493,0.04601629059128842,6000
block_bootstrap,Intl index pool,21,0.8,1,6.5,0.010333333333333333,0.007,-0.3676960318524568,0.04941850054680019,6000
block_bootstrap,Intl index pool,21,0.8,1,7.0,0.0125,0.006833333333333334,-0.37399461302128334,0.052222403050921296,6000
block_bootstrap,Intl index pool,21,0.8,1,7.5,0.018666666666666668,0.006833333333333334,-0.38358334469362343,0.0549038921770435,6000
block_bootstrap,Intl index pool,21,0.8,1,8.0,0.029333333333333333,0.006666666666666667,-0.38358334469362343,0.05700584870721359,6000
block_bootstrap,Intl index pool,21,0.8,5,1.0,0.0,0.0,-0.12026604535331464,0.01614367465170563,6000
block_bootstrap,Intl index pool,21,0.8,5,1.5,0.0,0.0,-0.15334482490134727,0.021325469232481797,6000
block_bootstrap,Intl index pool,21,0.8,5,2.0,0.0,0.0,-0.17865195901665976,0.023915119417660557,6000
block_bootstrap,Intl index pool,21,0.8,5,2.5,0.0018333333333333333,0.0008333333333333334,-0.22268718781644414,0.02366203960123814,6000
block_bootstrap,Intl index pool,21,0.8,5,3.0,0.0036666666666666666,0.0033333333333333335,-0.2862136582943907,0.021086682524494416,6000
block_bootstrap,Intl index pool,21,0.8,5,3.5,0.0036666666666666666,0.0036666666666666666,-0.31565436416361825,0.019836079129251782,6000
block_bootstrap,Intl index pool,21,0.8,5,4.0,0.006833333333333334,0.005333333333333333,-0.36153210451681184,0.02135551097250188,6000
block_bootstrap,Intl index pool,21,0.8,5,4.5,0.010166666666666666,0.007,-0.38587534894439546,0.030478799211642205,6000
block_bootstrap,Intl index pool,21,0.8,5,5.0,0.018833333333333334,0.010666666666666666,-0.41335191407132665,0.04069721939038495,6000
block_bootstrap,Intl index pool,21,0.8,5,5.5,0.025333333333333333,0.0135,-0.4124176029805109,0.0480926263489847,6000
block_bootstrap,Intl index pool,21,0.8,5,6.0,0.033166666666666664,0.017833333333333333,-0.43683368741983497,0.052973209495982054,6000
block_bootstrap,Intl index pool,21,0.8,5,6.5,0.03966666666666667,0.022333333333333334,-0.44252590808405345,0.05717724526324597,6000
block_bootstrap,Intl index pool,21,0.8,5,7.0,0.04816666666666667,0.024833333333333332,-0.45704447900020806,0.05988466082811783,6000
block_bootstrap,Intl index pool,21,0.8,5,7.5,0.060333333333333336,0.028333333333333332,-0.46037695180519067,0.06242283003115201,6000
block_bootstrap,Intl index pool,21,0.8,5,8.0,0.0675,0.0325,-0.46037695180519067,0.06497869405299328,6000
block_bootstrap,Intl index pool,21,0.9,1,1.0,0.0,0.0,-0.06013302267665721,0.008071837325852815,6000
block_bootstrap,Intl index pool,21,0.9,1,1.5,0.0,0.0,-0.07739656667535377,0.011037570957057596,6000
block_bootstrap,Intl index pool,21,0.9,1,2.0,0.0,0.0,-0.08630919970196516,0.011267611041451797,6000
block_bootstrap,Intl index pool,21,0.9,1,2.5,0.0,0.0,-0.09530486548512551,0.010741016000596293,6000
block_bootstrap,Intl index pool,21,0.9,1,3.0,0.003833333333333333,0.0,-0.10032245603269452,0.008671581583034493,6000
block_bootstrap,Intl index pool,21,0.9,1,3.5,0.003833333333333333,0.0018333333333333333,-0.13577812308612436,0.005557191540327189,6000
block_bootstrap,Intl index pool,21,0.9,1,4.0,0.004,0.003,-0.18466665239182067,0.0013632653085715596,6000
block_bootstrap,Intl index pool,21,0.9,1,4.5,0.005833333333333334,0.0031666666666666666,-0.20908090396272971,-0.003521985415595452,6000
block_bootstrap,Intl index pool,21,0.9,1,5.0,0.010166666666666666,0.003833333333333333,-0.2258199661406718,-0.009109597844097372,6000
block_bootstrap,Intl index pool,21,0.9,1,5.5,0.010833333333333334,0.005,-0.2598081586579285,-0.014217382125317868,6000
block_bootstrap,Intl index pool,21,0.9,1,6.0,0.013166666666666667,0.005666666666666667,-0.2569437296047412,-0.019010275372087215,6000
block_bootstrap,Intl index pool,21,0.9,1,6.5,0.015666666666666666,0.0055,-0.24822681324322182,-0.023757146978476307,6000
block_bootstrap,Intl index pool,21,0.9,1,7.0,0.02266666666666667,0.005333333333333333,-0.291031731180023,-0.0282373635074209,6000
block_bootstrap,Intl index pool,21,0.9,1,7.5,0.03666666666666667,0.0065,-0.3005286686875217,-0.03225252057080652,6000
block_bootstrap,Intl index pool,21,0.9,1,8.0,0.05683333333333333,0.007333333333333333,-0.29322476019863386,-0.0367560183393012,6000
block_bootstrap,Intl index pool,21,0.9,5,1.0,0.0,0.0,-0.06013302267665721,0.008071837325852815,6000
block_bootstrap,Intl index pool,21,0.9,5,1.5,0.0,0.0,-0.07733131136173776,0.011183671754287916,6000
block_bootstrap,Intl index pool,21,0.9,5,2.0,0.0,0.0,-0.09164262562977799,0.012049849544069735,6000
block_bootstrap,Intl index pool,21,0.9,5,2.5,0.0018333333333333333,0.00016666666666666666,-0.11080165505961415,0.012074043702209547,6000
block_bootstrap,Intl index pool,21,0.9,5,3.0,0.003833333333333333,0.0031666666666666666,-0.1734508923888063,0.010478066781781425,6000
block_bootstrap,Intl index pool,21,0.9,5,3.5,0.003833333333333333,0.0035,-0.2650916909780785,0.007265875058606097,6000
block_bootstrap,Intl index pool,21,0.9,5,4.0,0.007333333333333333,0.004166666666666667,-0.2706922964627554,0.003319543013635462,6000
block_bootstrap,Intl index pool,21,0.9,5,4.5,0.013166666666666667,0.006166666666666667,-0.285518101665879,-0.0015159291500166372,6000
block_bootstrap,Intl index pool,21,0.9,5,5.0,0.0235,0.0095,-0.34524682730790934,-0.007010002760665213,6000
block_bootstrap,Intl index pool,21,0.9,5,5.5,0.0335,0.014,-0.33422314607464076,-0.01067622584787653,6000
block_bootstrap,Intl index pool,21,0.9,5,6.0,0.0455,0.018833333333333334,-0.3239462315495124,-0.016253936859238483,6000
block_bootstrap,Intl index pool,21,0.9,5,6.5,0.06016666666666667,0.021666666666666667,-0.32040718481143426,-0.020165682601951063,6000
block_bootstrap,Intl index pool,21,0.9,5,7.0,0.078,0.027666666666666666,-0.3607798664652031,-0.024135502817984267,6000
block_bootstrap,Intl index pool,21,0.9,5,7.5,0.10116666666666667,0.036,-0.39005941819196754,-0.027132457330585558,6000
block_bootstrap,Intl index pool,21,0.9,5,8.0,0.12033333333333333,0.04416666666666667,-0.3940445968220858,-0.029059121903744933,6000
block_bootstrap,Intl index pool,21,0.95,1,1.0,0.0,0.0,-0.030066511338328716,0.00403591866292663,6000
block_bootstrap,Intl index pool,21,0.95,1,1.5,0.0,0.0,-0.040272819602795495,0.0059857212255916,6000
block_bootstrap,Intl index pool,21,0.95,1,2.0,0.0,0.0,-0.044364116035606305,0.005900859807794756,6000
block_bootstrap,Intl index pool,21,0.95,1,2.5,0.0,0.0,-0.04888502790791638,0.005535975196783616,6000
block_bootstrap,Intl index pool,21,0.95,1,3.0,0.003833333333333333,0.0,-0.050162347989290534,0.004397130820542827,6000
block_bootstrap,Intl index pool,21,0.95,1,3.5,0.003833333333333333,0.0003333333333333333,-0.0664343318594518,0.002769729898186135,6000
block_bootstrap,Intl index pool,21,0.95,1,4.0,0.004666666666666667,0.0011666666666666668,-0.08419114658691174,0.0006853158137136717,6000
block_bootstrap,Intl index pool,21,0.95,1,4.5,0.007666666666666666,0.0023333333333333335,-0.10747812944570967,-0.002123890952256513,6000
block_bootstrap,Intl index pool,21,0.95,1,5.0,0.0115,0.0026666666666666666,-0.13938812346194807,-0.005481242910780892,6000
block_bootstrap,Intl index pool,21,0.95,1,5.5,0.0135,0.0033333333333333335,-0.17944359584880298,-0.008934926022571732,6000
block_bootstrap,Intl index pool,21,0.95,1,6.0,0.017333333333333333,0.004,-0.22814831921464596,-0.012700256832201773,6000
block_bootstrap,Intl index pool,21,0.95,1,6.5,0.024333333333333332,0.003833333333333333,-0.23532563171284004,-0.01618402350108772,6000
block_bootstrap,Intl index pool,21,0.95,1,7.0,0.034333333333333334,0.004,-0.22782388340266513,-0.01995592543675717,6000
block_bootstrap,Intl index pool,21,0.95,1,7.5,0.049,0.004166666666666667,-0.237274605029411,-0.02334576523346521,6000
block_bootstrap,Intl index pool,21,0.95,1,8.0,0.07566666666666666,0.003833333333333333,-0.27714430880012597,-0.026844799040829925,6000
block_bootstrap,Intl index pool,21,0.95,5,1.0,0.0,0.0,-0.030066511338328716,0.00403591866292663,6000
block_bootstrap,Intl index pool,21,0.95,5,1.5,0.0,0.0,-0.04003030725289525,0.0060005800669213905,6000
block_bootstrap,Intl index pool,21,0.95,5,2.0,0.0,0.0,-0.04590477556035566,0.006357999803234149,6000
block_bootstrap,Intl index pool,21,0.95,5,2.5,0.0018333333333333333,0.0,-0.05531573851050675,0.006058519350787606,6000
block_bootstrap,Intl index pool,21,0.95,5,3.0,0.0036666666666666666,0.0015,-0.08623590480477006,0.005267733822095,6000
block_bootstrap,Intl index pool,21,0.95,5,3.5,0.004166666666666667,0.0031666666666666666,-0.12572816960591315,0.0036823050385590417,6000
block_bootstrap,Intl index pool,21,0.95,5,4.0,0.007833333333333333,0.0033333333333333335,-0.18091121142572342,0.001441847772253979,6000
block_bootstrap,Intl index pool,21,0.95,5,4.5,0.0145,0.004,-0.26803171776814716,-0.0012134514905534077,6000
block_bootstrap,Intl index pool,21,0.95,5,5.0,0.026,0.006333333333333333,-0.2783180704349222,-0.004553790197556862,6000
block_bootstrap,Intl index pool,21,0.95,5,5.5,0.03983333333333333,0.0095,-0.2666775095878082,-0.007933155333057051,6000
block_bootstrap,Intl index pool,21,0.95,5,6.0,0.0545,0.013666666666666667,-0.3256575046866722,-0.011687161714538097,6000
block_bootstrap,Intl index pool,21,0.95,5,6.5,0.0695,0.018,-0.30093153109608406,-0.015885733716123118,6000
block_bootstrap,Intl index pool,21,0.95,5,7.0,0.09283333333333334,0.021333333333333333,-0.3309584414568537,-0.01948860519153095,6000
block_bootstrap,Intl index pool,21,0.95,5,7.5,0.12133333333333333,0.027166666666666665,-0.3559706678976179,-0.023143347229888755,6000
block_bootstrap,Intl index pool,21,0.95,5,8.0,0.1425,0.034666666666666665,-0.36366032941293136,-0.02670954913688961,6000
block_bootstrap,S&P 500 1928-2026,63,0.8,1,1.0,0.0,0.0,-0.11420713699766627,0.014049900301563722,6000
block_bootstrap,S&P 500 1928-2026,63,0.8,1,1.5,0.0,0.0,-0.14689233207713637,0.019192539744481873,6000
block_bootstrap,S&P 500 1928-2026,63,0.8,1,2.0,0.0,0.0,-0.16966647384537292,0.022334402190266944,6000
block_bootstrap,S&P 500 1928-2026,63,0.8,1,2.5,0.0,0.0,-0.1834444130025804,0.02410049433514616,6000
block_bootstrap,S&P 500 1928-2026,63,0.8,1,3.0,0.0,0.0,-0.19137513595233613,0.02429504236384661,6000
block_bootstrap,S&P 500 1928-2026,63,0.8,1,3.5,0.0,0.0,-0.19628467413039674,0.02379624578397843,6000
block_bootstrap,S&P 500 1928-2026,63,0.8,1,4.0,0.0,0.0,-0.19906958703781585,0.026167646427511126,6000
block_bootstrap,S&P 500 1928-2026,63,0.8,1,4.5,0.0003333333333333333,0.0,-0.20008414337396296,0.03514411196593503,6000
block_bootstrap,S&P 500 1928-2026,63,0.8,1,5.0,0.008333333333333333,0.0,-0.20476934130408275,0.04343083428077543,6000
block_bootstrap,S&P 500 1928-2026,63,0.8,1,5.5,0.0085,0.004833333333333334,-0.22068863170833852,0.04825014464499344,6000
block_bootstrap,S&P 500 1928-2026,63,0.8,1,6.0,0.009333333333333334,0.005833333333333334,-0.23534410531451266,0.05130676127287925,6000
block_bootstrap,S&P 500 1928-2026,63,0.8,1,6.5,0.009833333333333333,0.006166666666666667,-0.2460596594010307,0.05438071006709588,6000
block_bootstrap,S&P 500 1928-2026,63,0.8,1,7.0,0.014333333333333333,0.006166666666666667,-0.2560642929813044,0.05612632277657603,6000
block_bootstrap,S&P 500 1928-2026,63,0.8,1,7.5,0.019,0.006166666666666667,-0.2667294340142581,0.057618820984036034,6000
block_bootstrap,S&P 500 1928-2026,63,0.8,1,8.0,0.021833333333333333,0.006166666666666667,-0.27351936600741733,0.05886680578102954,6000
block_bootstrap,S&P 500 1928-2026,63,0.8,5,1.0,0.0,0.0,-0.11420713699766627,0.014049900301563722,6000
block_bootstrap,S&P 500 1928-2026,63,0.8,5,1.5,0.0,0.0,-0.14811941530819472,0.01935999767565355,6000
block_bootstrap,S&P 500 1928-2026,63,0.8,5,2.0,0.0,0.0,-0.16972469174736815,0.02293551721254561,6000
block_bootstrap,S&P 500 1928-2026,63,0.8,5,2.5,0.0,0.0,-0.1839574040284786,0.025004350193162272,6000
block_bootstrap,S&P 500 1928-2026,63,0.8,5,3.0,0.0,0.0,-0.19283575727392754,0.026008139072519976,6000
block_bootstrap,S&P 500 1928-2026,63,0.8,5,3.5,0.0,0.0,-0.19948796703712535,0.026154822574048442,6000
block_bootstrap,S&P 500 1928-2026,63,0.8,5,4.0,0.004333333333333333,0.0031666666666666666,-0.2288373329148019,0.028793201760756393,6000
block_bootstrap,S&P 500 1928-2026,63,0.8,5,4.5,0.005,0.004666666666666667,-0.2582889361037104,0.037261912808856046,6000
block_bootstrap,S&P 500 1928-2026,63,0.8,5,5.0,0.006,0.004666666666666667,-0.27214082831514375,0.04498913606099708,6000
block_bootstrap,S&P 500 1928-2026,63,0.8,5,5.5,0.012,0.005,-0.2909053974463406,0.05032622675487808,6000
block_bootstrap,S&P 500 1928-2026,63,0.8,5,6.0,0.0205,0.005666666666666667,-0.30269177416607906,0.053972442347153926,6000
block_bootstrap,S&P 500 1928-2026,63,0.8,5,6.5,0.0315,0.010166666666666666,-0.31777309236927687,0.05717449855243917,6000
block_bootstrap,S&P 500 1928-2026,63,0.8,5,7.0,0.036833333333333336,0.014,-0.31777309236927687,0.05836696680756903,6000
block_bootstrap,S&P 500 1928-2026,63,0.8,5,7.5,0.044333333333333336,0.017,-0.3295202014876911,0.05999333736675716,6000
block_bootstrap,S&P 500 1928-2026,63,0.8,5,8.0,0.051666666666666666,0.019833333333333335,-0.3295202014876911,0.0609391653336977,6000
block_bootstrap,S&P 500 1928-2026,63,0.9,1,1.0,0.0,0.0,-0.057103568498833135,0.007024950150781972,6000
block_bootstrap,S&P 500 1928-2026,63,0.9,1,1.5,0.0,0.0,-0.07493259663861118,0.00999907056772642,6000
block_bootstrap,S&P 500 1928-2026,63,0.9,1,2.0,0.0,0.0,-0.0852821673660542,0.011282507213704829,6000
block_bootstrap,S&P 500 1928-2026,63,0.9,1,2.5,0.0,0.0,-0.09226779386364203,0.012009178639976525,6000
block_bootstrap,S&P 500 1928-2026,63,0.9,1,3.0,0.0,0.0,-0.09657170246767677,0.011898164062596583,6000
block_bootstrap,S&P 500 1928-2026,63,0.9,1,3.5,0.0,0.0,-0.09907318089075645,0.010963711866818215,6000
block_bootstrap,S&P 500 1928-2026,63,0.9,1,4.0,0.0,0.0,-0.09999255884597502,0.00973017797665987,6000
block_bootstrap,S&P 500 1928-2026,63,0.9,1,4.5,0.0003333333333333333,0.0,-0.10003396610666604,0.007585913356873641,6000
block_bootstrap,S&P 500 1928-2026,63,0.9,1,5.0,0.011,0.0,-0.10487011896461751,0.004639221925830217,6000
block_bootstrap,S&P 500 1928-2026,63,0.9,1,5.5,0.011333333333333334,0.0021666666666666666,-0.12481533168715342,0.001854078575675544,6000
block_bootstrap,S&P 500 1928-2026,63,0.9,1,6.0,0.0135,0.005666666666666667,-0.13718361081014674,-0.0014289538221763376,6000
block_bootstrap,S&P 500 1928-2026,63,0.9,1,6.5,0.015666666666666666,0.006833333333333334,-0.1517334260063321,-0.004132460750848055,6000
block_bootstrap,S&P 500 1928-2026,63,0.9,1,7.0,0.019833333333333335,0.007333333333333333,-0.15977967026373763,-0.005320377489409056,6000
block_bootstrap,S&P 500 1928-2026,63,0.9,1,7.5,0.0285,0.007333333333333333,-0.17273135932485317,-0.006017503617299802,6000
block_bootstrap,S&P 500 1928-2026,63,0.9,1,8.0,0.034,0.007333333333333333,-0.17540206873364161,-0.006943838906758204,6000
block_bootstrap,S&P 500 1928-2026,63,0.9,5,1.0,0.0,0.0,-0.057103568498833135,0.007024950150781972,6000
block_bootstrap,S&P 500 1928-2026,63,0.9,5,1.5,0.0,0.0,-0.07486099378373934,0.01005933510895618,6000
block_bootstrap,S&P 500 1928-2026,63,0.9,5,2.0,0.0,0.0,-0.08562280991111748,0.011534946457643747,6000
block_bootstrap,S&P 500 1928-2026,63,0.9,5,2.5,0.0,0.0,-0.09251174768906834,0.01245749710840749,6000
block_bootstrap,S&P 500 1928-2026,63,0.9,5,3.0,0.0,0.0,-0.09679805666255148,0.012821682084721786,6000
block_bootstrap,S&P 500 1928-2026,63,0.9,5,3.5,0.0,0.0,-0.09975681364601541,0.012617864019296654,6000
block_bootstrap,S&P 500 1928-2026,63,0.9,5,4.0,0.0045,0.0013333333333333333,-0.12172555360972015,0.011153648561940788,6000
block_bootstrap,S&P 500 1928-2026,63,0.9,5,4.5,0.006,0.004833333333333334,-0.14535025657656564,0.00910581741069727,6000
block_bootstrap,S&P 500 1928-2026,63,0.9,5,5.0,0.0085,0.005166666666666667,-0.17039187764681474,0.006453480949886181,6000
block_bootstrap,S&P 500 1928-2026,63,0.9,5,5.5,0.017166666666666667,0.005833333333333334,-0.20094069361845235,0.0037626795875105312,6000
block_bootstrap,S&P 500 1928-2026,63,0.9,5,6.0,0.029333333333333333,0.008166666666666666,-0.2212901056482659,0.0003699544713882119,6000
block_bootstrap,S&P 500 1928-2026,63,0.9,5,6.5,0.04583333333333333,0.0105,-0.21499156764502236,-0.001330982634484723,6000
block_bootstrap,S&P 500 1928-2026,63,0.9,5,7.0,0.0575,0.014,-0.23957790407111357,-0.0028855416504902642,6000
block_bootstrap,S&P 500 1928-2026,63,0.9,5,7.5,0.0715,0.02,-0.24040067252293107,-0.003062356185855819,6000
block_bootstrap,S&P 500 1928-2026,63,0.9,5,8.0,0.08133333333333333,0.024833333333333332,-0.2513817498981553,-0.0031353524642762087,6000
block_bootstrap,S&P 500 1928-2026,63,0.95,1,1.0,0.0,0.0,-0.028551784249416512,0.003512475075390986,6000
block_bootstrap,S&P 500 1928-2026,63,0.95,1,1.5,0.0,0.0,-0.03858798631300686,0.005198986468641031,6000
block_bootstrap,S&P 500 1928-2026,63,0.95,1,2.0,0.0,0.0,-0.04352530593366222,0.006053266402051172,6000
block_bootstrap,S&P 500 1928-2026,63,0.95,1,2.5,0.0,0.0,-0.046123690493136915,0.006225467474871849,6000
block_bootstrap,S&P 500 1928-2026,63,0.95,1,3.0,0.0,0.0,-0.0480702609624889,0.006235215681295259,6000
block_bootstrap,S&P 500 1928-2026,63,0.95,1,3.5,0.0,0.0,-0.049874354105055474,0.005729161990809084,6000
block_bootstrap,S&P 500 1928-2026,63,0.95,1,4.0,0.0005,0.0,-0.05031312048969616,0.004708262601671009,6000
block_bootstrap,S&P 500 1928-2026,63,0.95,1,4.5,0.002,0.0,-0.05091658329484783,0.0033252398906438163,6000
block_bootstrap,S&P 500 1928-2026,63,0.95,1,5.0,0.0125,0.0,-0.054674703289813276,0.001987469559548316,6000
block_bootstrap,S&P 500 1928-2026,63,0.95,1,5.5,0.014833333333333334,0.0005,-0.06268897684020125,4.053679021609469e-05,6000
block_bootstrap,S&P 500 1928-2026,63,0.95,1,6.0,0.018166666666666668,0.0011666666666666668,-0.07042958500141916,-0.0019512577271760811,6000
block_bootstrap,S&P 500 1928-2026,63,0.95,1,6.5,0.0235,0.0025,-0.08148344810988051,-0.004215357686863874,6000
block_bootstrap,S&P 500 1928-2026,63,0.95,1,7.0,0.029833333333333333,0.003,-0.09571213637894616,-0.007174970888732091,6000
block_bootstrap,S&P 500 1928-2026,63,0.95,1,7.5,0.0375,0.003833333333333333,-0.11324693718054113,-0.009514941873480676,6000
block_bootstrap,S&P 500 1928-2026,63,0.95,1,8.0,0.04516666666666667,0.004666666666666667,-0.13320887917731494,-0.012087786238519693,6000
block_bootstrap,S&P 500 1928-2026,63,0.95,5,1.0,0.0,0.0,-0.028551784249416512,0.003512475075390986,6000
block_bootstrap,S&P 500 1928-2026,63,0.95,5,1.5,0.0,0.0,-0.038719232225701616,0.0052178412940007135,6000
block_bootstrap,S&P 500 1928-2026,63,0.95,5,2.0,0.0,0.0,-0.04360599184519798,0.006182563230727078,6000
block_bootstrap,S&P 500 1928-2026,63,0.95,5,2.5,0.0,0.0,-0.04737369059689045,0.006389292167801264,6000
block_bootstrap,S&P 500 1928-2026,63,0.95,5,3.0,0.0,0.0,-0.049415814889167686,0.0065065554546785975,6000
block_bootstrap,S&P 500 1928-2026,63,0.95,5,3.5,0.0005,0.0,-0.050782083255715316,0.006315197139911133,6000
block_bootstrap,S&P 500 1928-2026,63,0.95,5,4.0,0.005333333333333333,0.0003333333333333333,-0.0711443994865939,0.0053864467153270645,6000
block_bootstrap,S&P 500 1928-2026,63,0.95,5,4.5,0.007666666666666666,0.0028333333333333335,-0.1105812023631344,0.004409177198766656,6000
block_bootstrap,S&P 500 1928-2026,63,0.95,5,5.0,0.010666666666666666,0.005166666666666667,-0.09487047341277743,0.0028579547993539123,6000
block_bootstrap,S&P 500 1928-2026,63,0.95,5,5.5,0.024333333333333332,0.005833333333333334,-0.09886509671208321,0.0012844451357145736,6000
block_bootstrap,S&P 500 1928-2026,63,0.95,5,6.0,0.03716666666666667,0.006833333333333334,-0.11186386099239465,-0.0012787365346160762,6000
block_bootstrap,S&P 500 1928-2026,63,0.95,5,6.5,0.05533333333333333,0.0085,-0.12956823184347832,-0.003564159537892575,6000
block_bootstrap,S&P 500 1928-2026,63,0.95,5,7.0,0.06666666666666667,0.011,-0.1567351787052147,-0.006183748832467417,6000
block_bootstrap,S&P 500 1928-2026,63,0.95,5,7.5,0.08433333333333333,0.0135,-0.17322509017352905,-0.008613043521452424,6000
block_bootstrap,S&P 500 1928-2026,63,0.95,5,8.0,0.096,0.0185,-0.1794469481045462,-0.011417380429219914,6000
block_bootstrap,US index/ETF pool,63,0.8,1,1.0,0.0,0.0,-0.13045101148326688,0.022566926511667917,6000
block_bootstrap,US index/ETF pool,63,0.8,1,1.5,0.0,0.0,-0.16247999992012574,0.030137824038754868,6000
block_bootstrap,US index/ETF pool,63,0.8,1,2.0,0.0,0.0,-0.18106013571366653,0.03424729304607377,6000
block_bootstrap,US index/ETF pool,63,0.8,1,2.5,0.0,0.0,-0.1912545047286296,0.03437716118760137,6000
block_bootstrap,US index/ETF pool,63,0.8,1,3.0,0.0,0.0,-0.19600888553680684,0.03242082081700248,6000
block_bootstrap,US index/ETF pool,63,0.8,1,3.5,0.0,0.0,-0.19928931817349482,0.03158518610979222,6000
block_bootstrap,US index/ETF pool,63,0.8,1,4.0,0.0005,0.0,-0.20012700145693063,0.03564325307478722,6000
block_bootstrap,US index/ETF pool,63,0.8,1,4.5,0.0015,0.0,-0.2006736064772312,0.04671858159855091,6000
block_bootstrap,US index/ETF pool,63,0.8,1,5.0,0.004166666666666667,0.0,-0.20334209116106772,0.05903192607940699,6000
block_bootstrap,US index/ETF pool,63,0.8,1,5.5,0.007,0.0005,-0.2157160082871934,0.06701659393393755,6000
block_bootstrap,US index/ETF pool,63,0.8,1,6.0,0.012,0.0005,-0.2277359120256044,0.07340874720084933,6000
block_bootstrap,US index/ETF pool,63,0.8,1,6.5,0.021,0.0006666666666666666,-0.23996850178303786,0.07577460215137988,6000
block_bootstrap,US index/ETF pool,63,0.8,1,7.0,0.027,0.0011666666666666668,-0.25220109154047143,0.07959588186594058,6000
block_bootstrap,US index/ETF pool,63,0.8,1,7.5,0.03183333333333333,0.0031666666666666666,-0.264433681297905,0.08208835129104664,6000
block_bootstrap,US index/ETF pool,63,0.8,1,8.0,0.04466666666666667,0.0045,-0.2738698313377045,0.08360563336581417,6000
block_bootstrap,US index/ETF pool,63,0.8,5,1.0,0.0,0.0,-0.13045101148326688,0.022566926511667917,6000
block_bootstrap,US index/ETF pool,63,0.8,5,1.5,0.0,0.0,-0.16384961273161813,0.030670765737895067,6000
block_bootstrap,US index/ETF pool,63,0.8,5,2.0,0.0,0.0,-0.18364000388671964,0.03542865605993972,6000
block_bootstrap,US index/ETF pool,63,0.8,5,2.5,0.0,0.0,-0.19392689859709722,0.03713507269313343,6000
block_bootstrap,US index/ETF pool,63,0.8,5,3.0,0.0,0.0,-0.1996134411130922,0.0367018048807628,6000
block_bootstrap,US index/ETF pool,63,0.8,5,3.5,0.0033333333333333335,0.0006666666666666666,-0.21594361179429034,0.03695946352017665,6000
block_bootstrap,US index/ETF pool,63,0.8,5,4.0,0.008166666666666666,0.0035,-0.24815459979555432,0.042894138251472036,6000
block_bootstrap,US index/ETF pool,63,0.8,5,4.5,0.015666666666666666,0.008333333333333333,-0.27341049645290705,0.05414341731325534,6000
block_bootstrap,US index/ETF pool,63,0.8,5,5.0,0.021166666666666667,0.011333333333333334,-0.30378944050322976,0.06449064772896285,6000
block_bootstrap,US index/ETF pool,63,0.8,5,5.5,0.036166666666666666,0.014666666666666666,-0.31011207528128926,0.07364477523837154,6000
block_bootstrap,US index/ETF pool,63,0.8,5,6.0,0.049,0.019666666666666666,-0.31571388347658425,0.0802636086974986,6000
block_bootstrap,US index/ETF pool,63,0.8,5,6.5,0.06066666666666667,0.0255,-0.33824807669386747,0.08329072960564421,6000
block_bootstrap,US index/ETF pool,63,0.8,5,7.0,0.07333333333333333,0.030333333333333334,-0.3436142306156381,0.08494867767460956,6000
block_bootstrap,US index/ETF pool,63,0.8,5,7.5,0.08666666666666667,0.035166666666666666,-0.3564262242418659,0.0878853731474667,6000
block_bootstrap,US index/ETF pool,63,0.8,5,8.0,0.09883333333333333,0.04133333333333333,-0.3564262242418659,0.08921222683562169,6000
block_bootstrap,US index/ETF pool,63,0.9,1,1.0,0.0,0.0,-0.06522550574163355,0.011283463255833848,6000
block_bootstrap,US index/ETF pool,63,0.9,1,1.5,0.0,0.0,-0.08245268862805011,0.01527739553438301,6000
block_bootstrap,US index/ETF pool,63,0.9,1,2.0,0.0,0.0,-0.09043735063322089,0.017302290817428956,6000
block_bootstrap,US index/ETF pool,63,0.9,1,2.5,0.0,0.0,-0.09567585514441956,0.017941174260254433,6000
block_bootstrap,US index/ETF pool,63,0.9,1,3.0,0.0,0.0,-0.09864864919270588,0.01622777703411571,6000
block_bootstrap,US index/ETF pool,63,0.9,1,3.5,0.0003333333333333333,0.0,-0.10017132991037891,0.013751492915938801,6000
block_bootstrap,US index/ETF pool,63,0.9,1,4.0,0.0008333333333333334,0.0,-0.10053384074416682,0.010083886206031067,6000
block_bootstrap,US index/ETF pool,63,0.9,1,4.5,0.004333333333333333,0.0,-0.100942416261114,0.00512372939815986,6000
block_bootstrap,US index/ETF pool,63,0.9,1,5.0,0.008333333333333333,0.0,-0.1026558025974007,0.0006778844945827256,6000
block_bootstrap,US index/ETF pool,63,0.9,1,5.5,0.012666666666666666,0.00016666666666666666,-0.11342655945420466,-0.0043038281336975626,6000
block_bootstrap,US index/ETF pool,63,0.9,1,6.0,0.019166666666666665,0.0006666666666666666,-0.1250486122341843,-0.009162698620693188,6000
block_bootstrap,US index/ETF pool,63,0.9,1,6.5,0.0285,0.001,-0.13657601776989103,-0.012518388830284555,6000
block_bootstrap,US index/ETF pool,63,0.9,1,7.0,0.04,0.0013333333333333333,-0.15108703693125936,-0.016539257662100626,6000
block_bootstrap,US index/ETF pool,63,0.9,1,7.5,0.052,0.0021666666666666666,-0.16532105127110142,-0.020621645136948086,6000
block_bootstrap,US index/ETF pool,63,0.9,1,8.0,0.07283333333333333,0.003,-0.17968685275920704,-0.02312339519097195,6000
block_bootstrap,US index/ETF pool,63,0.9,5,1.0,0.0,0.0,-0.06522550574163355,0.011283463255833848,6000
block_bootstrap,US index/ETF pool,63,0.9,5,1.5,0.0,0.0,-0.08287857429679046,0.01548240624268371,6000
block_bootstrap,US index/ETF pool,63,0.9,5,2.0,0.0,0.0,-0.091369111955111,0.01776120079967125,6000
block_bootstrap,US index/ETF pool,63,0.9,5,2.5,0.0,0.0,-0.09721854544609643,0.01839805129029859,6000
block_bootstrap,US index/ETF pool,63,0.9,5,3.0,0.0,0.0,-0.09980408473713231,0.017377222188118324,6000
block_bootstrap,US index/ETF pool,63,0.9,5,3.5,0.0033333333333333335,0.00016666666666666666,-0.1136675228384737,0.01578912049528336,6000
block_bootstrap,US index/ETF pool,63,0.9,5,4.0,0.010166666666666666,0.002,-0.15663902534804552,0.01229269697255675,6000
block_bootstrap,US index/ETF pool,63,0.9,5,4.5,0.019166666666666665,0.005666666666666667,-0.15880670756473247,0.008388015935020476,6000
block_bootstrap,US index/ETF pool,63,0.9,5,5.0,0.028333333333333332,0.010166666666666666,-0.16976367686750682,0.004311820579325776,6000
block_bootstrap,US index/ETF pool,63,0.9,5,5.5,0.04666666666666667,0.013666666666666667,-0.20461704496966804,-0.0004473957578665644,6000
block_bootstrap,US index/ETF pool,63,0.9,5,6.0,0.066,0.018833333333333334,-0.2282263169871681,-0.004071336262277958,6000
block_bootstrap,US index/ETF pool,63,0.9,5,6.5,0.086,0.026333333333333334,-0.2558348909962924,-0.007116760267944278,6000
block_bootstrap,US index/ETF pool,63,0.9,5,7.0,0.1085,0.03166666666666667,-0.2511400937037608,-0.011528666227810236,6000
block_bootstrap,US index/ETF pool,63,0.9,5,7.5,0.13116666666666665,0.03916666666666667,-0.2447968043779022,-0.013978900847120723,6000
block_bootstrap,US index/ETF pool,63,0.9,5,8.0,0.152,0.046,-0.243031552402584,-0.016711887381845036,6000
block_bootstrap,US index/ETF pool,63,0.95,1,1.0,0.0,0.0,-0.032612752870816775,0.005641731627916924,6000
block_bootstrap,US index/ETF pool,63,0.95,1,1.5,0.0,0.0,-0.04200608580231446,0.008307264932018388,6000
block_bootstrap,US index/ETF pool,63,0.95,1,2.0,0.0,0.0,-0.04602733758950184,0.00897332131631945,6000
block_bootstrap,US index/ETF pool,63,0.95,1,2.5,0.0,0.0,-0.048199766856684034,0.008953929872870692,6000
block_bootstrap,US index/ETF pool,63,0.95,1,3.0,0.00016666666666666666,0.0,-0.050135179104501604,0.008606791473523945,6000
block_bootstrap,US index/ETF pool,63,0.95,1,3.5,0.0011666666666666668,0.0,-0.05047807751342881,0.007432674997343902,6000
block_bootstrap,US index/ETF pool,63,0.95,1,4.0,0.0031666666666666666,0.0,-0.050889750474741424,0.005372893417123326,6000
block_bootstrap,US index/ETF pool,63,0.95,1,4.5,0.007166666666666667,0.0,-0.050598583564249844,0.0025950861301806682,6000
block_bootstrap,US index/ETF pool,63,0.95,1,5.0,0.014,0.0,-0.052127306604230594,-0.00047381684124092605,6000
block_bootstrap,US index/ETF pool,63,0.95,1,5.5,0.02,0.0,-0.05976249821704316,-0.0037723388787478385,6000
block_bootstrap,US index/ETF pool,63,0.95,1,6.0,0.029333333333333333,0.0003333333333333333,-0.06879623883276087,-0.0073252869965168,6000
block_bootstrap,US index/ETF pool,63,0.95,1,6.5,0.042666666666666665,0.0005,-0.08265802246437715,-0.011490060994669982,6000
block_bootstrap,US index/ETF pool,63,0.95,1,7.0,0.05583333333333333,0.001,-0.1041444063048067,-0.015566333603540428,6000
block_bootstrap,US index/ETF pool,63,0.95,1,7.5,0.0775,0.0011666666666666668,-0.1256168375749942,-0.01911697756491515,6000
block_bootstrap,US index/ETF pool,63,0.95,1,8.0,0.10283333333333333,0.0018333333333333333,-0.08938638352714501,-0.022360076200722223,6000
block_bootstrap,US index/ETF pool,63,0.95,5,1.0,0.0,0.0,-0.032612752870816775,0.005641731627916924,6000
block_bootstrap,US index/ETF pool,63,0.95,5,1.5,0.0,0.0,-0.04267872560575692,0.008365695054429079,6000
block_bootstrap,US index/ETF pool,63,0.95,5,2.0,0.0,0.0,-0.04696975757311328,0.009231990348383068,6000
block_bootstrap,US index/ETF pool,63,0.95,5,2.5,0.0,0.0,-0.048633243528050096,0.009599496807727093,6000
block_bootstrap,US index/ETF pool,63,0.95,5,3.0,0.0005,0.0,-0.05071410998616188,0.008719457587774704,6000
block_bootstrap,US index/ETF pool,63,0.95,5,3.5,0.004666666666666667,0.0,-0.05665091711421222,0.007778528095551351,6000
block_bootstrap,US index/ETF pool,63,0.95,5,4.0,0.012,0.0008333333333333334,-0.07460725117461742,0.005974338375199562,6000
block_bootstrap,US index/ETF pool,63,0.95,5,4.5,0.0225,0.0033333333333333335,-0.09634991162713247,0.0036942810126738834,6000
block_bootstrap,US index/ETF pool,63,0.95,5,5.0,0.033666666666666664,0.005,-0.12502816598991695,0.00044292885907415425,6000
block_bootstrap,US index/ETF pool,63,0.95,5,5.5,0.05433333333333333,0.008166666666666666,-0.17150894355215995,-0.00299489622944904,6000
block_bootstrap,US index/ETF pool,63,0.95,5,6.0,0.07716666666666666,0.0115,-0.18721514448597265,-0.006501272328680141,6000
block_bootstrap,US index/ETF pool,63,0.95,5,6.5,0.09916666666666667,0.015333333333333332,-0.17781434012657438,-0.011021158968433697,6000
block_bootstrap,US index/ETF pool,63,0.95,5,7.0,0.128,0.020666666666666667,-0.17162912616702908,-0.014899219741959957,6000
block_bootstrap,US index/ETF pool,63,0.95,5,7.5,0.1555,0.027,-0.18239325718681276,-0.01909771773357849,6000
block_bootstrap,US index/ETF pool,63,0.95,5,8.0,0.18016666666666667,0.035,-0.19474032561799437,-0.02302063599727433,6000
block_bootstrap,Single-stock pool (23),63,0.8,1,1.0,0.0,0.0,-0.18602925714309948,0.03563568532097183,6000
block_bootstrap,Single-stock pool (23),63,0.8,1,1.5,0.00016666666666666666,0.0,-0.20050276433928027,0.043433251017370056,6000
block_bootstrap,Single-stock pool (23),63,0.8,1,2.0,0.0015,0.0005,-0.21925288023622602,0.04190560377971275,6000
block_bootstrap,Single-stock pool (23),63,0.8,1,2.5,0.004833333333333334,0.0006666666666666666,-0.2908533791885115,0.033143858057877784,6000
block_bootstrap,Single-stock pool (23),63,0.8,1,3.0,0.013,0.004833333333333334,-0.2796772455367783,0.02252327399237042,6000
block_bootstrap,Single-stock pool (23),63,0.8,1,3.5,0.023333333333333334,0.009333333333333334,-0.3194597093966389,0.015035292687972657,6000
block_bootstrap,Single-stock pool (23),63,0.8,1,4.0,0.035666666666666666,0.014833333333333334,-0.34722117569224253,0.013718145513426983,6000
block_bootstrap,Single-stock pool (23),63,0.8,1,4.5,0.04816666666666667,0.020166666666666666,-0.3863810300275521,0.020317878537595035,6000
block_bootstrap,Single-stock pool (23),63,0.8,1,5.0,0.06433333333333334,0.023,-0.39419509852651413,0.033812781224642485,6000
block_bootstrap,Single-stock pool (23),63,0.8,1,5.5,0.08516666666666667,0.025666666666666667,-0.4159705072145199,0.04195809085476143,6000
block_bootstrap,Single-stock pool (23),63,0.8,1,6.0,0.10316666666666667,0.03216666666666667,-0.42622676625354117,0.0440118194544894,6000
block_bootstrap,Single-stock pool (23),63,0.8,1,6.5,0.12733333333333333,0.036333333333333336,-0.4249561042244141,0.04773771722222753,6000
block_bootstrap,Single-stock pool (23),63,0.8,1,7.0,0.15083333333333335,0.04066666666666666,-0.42231327708518596,0.05335319067927702,6000
block_bootstrap,Single-stock pool (23),63,0.8,1,7.5,0.16783333333333333,0.04516666666666667,-0.4258029570446863,0.05455620878099987,6000
block_bootstrap,Single-stock pool (23),63,0.8,1,8.0,0.18183333333333335,0.049,-0.4258029570446863,0.05725975340629219,6000
block_bootstrap,Single-stock pool (23),63,0.8,5,1.0,0.0,0.0,-0.18602925714309948,0.03563568532097183,6000
block_bootstrap,Single-stock pool (23),63,0.8,5,1.5,0.0008333333333333334,0.0006666666666666666,-0.2502512284006808,0.04411886359833783,6000
block_bootstrap,Single-stock pool (23),63,0.8,5,2.0,0.003,0.0013333333333333333,-0.3067032368534459,0.04277683734290427,6000
block_bootstrap,Single-stock pool (23),63,0.8,5,2.5,0.0105,0.0045,-0.36064491651253494,0.03567150906165617,6000
block_bootstrap,Single-stock pool (23),63,0.8,5,3.0,0.023166666666666665,0.012833333333333334,-0.44694379232743653,0.026944820486975773,6000
block_bootstrap,Single-stock pool (23),63,0.8,5,3.5,0.03883333333333333,0.021333333333333333,-0.5330113833582062,0.021787879312884728,6000
block_bootstrap,Single-stock pool (23),63,0.8,5,4.0,0.065,0.03216666666666667,-0.649801777391352,0.023331665686985303,6000
block_bootstrap,Single-stock pool (23),63,0.8,5,4.5,0.08683333333333333,0.045,-0.7581840271124233,0.033460578845326605,6000
block_bootstrap,Single-stock pool (23),63,0.8,5,5.0,0.10966666666666666,0.0555,-0.8458553908965928,0.04243847360716546,6000
block_bootstrap,Single-stock pool (23),63,0.8,5,5.5,0.13716666666666666,0.06433333333333334,-0.8458553908965929,0.05507288789630138,6000
block_bootstrap,Single-stock pool (23),63,0.8,5,6.0,0.15833333333333333,0.076,-0.8458553908965929,0.06278423459457727,6000
block_bootstrap,Single-stock pool (23),63,0.8,5,6.5,0.18133333333333335,0.08516666666666667,-0.8458553908965929,0.06773017771370715,6000
block_bootstrap,Single-stock pool (23),63,0.8,5,7.0,0.20183333333333334,0.09483333333333334,-0.8458553908965929,0.06950496420222319,6000
block_bootstrap,Single-stock pool (23),63,0.8,5,7.5,0.22433333333333333,0.10266666666666667,-0.8458553908965929,0.07292025969905458,6000
block_bootstrap,Single-stock pool (23),63,0.8,5,8.0,0.24083333333333334,0.11083333333333334,-0.8458553908965929,0.07354538650660669,6000
block_bootstrap,Single-stock pool (23),63,0.9,1,1.0,0.0,0.0,-0.09301462857154974,0.017817842660486027,6000
block_bootstrap,Single-stock pool (23),63,0.9,1,1.5,0.0003333333333333333,0.0,-0.10025100999732073,0.021835048127878842,6000
block_bootstrap,Single-stock pool (23),63,0.9,1,2.0,0.0018333333333333333,0.0,-0.10948116563548271,0.021156783879249463,6000
block_bootstrap,Single-stock pool (23),63,0.9,1,2.5,0.006166666666666667,0.0005,-0.18927541958852967,0.015853397788653023,6000
block_bootstrap,Single-stock pool (23),63,0.9,1,3.0,0.01633333333333333,0.0033333333333333335,-0.32560200986141097,0.0072883241982393265,6000
block_bootstrap,Single-stock pool (23),63,0.9,1,3.5,0.0295,0.008333333333333333,-0.3755360184697816,-0.0036341637182129016,6000
block_bootstrap,Single-stock pool (23),63,0.9,1,4.0,0.0455,0.0125,-0.32246598566949314,-0.01592002392469749,6000
block_bootstrap,Single-stock pool (23),63,0.9,1,4.5,0.0655,0.021833333333333333,-0.31238219697097847,-0.027304432058387063,6000
block_bootstrap,Single-stock pool (23),63,0.9,1,5.0,0.09283333333333334,0.026833333333333334,-0.30447791971571725,-0.03807270841587629,6000
block_bootstrap,Single-stock pool (23),63,0.9,1,5.5,0.12466666666666666,0.03183333333333333,-0.34368711235575666,-0.048685858265458126,6000
block_bootstrap,Single-stock pool (23),63,0.9,1,6.0,0.15333333333333332,0.036166666666666666,-0.33003736266299655,-0.05857101174612067,6000
block_bootstrap,Single-stock pool (23),63,0.9,1,6.5,0.18483333333333332,0.04066666666666666,-0.3283479117762793,-0.06710542693307886,6000
block_bootstrap,Single-stock pool (23),63,0.9,1,7.0,0.21383333333333332,0.044,-0.3064408108912229,-0.07386183746859476,6000
block_bootstrap,Single-stock pool (23),63,0.9,1,7.5,0.23966666666666667,0.0485,-0.2995752009576872,-0.07981576761125075,6000
block_bootstrap,Single-stock pool (23),63,0.9,1,8.0,0.27,0.05366666666666667,-0.3798685456838681,-0.08520733364048283,6000
block_bootstrap,Single-stock pool (23),63,0.9,5,1.0,0.0,0.0,-0.09301462857154974,0.017817842660486027,6000
block_bootstrap,Single-stock pool (23),63,0.9,5,1.5,0.001,0.0006666666666666666,-0.124970322224214,0.022236120613205124,6000
block_bootstrap,Single-stock pool (23),63,0.9,5,2.0,0.0031666666666666666,0.0008333333333333334,-0.15512357153997858,0.021700835616262015,6000
block_bootstrap,Single-stock pool (23),63,0.9,5,2.5,0.0125,0.0033333333333333335,-0.18194408146988406,0.016745911997819496,6000
block_bootstrap,Single-stock pool (23),63,0.9,5,3.0,0.028333333333333332,0.012,-0.2687460447263592,0.008419604104164424,6000
block_bootstrap,Single-stock pool (23),63,0.9,5,3.5,0.048666666666666664,0.0195,-0.43017633563096447,-0.0017046446730127895,6000
block_bootstrap,Single-stock pool (23),63,0.9,5,4.0,0.07916666666666666,0.031,-0.40177099845067143,-0.013618743657390908,6000
block_bootstrap,Single-stock pool (23),63,0.9,5,4.5,0.11366666666666667,0.044333333333333336,-0.40747899287391176,-0.02562073813946597,6000
block_bootstrap,Single-stock pool (23),63,0.9,5,5.0,0.14966666666666667,0.059,-0.43216968647893705,-0.03553186119143281,6000
block_bootstrap,Single-stock pool (23),63,0.9,5,5.5,0.18666666666666668,0.07416666666666667,-0.4088466900615242,-0.04605994895298604,6000
block_bootstrap,Single-stock pool (23),63,0.9,5,6.0,0.22233333333333333,0.08633333333333333,-0.41509504234432293,-0.05572234406416077,6000
block_bootstrap,Single-stock pool (23),63,0.9,5,6.5,0.25566666666666665,0.09666666666666666,-0.4327888782884626,-0.0646564831554115,6000
block_bootstrap,Single-stock pool (23),63,0.9,5,7.0,0.29133333333333333,0.11233333333333333,-0.48972904735757117,-0.07280820760668072,6000
block_bootstrap,Single-stock pool (23),63,0.9,5,7.5,0.32916666666666666,0.12666666666666668,-0.560903030853573,-0.08090532434676778,6000
block_bootstrap,Single-stock pool (23),63,0.9,5,8.0,0.35733333333333334,0.14133333333333334,-0.6187347667316274,-0.08756066724419898,6000
block_bootstrap,Single-stock pool (23),63,0.95,1,1.0,0.0,0.0,-0.046507314285774815,0.008908921330243125,6000
block_bootstrap,Single-stock pool (23),63,0.95,1,1.5,0.0011666666666666668,0.0,-0.05396955598882269,0.011804441746188221,6000
block_bootstrap,Single-stock pool (23),63,0.95,1,2.0,0.0035,0.0,-0.056382423449583,0.01071515755027308,6000
block_bootstrap,Single-stock pool (23),63,0.95,1,2.5,0.010166666666666666,0.0003333333333333333,-0.09404844708561888,0.008203148053639975,6000
block_bootstrap,Single-stock pool (23),63,0.95,1,3.0,0.02266666666666667,0.0015,-0.14715758837641846,0.0039021378387849026,6000
block_bootstrap,Single-stock pool (23),63,0.95,1,3.5,0.038,0.0045,-0.22662230064691513,-0.0023075016102405144,6000
block_bootstrap,Single-stock pool (23),63,0.95,1,4.0,0.05683333333333333,0.008833333333333334,-0.3724605929740694,-0.009378233181718154,6000
block_bootstrap,Single-stock pool (23),63,0.95,1,4.5,0.08233333333333333,0.013833333333333333,-0.3502182405764054,-0.016350684117288572,6000
block_bootstrap,Single-stock pool (23),63,0.95,1,5.0,0.11733333333333333,0.021,-0.34913259256534324,-0.02295291040861036,6000
block_bootstrap,Single-stock pool (23),63,0.95,1,5.5,0.14916666666666667,0.02666666666666667,-0.4002492216898237,-0.028729591432850254,6000
block_bootstrap,Single-stock pool (23),63,0.95,1,6.0,0.18366666666666667,0.03133333333333333,-0.36491092774814016,-0.034081006265896274,6000
block_bootstrap,Single-stock pool (23),63,0.95,1,6.5,0.21983333333333333,0.036166666666666666,-0.3725615790887645,-0.0386287403436536,6000
block_bootstrap,Single-stock pool (23),63,0.95,1,7.0,0.25466666666666665,0.0405,-0.3759025199328564,-0.04174929447044928,6000
block_bootstrap,Single-stock pool (23),63,0.95,1,7.5,0.2951666666666667,0.04583333333333333,-0.3820976039639735,-0.04460681801825894,6000
block_bootstrap,Single-stock pool (23),63,0.95,1,8.0,0.3293333333333333,0.04933333333333333,-0.3842552753040469,-0.046311288868889244,6000
block_bootstrap,Single-stock pool (23),63,0.95,5,1.0,0.0,0.0,-0.046507314285774815,0.008908921330243125,6000
block_bootstrap,Single-stock pool (23),63,0.95,5,1.5,0.0015,0.0005,-0.06948123596705302,0.012194368182471216,6000
block_bootstrap,Single-stock pool (23),63,0.95,5,2.0,0.005666666666666667,0.0008333333333333334,-0.07847480591282907,0.011062260371474952,6000
block_bootstrap,Single-stock pool (23),63,0.95,5,2.5,0.0145,0.0015,-0.09058923257009222,0.008691206047027666,6000
block_bootstrap,Single-stock pool (23),63,0.95,5,3.0,0.032,0.007166666666666667,-0.11626427631118219,0.0043002358010388875,6000
block_bootstrap,Single-stock pool (23),63,0.95,5,3.5,0.056,0.014,-0.18896136946356257,-0.0016730876359645208,6000
block_bootstrap,Single-stock pool (23),63,0.95,5,4.0,0.09,0.02266666666666667,-0.22507556786650162,-0.008862482079407874,6000
block_bootstrap,Single-stock pool (23),63,0.95,5,4.5,0.12983333333333333,0.0345,-0.3622931893211482,-0.016149970789267054,6000
block_bootstrap,Single-stock pool (23),63,0.95,5,5.0,0.17266666666666666,0.04583333333333333,-0.40680766629042486,-0.02327299862414467,6000
block_bootstrap,Single-stock pool (23),63,0.95,5,5.5,0.218,0.0605,-0.43055465914316393,-0.02948041306282101,6000
block_bootstrap,Single-stock pool (23),63,0.95,5,6.0,0.25283333333333335,0.073,-0.471050614683976,-0.03556340802683533,6000
block_bootstrap,Single-stock pool (23),63,0.95,5,6.5,0.2971666666666667,0.08633333333333333,-0.4673004138257316,-0.04019216208471821,6000
block_bootstrap,Single-stock pool (23),63,0.95,5,7.0,0.33866666666666667,0.09716666666666667,-0.4734426979547952,-0.04368889876828819,6000
block_bootstrap,Single-stock pool (23),63,0.95,5,7.5,0.3868333333333333,0.11033333333333334,-0.48042654508793725,-0.04624538982121673,6000
block_bootstrap,Single-stock pool (23),63,0.95,5,8.0,0.4256666666666667,0.12716666666666668,-0.4668109638431561,-0.047900455351445936,6000
block_bootstrap,Intl index pool,63,0.8,1,1.0,0.0,0.0,-0.1225463615781277,0.016060262973322192,6000
block_bootstrap,Intl index pool,63,0.8,1,1.5,0.0,0.0,-0.15700075660650692,0.020623760990077233,6000
block_bootstrap,Intl index pool,63,0.8,1,2.0,0.0,0.0,-0.17869199718593065,0.022893180328144913,6000
block_bootstrap,Intl index pool,63,0.8,1,2.5,0.0,0.0,-0.19296494247755558,0.02296796255742639,6000
block_bootstrap,Intl index pool,63,0.8,1,3.0,0.005833333333333334,0.0,-0.20044122393551134,0.021297832048522203,6000
block_bootstrap,Intl index pool,63,0.8,1,3.5,0.006,0.005666666666666667,-0.254939664016665,0.019080158975071315,6000
block_bootstrap,Intl index pool,63,0.8,1,4.0,0.006,0.005833333333333334,-0.2848793956981349,0.019585576138028138,6000
block_bootstrap,Intl index pool,63,0.8,1,4.5,0.007166666666666667,0.005833333333333334,-0.31286859931499655,0.024194166296871877,6000
block_bootstrap,Intl index pool,63,0.8,1,5.0,0.0115,0.0065,-0.3352702938531822,0.03096945375600413,6000
block_bootstrap,Intl index pool,63,0.8,1,5.5,0.0115,0.008,-0.34311399185627034,0.038357667198069656,6000
block_bootstrap,Intl index pool,63,0.8,1,6.0,0.013333333333333334,0.008333333333333333,-0.3533094841926674,0.04344236371363186,6000
block_bootstrap,Intl index pool,63,0.8,1,6.5,0.016666666666666666,0.0085,-0.3668314153161911,0.04755624287811244,6000
block_bootstrap,Intl index pool,63,0.8,1,7.0,0.02033333333333333,0.008666666666666666,-0.3741584701685169,0.05050058463378715,6000
block_bootstrap,Intl index pool,63,0.8,1,7.5,0.027,0.008666666666666666,-0.3856129604469767,0.05204204876451879,6000
block_bootstrap,Intl index pool,63,0.8,1,8.0,0.0395,0.008666666666666666,-0.38623550978137866,0.05389284667538652,6000
block_bootstrap,Intl index pool,63,0.8,5,1.0,0.0,0.0,-0.1225463615781277,0.016060262973322192,6000
block_bootstrap,Intl index pool,63,0.8,5,1.5,0.0,0.0,-0.15835249413203456,0.02101472335476373,6000
block_bootstrap,Intl index pool,63,0.8,5,2.0,0.0,0.0,-0.18356043204808548,0.023849392523262347,6000
block_bootstrap,Intl index pool,63,0.8,5,2.5,0.0023333333333333335,0.0016666666666666668,-0.21361766740057353,0.02461783484801816,6000
block_bootstrap,Intl index pool,63,0.8,5,3.0,0.005666666666666667,0.005,-0.27374798324475125,0.022735124211041846,6000
block_bootstrap,Intl index pool,63,0.8,5,3.5,0.005666666666666667,0.0055,-0.3398697951150277,0.02086749254363718,6000
block_bootstrap,Intl index pool,63,0.8,5,4.0,0.0095,0.006166666666666667,-0.3770975678817181,0.022578327879443805,6000
block_bootstrap,Intl index pool,63,0.8,5,4.5,0.013666666666666667,0.007666666666666666,-0.3973379452495117,0.02774583214293891,6000
block_bootstrap,Intl index pool,63,0.8,5,5.0,0.0225,0.011,-0.4141748289755268,0.0365679211048493,6000
block_bootstrap,Intl index pool,63,0.8,5,5.5,0.029833333333333333,0.014666666666666666,-0.42435833956773794,0.04420700325478766,6000
block_bootstrap,Intl index pool,63,0.8,5,6.0,0.0385,0.017833333333333333,-0.42049614711871786,0.05006804101528628,6000
block_bootstrap,Intl index pool,63,0.8,5,6.5,0.04616666666666667,0.020666666666666667,-0.4467986320737638,0.05277566940282985,6000
block_bootstrap,Intl index pool,63,0.8,5,7.0,0.05733333333333333,0.023666666666666666,-0.4339801509958441,0.05720535890390588,6000
block_bootstrap,Intl index pool,63,0.8,5,7.5,0.07216666666666667,0.027333333333333334,-0.42597738873028823,0.0590161211177187,6000
block_bootstrap,Intl index pool,63,0.8,5,8.0,0.08116666666666666,0.03233333333333333,-0.4217105028833188,0.06117718858970678,6000
block_bootstrap,Intl index pool,63,0.9,1,1.0,0.0,0.0,-0.06127318078906385,0.008030131486661096,6000
block_bootstrap,Intl index pool,63,0.9,1,1.5,0.0,0.0,-0.07938577556105886,0.010812733524316442,6000
block_bootstrap,Intl index pool,63,0.9,1,2.0,0.0,0.0,-0.09037492823452209,0.011576562613210273,6000
block_bootstrap,Intl index pool,63,0.9,1,2.5,0.0,0.0,-0.09675259212436316,0.011665920674032382,6000
block_bootstrap,Intl index pool,63,0.9,1,3.0,0.005833333333333334,0.0,-0.10286513362112648,0.010587461476184501,6000
block_bootstrap,Intl index pool,63,0.9,1,3.5,0.006,0.005,-0.12355937143397555,0.008009009621966712,6000
block_bootstrap,Intl index pool,63,0.9,1,4.0,0.0065,0.005666666666666667,-0.14747155220637542,0.004438126862388536,6000
block_bootstrap,Intl index pool,63,0.9,1,4.5,0.0085,0.005666666666666667,-0.17689106731812765,-6.425614118277245e-05,6000
block_bootstrap,Intl index pool,63,0.9,1,5.0,0.013166666666666667,0.005833333333333334,-0.2202681181103885,-0.0044427243134341765,6000
block_bootstrap,Intl index pool,63,0.9,1,5.5,0.0155,0.006833333333333334,-0.26702652554041106,-0.008949681449898828,6000
block_bootstrap,Intl index pool,63,0.9,1,6.0,0.018,0.007,-0.2553311246677603,-0.013698215689502358,6000
block_bootstrap,Intl index pool,63,0.9,1,6.5,0.0235,0.006833333333333334,-0.2907568021598984,-0.019110343917486228,6000
block_bootstrap,Intl index pool,63,0.9,1,7.0,0.0335,0.006833333333333334,-0.29607754422652244,-0.023307328274169148,6000
block_bootstrap,Intl index pool,63,0.9,1,7.5,0.04466666666666667,0.007833333333333333,-0.30783129768251094,-0.02786028606063562,6000
block_bootstrap,Intl index pool,63,0.9,1,8.0,0.06583333333333333,0.008666666666666666,-0.31358074146283665,-0.03147216328753755,6000
block_bootstrap,Intl index pool,63,0.9,5,1.0,0.0,0.0,-0.06127318078906385,0.008030131486661096,6000
block_bootstrap,Intl index pool,63,0.9,5,1.5,0.0,0.0,-0.08083231594748974,0.010999937041426211,6000
block_bootstrap,Intl index pool,63,0.9,5,2.0,0.0,0.0,-0.09103532215547472,0.01172124702091959,6000
block_bootstrap,Intl index pool,63,0.9,5,2.5,0.0025,0.0,-0.10823744903323895,0.012233072208849949,6000
block_bootstrap,Intl index pool,63,0.9,5,3.0,0.005666666666666667,0.005,-0.1406872062768061,0.01126378936953465,6000
block_bootstrap,Intl index pool,63,0.9,5,3.5,0.005666666666666667,0.0055,-0.17932343934847528,0.009157623745245536,6000
block_bootstrap,Intl index pool,63,0.9,5,4.0,0.0105,0.005833333333333334,-0.23847584779976616,0.005283650514314786,6000
block_bootstrap,Intl index pool,63,0.9,5,4.5,0.016666666666666666,0.006333333333333333,-0.2779149872292168,0.0006930585829509894,6000
block_bootstrap,Intl index pool,63,0.9,5,5.0,0.028333333333333332,0.009,-0.2968791212618188,-0.004436875506559357,6000
block_bootstrap,Intl index pool,63,0.9,5,5.5,0.0385,0.013333333333333334,-0.32016454289043583,-0.008948114190939771,6000
block_bootstrap,Intl index pool,63,0.9,5,6.0,0.051,0.01633333333333333,-0.3666264092220798,-0.013764919653239893,6000
block_bootstrap,Intl index pool,63,0.9,5,6.5,0.06416666666666666,0.020166666666666666,-0.3687936224919308,-0.018083678650782642,6000
block_bootstrap,Intl index pool,63,0.9,5,7.0,0.0835,0.024833333333333332,-0.3883622846344391,-0.022009475265502232,6000
block_bootstrap,Intl index pool,63,0.9,5,7.5,0.10316666666666667,0.03133333333333333,-0.3944831522278487,-0.026688806514327923,6000
block_bootstrap,Intl index pool,63,0.9,5,8.0,0.12166666666666667,0.0375,-0.39246695543995913,-0.02944136096626626,6000
block_bootstrap,Intl index pool,63,0.95,1,1.0,0.0,0.0,-0.030636590394532037,0.004015065743330659,6000
block_bootstrap,Intl index pool,63,0.95,1,1.5,0.0,0.0,-0.040612380694257766,0.00584669083519973,6000
block_bootstrap,Intl index pool,63,0.95,1,2.0,0.0,0.0,-0.04699489771359233,0.0060022619740500716,6000
block_bootstrap,Intl index pool,63,0.95,1,2.5,0.0,0.0,-0.049819004474969675,0.0058644496529587364,6000
block_bootstrap,Intl index pool,63,0.95,1,3.0,0.005833333333333334,0.0,-0.05150775949071451,0.005218123524340479,6000
block_bootstrap,Intl index pool,63,0.95,1,3.5,0.0065,0.0003333333333333333,-0.06175696285072252,0.004032265914518884,6000
block_bootstrap,Intl index pool,63,0.95,1,4.0,0.0085,0.004166666666666667,-0.07367368510363059,0.0019792447216038234,6000
block_bootstrap,Intl index pool,63,0.95,1,4.5,0.012166666666666666,0.005333333333333333,-0.08509771759010643,-0.000356640732546154,6000
block_bootstrap,Intl index pool,63,0.95,1,5.0,0.017166666666666667,0.0055,-0.09613828900508448,-0.0031379911329323384,6000
block_bootstrap,Intl index pool,63,0.95,1,5.5,0.019833333333333335,0.0055,-0.1078769492724938,-0.006133415979638901,6000
block_bootstrap,Intl index pool,63,0.95,1,6.0,0.026833333333333334,0.005833333333333334,-0.11960018600456324,-0.009434976083576574,6000
block_bootstrap,Intl index pool,63,0.95,1,6.5,0.035166666666666666,0.005666666666666667,-0.14068635895418746,-0.012940917720470235,6000
block_bootstrap,Intl index pool,63,0.95,1,7.0,0.04416666666666667,0.005333333333333333,-0.18103797093039686,-0.016443551675163426,6000
block_bootstrap,Intl index pool,63,0.95,1,7.5,0.059833333333333336,0.005333333333333333,-0.21581472529494383,-0.01970001015756251,6000
block_bootstrap,Intl index pool,63,0.95,1,8.0,0.08433333333333333,0.005666666666666667,-0.2605704339911613,-0.02315782206569883,6000
block_bootstrap,Intl index pool,63,0.95,5,1.0,0.0,0.0,-0.030636590394532037,0.004015065743330659,6000
block_bootstrap,Intl index pool,63,0.95,5,1.5,0.0,0.0,-0.040864247965146094,0.005948850354737578,6000
block_bootstrap,Intl index pool,63,0.95,5,2.0,0.0,0.0,-0.04729121390900315,0.006209604554983761,6000
block_bootstrap,Intl index pool,63,0.95,5,2.5,0.002,0.0,-0.05532336137037186,0.005930907046211242,6000
block_bootstrap,Intl index pool,63,0.95,5,3.0,0.005666666666666667,0.0033333333333333335,-0.07062684031732502,0.005639791942048777,6000
block_bootstrap,Intl index pool,63,0.95,5,3.5,0.006666666666666667,0.005,-0.08891785870528957,0.004245721631679356,6000
block_bootstrap,Intl index pool,63,0.95,5,4.0,0.012833333333333334,0.005333333333333333,-0.11915625994565571,0.0026762485138527303,6000
block_bootstrap,Intl index pool,63,0.95,5,4.5,0.0195,0.006166666666666667,-0.15417079612136386,-2.7833468856375276e-05,6000
block_bootstrap,Intl index pool,63,0.95,5,5.0,0.031,0.006833333333333334,-0.19537055309422036,-0.002666066107028131,6000
block_bootstrap,Intl index pool,63,0.95,5,5.5,0.042166666666666665,0.008833333333333334,-0.24336837918718368,-0.005986808165052593,6000
block_bootstrap,Intl index pool,63,0.95,5,6.0,0.0575,0.0115,-0.28675585123385217,-0.009529589383968862,6000
block_bootstrap,Intl index pool,63,0.95,5,6.5,0.07183333333333333,0.014166666666666666,-0.30192466989522837,-0.013037647482597059,6000
block_bootstrap,Intl index pool,63,0.95,5,7.0,0.0925,0.015666666666666666,-0.3030543624089276,-0.016676391456546424,6000
block_bootstrap,Intl index pool,63,0.95,5,7.5,0.11666666666666667,0.021166666666666667,-0.31525897943102477,-0.020431518749049804,6000
block_bootstrap,Intl index pool,63,0.95,5,8.0,0.14066666666666666,0.02666666666666667,-0.3117064004008776,-0.024066156079281864,6000
