kind,label,gap,floor,m,breach,mbreach,worst,n
garch_gap,index-like (18% vol),0.0,0.8,1.0,0.0,0.0,-0.17424021101147458,8000
garch_gap,index-like (18% vol),0.0,0.8,1.5,0.0,0.0,-0.19419523682343975,8000
garch_gap,index-like (18% vol),0.0,0.8,2.0,0.000125,0.0,-0.20079900241087878,8000
garch_gap,index-like (18% vol),0.0,0.8,2.5,0.00075,0.000375,-0.25010005411398706,8000
garch_gap,index-like (18% vol),0.0,0.8,3.0,0.001875,0.0005,-0.2920650994661993,8000
garch_gap,index-like (18% vol),0.0,0.8,3.5,0.00325,0.000875,-0.33159225160413053,8000
garch_gap,index-like (18% vol),0.0,0.8,4.0,0.005,0.0015,-0.37164764451849175,8000
garch_gap,index-like (18% vol),0.0,0.8,4.5,0.006625,0.00225,-0.4297492899443426,8000
garch_gap,index-like (18% vol),0.0,0.8,5.0,0.008,0.002625,-0.4876723684358716,8000
garch_gap,index-like (18% vol),0.0,0.8,5.5,0.0095,0.003125,-0.5020447767951326,8000
garch_gap,index-like (18% vol),0.0,0.8,6.0,0.01175,0.004,-0.49850266328795656,8000
garch_gap,index-like (18% vol),0.0,0.8,6.5,0.013875,0.004,-0.49507074348428026,8000
garch_gap,index-like (18% vol),0.0,0.8,7.0,0.0155,0.0045,-0.4944625782826607,8000
garch_gap,index-like (18% vol),0.0,0.8,7.5,0.01725,0.00525,-0.4936221336842558,8000
garch_gap,index-like (18% vol),0.0,0.8,8.0,0.019375,0.00575,-0.4932343594471825,8000
garch_gap,index-like (18% vol),0.0,0.9,1.0,0.0,0.0,-0.08712010550573723,8000
garch_gap,index-like (18% vol),0.0,0.9,1.5,0.000125,0.0,-0.10020020052403555,8000
garch_gap,index-like (18% vol),0.0,0.9,2.0,0.00025,0.0,-0.10032441245635737,8000
garch_gap,index-like (18% vol),0.0,0.9,2.5,0.001375,0.000125,-0.12380400377164014,8000
garch_gap,index-like (18% vol),0.0,0.9,3.0,0.00275,0.0005,-0.14618597768519326,8000
garch_gap,index-like (18% vol),0.0,0.9,3.5,0.004,0.00075,-0.16962320284848997,8000
garch_gap,index-like (18% vol),0.0,0.9,4.0,0.00525,0.001125,-0.18357767413935766,8000
garch_gap,index-like (18% vol),0.0,0.9,4.5,0.008,0.001375,-0.1984754175413045,8000
garch_gap,index-like (18% vol),0.0,0.9,5.0,0.009125,0.002,-0.21014727393059718,8000
garch_gap,index-like (18% vol),0.0,0.9,5.5,0.012125,0.002375,-0.21853763405718096,8000
garch_gap,index-like (18% vol),0.0,0.9,6.0,0.014625,0.003375,-0.2306297202640405,8000
garch_gap,index-like (18% vol),0.0,0.9,6.5,0.018125,0.0045,-0.24777595529695884,8000
garch_gap,index-like (18% vol),0.0,0.9,7.0,0.02125,0.004875,-0.2486821305380773,8000
garch_gap,index-like (18% vol),0.0,0.9,7.5,0.0255,0.00575,-0.25275387766125523,8000
garch_gap,index-like (18% vol),0.0,0.9,8.0,0.029,0.006625,-0.2795569525524586,8000
garch_gap,index-like (18% vol),0.0,0.95,1.0,0.0,0.0,-0.04356005275286867,8000
garch_gap,index-like (18% vol),0.0,0.95,1.5,0.000125,0.0,-0.05007284548257285,8000
garch_gap,index-like (18% vol),0.0,0.95,2.0,0.000875,0.0,-0.05100054334902748,8000
garch_gap,index-like (18% vol),0.0,0.95,2.5,0.001875,0.0,-0.05524829369488682,8000
garch_gap,index-like (18% vol),0.0,0.95,3.0,0.00275,0.000375,-0.06483737198072959,8000
garch_gap,index-like (18% vol),0.0,0.95,3.5,0.004375,0.0005,-0.08319629944092344,8000
garch_gap,index-like (18% vol),0.0,0.95,4.0,0.006625,0.000875,-0.094248417433895,8000
garch_gap,index-like (18% vol),0.0,0.95,4.5,0.00875,0.00125,-0.10021273481881687,8000
garch_gap,index-like (18% vol),0.0,0.95,5.0,0.011625,0.0015,-0.11154333188423005,8000
garch_gap,index-like (18% vol),0.0,0.95,5.5,0.014375,0.001875,-0.14406136602607278,8000
garch_gap,index-like (18% vol),0.0,0.95,6.0,0.01775,0.00225,-0.1224639724030413,8000
garch_gap,index-like (18% vol),0.0,0.95,6.5,0.02075,0.00275,-0.12313990205066327,8000
garch_gap,index-like (18% vol),0.0,0.95,7.0,0.025875,0.003125,-0.1332167438295433,8000
garch_gap,index-like (18% vol),0.0,0.95,7.5,0.030625,0.004,-0.1462372148283,8000
garch_gap,index-like (18% vol),0.0,0.95,8.0,0.035125,0.005125,-0.15705121833123403,8000
garch_gap,index-like (18% vol),0.1,0.8,1.0,0.0,0.0,-0.176816189910327,8000
garch_gap,index-like (18% vol),0.1,0.8,1.5,0.0,0.0,-0.19563901636667436,8000
garch_gap,index-like (18% vol),0.1,0.8,2.0,0.000125,0.0,-0.20079900241087878,8000
garch_gap,index-like (18% vol),0.1,0.8,2.5,0.000875,0.00025,-0.23542178290856652,8000
garch_gap,index-like (18% vol),0.1,0.8,3.0,0.00175,0.0005,-0.2669130953331287,8000
garch_gap,index-like (18% vol),0.1,0.8,3.5,0.003625,0.00075,-0.2851106369361053,8000
garch_gap,index-like (18% vol),0.1,0.8,4.0,0.005125,0.001125,-0.3032995742869191,8000
garch_gap,index-like (18% vol),0.1,0.8,4.5,0.007125,0.00175,-0.32223625279329127,8000
garch_gap,index-like (18% vol),0.1,0.8,5.0,0.008875,0.00225,-0.3356944725405725,8000
garch_gap,index-like (18% vol),0.1,0.8,5.5,0.010625,0.002625,-0.3442929301322081,8000
garch_gap,index-like (18% vol),0.1,0.8,6.0,0.014,0.0035,-0.35413198496777565,8000
garch_gap,index-like (18% vol),0.1,0.8,6.5,0.016875,0.004625,-0.3693098118286535,8000
garch_gap,index-like (18% vol),0.1,0.8,7.0,0.02,0.005375,-0.39453059469814045,8000
garch_gap,index-like (18% vol),0.1,0.8,7.5,0.02375,0.005375,-0.41532239576676655,8000
garch_gap,index-like (18% vol),0.1,0.8,8.0,0.029,0.006625,-0.44362960468926327,8000
garch_gap,index-like (18% vol),0.1,0.9,1.0,0.0,0.0,-0.08840809495516355,8000
garch_gap,index-like (18% vol),0.1,0.9,1.5,0.000125,0.0,-0.10020020052403555,8000
garch_gap,index-like (18% vol),0.1,0.9,2.0,0.000375,0.0,-0.10032441245635737,8000
garch_gap,index-like (18% vol),0.1,0.9,2.5,0.001625,0.0,-0.10980924834610561,8000
garch_gap,index-like (18% vol),0.1,0.9,3.0,0.003125,0.0005,-0.1252364208273805,8000
garch_gap,index-like (18% vol),0.1,0.9,3.5,0.00425,0.000625,-0.14486133513789434,8000
garch_gap,index-like (18% vol),0.1,0.9,4.0,0.006,0.001125,-0.14945689156757125,8000
garch_gap,index-like (18% vol),0.1,0.9,4.5,0.00875,0.001375,-0.1583080973028852,8000
garch_gap,index-like (18% vol),0.1,0.9,5.0,0.011625,0.00175,-0.16309285477313573,8000
garch_gap,index-like (18% vol),0.1,0.9,5.5,0.01475,0.002375,-0.18949558060358151,8000
garch_gap,index-like (18% vol),0.1,0.9,6.0,0.019375,0.00325,-0.19234753410245764,8000
garch_gap,index-like (18% vol),0.1,0.9,6.5,0.02375,0.00425,-0.19456458444996338,8000
garch_gap,index-like (18% vol),0.1,0.9,7.0,0.02975,0.0045,-0.19957707087726928,8000
garch_gap,index-like (18% vol),0.1,0.9,7.5,0.036125,0.005375,-0.20836127277546268,8000
garch_gap,index-like (18% vol),0.1,0.9,8.0,0.04625,0.006375,-0.21885844289115286,8000
garch_gap,index-like (18% vol),0.1,0.95,1.0,0.0,0.0,-0.044204047477581776,8000
garch_gap,index-like (18% vol),0.1,0.95,1.5,0.000125,0.0,-0.05007284548257285,8000
garch_gap,index-like (18% vol),0.1,0.95,2.0,0.001,0.0,-0.050838262441438964,8000
garch_gap,index-like (18% vol),0.1,0.95,2.5,0.002375,0.0,-0.053863515414694696,8000
garch_gap,index-like (18% vol),0.1,0.95,3.0,0.00325,0.00025,-0.06121585673102914,8000
garch_gap,index-like (18% vol),0.1,0.95,3.5,0.00475,0.0005,-0.06616390961282137,8000
garch_gap,index-like (18% vol),0.1,0.95,4.0,0.007875,0.000625,-0.07162313618520433,8000
garch_gap,index-like (18% vol),0.1,0.95,4.5,0.010625,0.001125,-0.07813176344448247,8000
garch_gap,index-like (18% vol),0.1,0.95,5.0,0.0135,0.00125,-0.08058959587114756,8000
garch_gap,index-like (18% vol),0.1,0.95,5.5,0.018125,0.0015,-0.0939254820994625,8000
garch_gap,index-like (18% vol),0.1,0.95,6.0,0.0225,0.001625,-0.10559169514949995,8000
garch_gap,index-like (18% vol),0.1,0.95,6.5,0.027125,0.002125,-0.11939775433061517,8000
garch_gap,index-like (18% vol),0.1,0.95,7.0,0.034875,0.002375,-0.12937869761628606,8000
garch_gap,index-like (18% vol),0.1,0.95,7.5,0.047,0.003125,-0.13550964835305723,8000
garch_gap,index-like (18% vol),0.1,0.95,8.0,0.06225,0.00375,-0.13816244330532212,8000
garch_gap,index-like (18% vol),0.15,0.8,1.0,0.0,0.0,-0.17810417935975342,8000
garch_gap,index-like (18% vol),0.15,0.8,1.5,0.0,0.0,-0.19832725385903693,8000
garch_gap,index-like (18% vol),0.15,0.8,2.0,0.00025,0.0,-0.20048328728389608,8000
garch_gap,index-like (18% vol),0.15,0.8,2.5,0.001125,0.000375,-0.25010005411398706,8000
garch_gap,index-like (18% vol),0.15,0.8,3.0,0.001875,0.0005,-0.2920650994661993,8000
garch_gap,index-like (18% vol),0.15,0.8,3.5,0.003625,0.00075,-0.33159225160413053,8000
garch_gap,index-like (18% vol),0.15,0.8,4.0,0.005625,0.00125,-0.37164764451849175,8000
garch_gap,index-like (18% vol),0.15,0.8,4.5,0.008625,0.002,-0.4297492899443426,8000
garch_gap,index-like (18% vol),0.15,0.8,5.0,0.011125,0.002625,-0.4876723684358716,8000
garch_gap,index-like (18% vol),0.15,0.8,5.5,0.0155,0.003375,-0.5020447767951326,8000
garch_gap,index-like (18% vol),0.15,0.8,6.0,0.026375,0.004375,-0.49850266328795656,8000
garch_gap,index-like (18% vol),0.15,0.8,6.5,0.070625,0.007625,-0.49507074348428026,8000
garch_gap,index-like (18% vol),0.15,0.8,7.0,0.158125,0.020125,-0.4944625782826607,8000
garch_gap,index-like (18% vol),0.15,0.8,7.5,0.174125,0.0635,-0.4936221336842558,8000
garch_gap,index-like (18% vol),0.15,0.8,8.0,0.176375,0.091125,-0.4932343594471825,8000
garch_gap,index-like (18% vol),0.15,0.9,1.0,0.0,0.0,-0.08905208967987666,8000
garch_gap,index-like (18% vol),0.15,0.9,1.5,0.00025,0.0,-0.10024936999370193,8000
garch_gap,index-like (18% vol),0.15,0.9,2.0,0.0005,0.0,-0.10099198529669229,8000
garch_gap,index-like (18% vol),0.15,0.9,2.5,0.00175,0.000125,-0.12380400377164014,8000
garch_gap,index-like (18% vol),0.15,0.9,3.0,0.00275,0.0005,-0.14618597768519326,8000
garch_gap,index-like (18% vol),0.15,0.9,3.5,0.0045,0.000625,-0.16962320284848997,8000
garch_gap,index-like (18% vol),0.15,0.9,4.0,0.006625,0.001,-0.18357767413935766,8000
garch_gap,index-like (18% vol),0.15,0.9,4.5,0.009875,0.001375,-0.1984754175413045,8000
garch_gap,index-like (18% vol),0.15,0.9,5.0,0.014125,0.00175,-0.21014727393059718,8000
garch_gap,index-like (18% vol),0.15,0.9,5.5,0.02375,0.00275,-0.21853763405718096,8000
garch_gap,index-like (18% vol),0.15,0.9,6.0,0.048625,0.00525,-0.225222929808212,8000
garch_gap,index-like (18% vol),0.15,0.9,6.5,0.2245,0.014,-0.22944653897682799,8000
garch_gap,index-like (18% vol),0.15,0.9,7.0,0.634,0.072375,-0.23751213984977992,8000
garch_gap,index-like (18% vol),0.15,0.9,7.5,0.69275,0.309875,-0.25275387766125523,8000
garch_gap,index-like (18% vol),0.15,0.9,8.0,0.69725,0.45575,-0.2795569525524586,8000
garch_gap,index-like (18% vol),0.15,0.95,1.0,0.0,0.0,-0.04452604483993838,8000
garch_gap,index-like (18% vol),0.15,0.95,1.5,0.00025,0.0,-0.05014578130652614,8000
garch_gap,index-like (18% vol),0.15,0.95,2.0,0.001125,0.0,-0.05100054334902748,8000
garch_gap,index-like (18% vol),0.15,0.95,2.5,0.002375,0.0,-0.05524829369488682,8000
garch_gap,index-like (18% vol),0.15,0.95,3.0,0.00375,0.00025,-0.06483737198072959,8000
garch_gap,index-like (18% vol),0.15,0.95,3.5,0.005875,0.000375,-0.08319629944092344,8000
garch_gap,index-like (18% vol),0.15,0.95,4.0,0.008875,0.0005,-0.094248417433895,8000
garch_gap,index-like (18% vol),0.15,0.95,4.5,0.013875,0.00075,-0.10021273481881687,8000
garch_gap,index-like (18% vol),0.15,0.95,5.0,0.020375,0.001,-0.10900175683700719,8000
garch_gap,index-like (18% vol),0.15,0.95,5.5,0.032375,0.001625,-0.11120071738617221,8000
garch_gap,index-like (18% vol),0.15,0.95,6.0,0.060875,0.002625,-0.1141118546737212,8000
garch_gap,index-like (18% vol),0.15,0.95,6.5,0.279875,0.006875,-0.1122856315135069,8000
garch_gap,index-like (18% vol),0.15,0.95,7.0,0.77725,0.035125,-0.12724192297329895,8000
garch_gap,index-like (18% vol),0.15,0.95,7.5,0.894125,0.192,-0.12264033915461914,8000
garch_gap,index-like (18% vol),0.15,0.95,8.0,0.909,0.407875,-0.11999654501565127,8000
garch_gap,index-like (18% vol),0.2,0.8,1.0,0.0,0.0,-0.17939216880917963,8000
garch_gap,index-like (18% vol),0.2,0.8,1.5,0.0,0.0,-0.19646455581680156,8000
garch_gap,index-like (18% vol),0.2,0.8,2.0,0.000125,0.0,-0.20003245626061084,8000
garch_gap,index-like (18% vol),0.2,0.8,2.5,0.001,0.000125,-0.25010005411398706,8000
garch_gap,index-like (18% vol),0.2,0.8,3.0,0.002125,0.0005,-0.2920650994661993,8000
garch_gap,index-like (18% vol),0.2,0.8,3.5,0.004625,0.000875,-0.33159225160413053,8000
garch_gap,index-like (18% vol),0.2,0.8,4.0,0.008875,0.002,-0.37164764451849175,8000
garch_gap,index-like (18% vol),0.2,0.8,4.5,0.018125,0.00425,-0.4297492899443426,8000
garch_gap,index-like (18% vol),0.2,0.8,5.0,0.210375,0.019875,-0.4876723684358716,8000
garch_gap,index-like (18% vol),0.2,0.8,5.5,0.3705,0.19825,-0.5020447767951326,8000
garch_gap,index-like (18% vol),0.2,0.8,6.0,0.372125,0.263375,-0.49850266328795656,8000
garch_gap,index-like (18% vol),0.2,0.8,6.5,0.371625,0.274625,-0.49507074348428026,8000
garch_gap,index-like (18% vol),0.2,0.8,7.0,0.372125,0.275875,-0.4944625782826607,8000
garch_gap,index-like (18% vol),0.2,0.8,7.5,0.36975,0.276875,-0.4936221336842558,8000
garch_gap,index-like (18% vol),0.2,0.8,8.0,0.369375,0.2765,-0.4932343594471825,8000
garch_gap,index-like (18% vol),0.2,0.9,1.0,0.0,0.0,-0.08969608440458987,8000
garch_gap,index-like (18% vol),0.2,0.9,1.5,0.000125,0.0,-0.10003158285769642,8000
garch_gap,index-like (18% vol),0.2,0.9,2.0,0.0005,0.0,-0.10023531556118759,8000
garch_gap,index-like (18% vol),0.2,0.9,2.5,0.001875,0.000125,-0.12380400377164014,8000
garch_gap,index-like (18% vol),0.2,0.9,3.0,0.0035,0.00025,-0.14618597768519326,8000
garch_gap,index-like (18% vol),0.2,0.9,3.5,0.00575,0.00075,-0.16962320284848997,8000
garch_gap,index-like (18% vol),0.2,0.9,4.0,0.01075,0.001375,-0.18357767413935766,8000
garch_gap,index-like (18% vol),0.2,0.9,4.5,0.028375,0.003375,-0.1984754175413045,8000
garch_gap,index-like (18% vol),0.2,0.9,5.0,0.4455,0.01775,-0.21014727393059718,8000
garch_gap,index-like (18% vol),0.2,0.9,5.5,0.88075,0.411125,-0.21853763405718096,8000
garch_gap,index-like (18% vol),0.2,0.9,6.0,0.8865,0.717625,-0.225222929808212,8000
garch_gap,index-like (18% vol),0.2,0.9,6.5,0.87725,0.768125,-0.22944653897682799,8000
garch_gap,index-like (18% vol),0.2,0.9,7.0,0.868125,0.774625,-0.23751213984977992,8000
garch_gap,index-like (18% vol),0.2,0.9,7.5,0.860625,0.771875,-0.25275387766125523,8000
garch_gap,index-like (18% vol),0.2,0.9,8.0,0.8535,0.768,-0.2795569525524586,8000
garch_gap,index-like (18% vol),0.2,0.95,1.0,0.0,0.0,-0.04484804220229499,8000
garch_gap,index-like (18% vol),0.2,0.95,1.5,0.000375,0.0,-0.05010293472285443,8000
garch_gap,index-like (18% vol),0.2,0.95,2.0,0.001125,0.0,-0.05121395981740595,8000
garch_gap,index-like (18% vol),0.2,0.95,2.5,0.00225,0.0,-0.05524829369488682,8000
garch_gap,index-like (18% vol),0.2,0.95,3.0,0.004875,0.000125,-0.06483737198072959,8000
garch_gap,index-like (18% vol),0.2,0.95,3.5,0.007375,0.000125,-0.08319629944092344,8000
garch_gap,index-like (18% vol),0.2,0.95,4.0,0.015,0.0005,-0.094248417433895,8000
garch_gap,index-like (18% vol),0.2,0.95,4.5,0.03825,0.001125,-0.10021273481881687,8000
garch_gap,index-like (18% vol),0.2,0.95,5.0,0.430125,0.00525,-0.11235422278955698,8000
garch_gap,index-like (18% vol),0.2,0.95,5.5,0.939,0.117375,-0.13703593450303364,8000
garch_gap,index-like (18% vol),0.2,0.95,6.0,0.96975,0.490625,-0.16640556928030403,8000
garch_gap,index-like (18% vol),0.2,0.95,6.5,0.975,0.721625,-0.1952565471558403,8000
garch_gap,index-like (18% vol),0.2,0.95,7.0,0.973875,0.794625,-0.20575974827332588,8000
garch_gap,index-like (18% vol),0.2,0.95,7.5,0.971875,0.819875,-0.2006279889681375,8000
garch_gap,index-like (18% vol),0.2,0.95,8.0,0.969,0.83025,-0.1965208308436056,8000
garch_gap,index-like (18% vol),0.25,0.8,1.0,0.0,0.0,-0.18068015825860584,8000
garch_gap,index-like (18% vol),0.25,0.8,1.5,0.0,0.0,-0.19957472419767164,8000
garch_gap,index-like (18% vol),0.25,0.8,2.0,0.000125,0.0,-0.20079900241087878,8000
garch_gap,index-like (18% vol),0.25,0.8,2.5,0.0015,0.00025,-0.25010005411398706,8000
garch_gap,index-like (18% vol),0.25,0.8,3.0,0.003125,0.000625,-0.2920650994661993,8000
garch_gap,index-like (18% vol),0.25,0.8,3.5,0.00775,0.001375,-0.33159225160413053,8000
garch_gap,index-like (18% vol),0.25,0.8,4.0,0.346125,0.0245,-0.37164764451849175,8000
garch_gap,index-like (18% vol),0.25,0.8,4.5,0.683625,0.57625,-0.4297492899443426,8000
garch_gap,index-like (18% vol),0.25,0.8,5.0,0.674,0.5995,-0.4876723684358716,8000
garch_gap,index-like (18% vol),0.25,0.8,5.5,0.6675,0.5965,-0.5020447767951326,8000
garch_gap,index-like (18% vol),0.25,0.8,6.0,0.66425,0.59325,-0.49850266328795656,8000
garch_gap,index-like (18% vol),0.25,0.8,6.5,0.662875,0.59225,-0.49507074348428026,8000
garch_gap,index-like (18% vol),0.25,0.8,7.0,0.6625,0.5895,-0.4944625782826607,8000
garch_gap,index-like (18% vol),0.25,0.8,7.5,0.661625,0.587125,-0.4936221336842558,8000
garch_gap,index-like (18% vol),0.25,0.8,8.0,0.661,0.586375,-0.4932343594471825,8000
garch_gap,index-like (18% vol),0.25,0.9,1.0,0.0,0.0,-0.09034007912930297,8000
garch_gap,index-like (18% vol),0.25,0.9,1.5,0.000125,0.0,-0.101520969912961,8000
garch_gap,index-like (18% vol),0.25,0.9,2.0,0.000625,0.0,-0.10032441245635737,8000
garch_gap,index-like (18% vol),0.25,0.9,2.5,0.00225,0.000125,-0.12380400377164014,8000
garch_gap,index-like (18% vol),0.25,0.9,3.0,0.004875,0.00025,-0.14618597768519326,8000
garch_gap,index-like (18% vol),0.25,0.9,3.5,0.011,0.000625,-0.16962320284848997,8000
garch_gap,index-like (18% vol),0.25,0.9,4.0,0.418375,0.0095,-0.18357767413935766,8000
garch_gap,index-like (18% vol),0.25,0.9,4.5,0.96775,0.65825,-0.1984754175413045,8000
garch_gap,index-like (18% vol),0.25,0.9,5.0,0.9675,0.8875,-0.21696274243339675,8000
garch_gap,index-like (18% vol),0.25,0.9,5.5,0.963125,0.90975,-0.25251279111626057,8000
garch_gap,index-like (18% vol),0.25,0.9,6.0,0.957,0.9085,-0.24529509692557072,8000
garch_gap,index-like (18% vol),0.25,0.9,6.5,0.952375,0.903625,-0.2593570470408537,8000
garch_gap,index-like (18% vol),0.25,0.9,7.0,0.947875,0.895625,-0.26139244231975356,8000
garch_gap,index-like (18% vol),0.25,0.9,7.5,0.94375,0.8895,-0.2629696159464088,8000
garch_gap,index-like (18% vol),0.25,0.9,8.0,0.940625,0.880875,-0.2795569525524586,8000
garch_gap,index-like (18% vol),0.25,0.95,1.0,0.0,0.0,-0.0451700395646516,8000
garch_gap,index-like (18% vol),0.25,0.95,1.5,0.00025,0.0,-0.05052546224673293,8000
garch_gap,index-like (18% vol),0.25,0.95,2.0,0.00175,0.0,-0.05104724031266494,8000
garch_gap,index-like (18% vol),0.25,0.95,2.5,0.00325,0.0,-0.05524829369488682,8000
garch_gap,index-like (18% vol),0.25,0.95,3.0,0.006625,0.00025,-0.06483737198072959,8000
garch_gap,index-like (18% vol),0.25,0.95,3.5,0.015375,0.000375,-0.08319629944092344,8000
garch_gap,index-like (18% vol),0.25,0.95,4.0,0.365625,0.001625,-0.094248417433895,8000
garch_gap,index-like (18% vol),0.25,0.95,4.5,0.9725,0.161,-0.10627324493753942,8000
garch_gap,index-like (18% vol),0.25,0.95,5.0,0.991875,0.67875,-0.12251968384828293,8000
garch_gap,index-like (18% vol),0.25,0.95,5.5,0.9935,0.85,-0.1494299044707752,8000
garch_gap,index-like (18% vol),0.25,0.95,6.0,0.993125,0.888875,-0.18179270637042366,8000
garch_gap,index-like (18% vol),0.25,0.95,6.5,0.992375,0.905125,-0.1879902975872404,8000
garch_gap,index-like (18% vol),0.25,0.95,7.0,0.992375,0.90825,-0.20194845216057,8000
garch_gap,index-like (18% vol),0.25,0.95,7.5,0.99125,0.90775,-0.23453683571867,8000
garch_gap,index-like (18% vol),0.25,0.95,8.0,0.98925,0.904125,-0.26134371109159904,8000
garch_gap,index-like (18% vol),0.3,0.8,1.0,0.0,0.0,-0.18196814770803216,8000
garch_gap,index-like (18% vol),0.3,0.8,1.5,0.0,0.0,-0.19943759735394306,8000
garch_gap,index-like (18% vol),0.3,0.8,2.0,0.000125,0.0,-0.20187907822239004,8000
garch_gap,index-like (18% vol),0.3,0.8,2.5,0.002125,0.0,-0.20798111870281433,8000
garch_gap,index-like (18% vol),0.3,0.8,3.0,0.006625,0.000875,-0.2308887718038667,8000
garch_gap,index-like (18% vol),0.3,0.8,3.5,0.86725,0.395375,-0.2601780396383572,8000
garch_gap,index-like (18% vol),0.3,0.8,4.0,0.876125,0.828625,-0.2984721792886226,8000
garch_gap,index-like (18% vol),0.3,0.8,4.5,0.8615,0.8225,-0.34297652740375417,8000
garch_gap,index-like (18% vol),0.3,0.8,5.0,0.852875,0.812,-0.34789036742611434,8000
garch_gap,index-like (18% vol),0.3,0.8,5.5,0.84925,0.80825,-0.35081326964271964,8000
garch_gap,index-like (18% vol),0.3,0.8,6.0,0.8475,0.805,-0.3637279113737629,8000
garch_gap,index-like (18% vol),0.3,0.8,6.5,0.846625,0.803375,-0.36744413685340094,8000
garch_gap,index-like (18% vol),0.3,0.8,7.0,0.846125,0.801875,-0.37032993004324577,8000
garch_gap,index-like (18% vol),0.3,0.8,7.5,0.84575,0.801875,-0.3837414807409808,8000
garch_gap,index-like (18% vol),0.3,0.8,8.0,0.845125,0.800625,-0.4050970914263735,8000
garch_gap,index-like (18% vol),0.3,0.9,1.0,0.0,0.0,-0.09098407385401608,8000
garch_gap,index-like (18% vol),0.3,0.9,1.5,0.00025,0.0,-0.10071727468110436,8000
garch_gap,index-like (18% vol),0.3,0.9,2.0,0.001375,0.0,-0.1013413589204668,8000
garch_gap,index-like (18% vol),0.3,0.9,2.5,0.00275,0.0,-0.10692594554400192,8000
garch_gap,index-like (18% vol),0.3,0.9,3.0,0.009875,0.000125,-0.12034581407854428,8000
garch_gap,index-like (18% vol),0.3,0.9,3.5,0.90675,0.082375,-0.1553077655952717,8000
garch_gap,index-like (18% vol),0.3,0.9,4.0,0.992875,0.905875,-0.18162526185871786,8000
garch_gap,index-like (18% vol),0.3,0.9,4.5,0.992375,0.956,-0.21247770319511583,8000
garch_gap,index-like (18% vol),0.3,0.9,5.0,0.989875,0.961625,-0.22906241182911546,8000
garch_gap,index-like (18% vol),0.3,0.9,5.5,0.98725,0.95975,-0.25990791898359444,8000
garch_gap,index-like (18% vol),0.3,0.9,6.0,0.9845,0.95475,-0.2730065580570329,8000
garch_gap,index-like (18% vol),0.3,0.9,6.5,0.981625,0.949125,-0.30462735580486267,8000
garch_gap,index-like (18% vol),0.3,0.9,7.0,0.979375,0.945625,-0.3052615762918216,8000
garch_gap,index-like (18% vol),0.3,0.9,7.5,0.977875,0.941,-0.3032068921589425,8000
garch_gap,index-like (18% vol),0.3,0.9,8.0,0.976375,0.937375,-0.33021671840518163,8000
garch_gap,index-like (18% vol),0.3,0.95,1.0,0.0,0.0,-0.045492036927008095,8000
garch_gap,index-like (18% vol),0.3,0.95,1.5,0.00025,0.0,-0.05030300739530891,8000
garch_gap,index-like (18% vol),0.3,0.95,2.0,0.002125,0.0,-0.05221771013641108,8000
garch_gap,index-like (18% vol),0.3,0.95,2.5,0.0045,0.0,-0.05365314015520095,8000
garch_gap,index-like (18% vol),0.3,0.95,3.0,0.0165,0.0,-0.05965835418561183,8000
garch_gap,index-like (18% vol),0.3,0.95,3.5,0.757875,0.004625,-0.08220240587577976,8000
garch_gap,index-like (18% vol),0.3,0.95,4.0,0.992,0.475875,-0.10581046078441969,8000
garch_gap,index-like (18% vol),0.3,0.95,4.5,0.99775,0.860125,-0.1597446362179369,8000
garch_gap,index-like (18% vol),0.3,0.95,5.0,0.998125,0.92075,-0.1872035662366296,8000
garch_gap,index-like (18% vol),0.3,0.95,5.5,0.998375,0.937625,-0.20226620738297507,8000
garch_gap,index-like (18% vol),0.3,0.95,6.0,0.9975,0.942375,-0.21052066209762743,8000
garch_gap,index-like (18% vol),0.3,0.95,6.5,0.996625,0.9425,-0.2262718478662139,8000
garch_gap,index-like (18% vol),0.3,0.95,7.0,0.996875,0.941375,-0.24744432598386745,8000
garch_gap,index-like (18% vol),0.3,0.95,7.5,0.996625,0.937625,-0.2457521600350041,8000
garch_gap,index-like (18% vol),0.3,0.95,8.0,0.996625,0.933125,-0.2706219124519932,8000
garch_gap,index-like (18% vol),0.4,0.8,1.0,0.0,0.0,-0.18454412660688468,8000
garch_gap,index-like (18% vol),0.4,0.8,1.5,0.0,0.0,-0.19950635934802707,8000
garch_gap,index-like (18% vol),0.4,0.8,2.0,0.00075,0.0,-0.20074484448682972,8000
garch_gap,index-like (18% vol),0.4,0.8,2.5,0.37875,0.008625,-0.25010005411398706,8000
garch_gap,index-like (18% vol),0.4,0.8,3.0,0.99275,0.98225,-0.307106961401753,8000
garch_gap,index-like (18% vol),0.4,0.8,3.5,0.988625,0.97975,-0.3534573402382033,8000
garch_gap,index-like (18% vol),0.4,0.8,4.0,0.985875,0.974875,-0.39821304102742017,8000
garch_gap,index-like (18% vol),0.4,0.8,4.5,0.98325,0.972625,-0.4297492899443426,8000
garch_gap,index-like (18% vol),0.4,0.8,5.0,0.98225,0.9705,-0.4876723684358716,8000
garch_gap,index-like (18% vol),0.4,0.8,5.5,0.982125,0.968875,-0.5020447767951326,8000
garch_gap,index-like (18% vol),0.4,0.8,6.0,0.982,0.968,-0.49850266328795656,8000
garch_gap,index-like (18% vol),0.4,0.8,6.5,0.982125,0.96725,-0.49507074348428026,8000
garch_gap,index-like (18% vol),0.4,0.8,7.0,0.982,0.9655,-0.4944625782826607,8000
garch_gap,index-like (18% vol),0.4,0.8,7.5,0.982,0.964875,-0.4936221336842558,8000
garch_gap,index-like (18% vol),0.4,0.8,8.0,0.982,0.96375,-0.4932343594471825,8000
garch_gap,index-like (18% vol),0.4,0.9,1.0,0.0,0.0,-0.09227206330344229,8000
garch_gap,index-like (18% vol),0.4,0.9,1.5,0.000375,0.0,-0.10136374138274529,8000
garch_gap,index-like (18% vol),0.4,0.9,2.0,0.001875,0.0,-0.10197648141502158,8000
garch_gap,index-like (18% vol),0.4,0.9,2.5,0.329625,0.001375,-0.12380400377164014,8000
garch_gap,index-like (18% vol),0.4,0.9,3.0,0.998125,0.943125,-0.1875850224060509,8000
garch_gap,index-like (18% vol),0.4,0.9,3.5,0.998625,0.983875,-0.2525980279491383,8000
garch_gap,index-like (18% vol),0.4,0.9,4.0,0.999125,0.987,-0.2973697001606327,8000
garch_gap,index-like (18% vol),0.4,0.9,4.5,0.99975,0.987,-0.3179248742888434,8000
garch_gap,index-like (18% vol),0.4,0.9,5.0,0.999375,0.98625,-0.34936442656417377,8000
garch_gap,index-like (18% vol),0.4,0.9,5.5,0.9995,0.983,-0.36515358561125,8000
garch_gap,index-like (18% vol),0.4,0.9,6.0,0.999375,0.98175,-0.3811840574667026,8000
garch_gap,index-like (18% vol),0.4,0.9,6.5,0.999,0.979125,-0.3883219244415208,8000
garch_gap,index-like (18% vol),0.4,0.9,7.0,0.998875,0.97725,-0.3950036521727075,8000
garch_gap,index-like (18% vol),0.4,0.9,7.5,0.9985,0.97325,-0.4002802307029648,8000
garch_gap,index-like (18% vol),0.4,0.9,8.0,0.99825,0.97025,-0.41701329812178023,8000
garch_gap,index-like (18% vol),0.4,0.95,1.0,0.0,0.0,-0.0461360316517212,8000
garch_gap,index-like (18% vol),0.4,0.95,1.5,0.00075,0.0,-0.05167035432209521,8000
garch_gap,index-like (18% vol),0.4,0.95,2.0,0.004,0.0,-0.05220420720620267,8000
garch_gap,index-like (18% vol),0.4,0.95,2.5,0.307,0.0,-0.05793196442951454,8000
garch_gap,index-like (18% vol),0.4,0.95,3.0,0.994375,0.4175,-0.09146005173562255,8000
garch_gap,index-like (18% vol),0.4,0.95,3.5,0.998125,0.928625,-0.14429148380516965,8000
garch_gap,index-like (18% vol),0.4,0.95,4.0,0.998875,0.963625,-0.23209583169727732,8000
garch_gap,index-like (18% vol),0.4,0.95,4.5,0.999625,0.971125,-0.2771770441724597,8000
garch_gap,index-like (18% vol),0.4,0.95,5.0,0.999375,0.972375,-0.29765348690038984,8000
garch_gap,index-like (18% vol),0.4,0.95,5.5,0.999625,0.9705,-0.3153432404680526,8000
garch_gap,index-like (18% vol),0.4,0.95,6.0,0.9995,0.96875,-0.3308399577864436,8000
garch_gap,index-like (18% vol),0.4,0.95,6.5,0.99975,0.966,-0.33698249206796904,8000
garch_gap,index-like (18% vol),0.4,0.95,7.0,0.99975,0.962,-0.34547287784102576,8000
garch_gap,index-like (18% vol),0.4,0.95,7.5,0.999875,0.958125,-0.3680032288894818,8000
garch_gap,index-like (18% vol),0.4,0.95,8.0,1.0,0.9545,-0.36326593897651815,8000
garch_gap,stock-like (45% vol),0.0,0.8,1.0,0.0,0.0,-0.19513105882587622,8000
garch_gap,stock-like (45% vol),0.0,0.8,1.5,0.000375,0.0,-0.2010092057948909,8000
garch_gap,stock-like (45% vol),0.0,0.8,2.0,0.003625,0.0,-0.20398506118799742,8000
garch_gap,stock-like (45% vol),0.0,0.8,2.5,0.010625,0.003625,-0.28143393487811874,8000
garch_gap,stock-like (45% vol),0.0,0.8,3.0,0.021125,0.007,-0.37425112653500936,8000
garch_gap,stock-like (45% vol),0.0,0.8,3.5,0.03475,0.00975,-0.41133540636676835,8000
garch_gap,stock-like (45% vol),0.0,0.8,4.0,0.052125,0.01425,-0.40375314227623793,8000
garch_gap,stock-like (45% vol),0.0,0.8,4.5,0.067125,0.018125,-0.4338384178144137,8000
garch_gap,stock-like (45% vol),0.0,0.8,5.0,0.086625,0.022875,-0.47115276379987914,8000
garch_gap,stock-like (45% vol),0.0,0.8,5.5,0.11,0.027625,-0.5028328764160094,8000
garch_gap,stock-like (45% vol),0.0,0.8,6.0,0.132625,0.033625,-0.5179105091219549,8000
garch_gap,stock-like (45% vol),0.0,0.8,6.5,0.155,0.038375,-0.5216982896707922,8000
garch_gap,stock-like (45% vol),0.0,0.8,7.0,0.1795,0.042875,-0.5304372339179935,8000
garch_gap,stock-like (45% vol),0.0,0.8,7.5,0.20125,0.04825,-0.5331140362962703,8000
garch_gap,stock-like (45% vol),0.0,0.8,8.0,0.219125,0.052125,-0.5417577830876252,8000
garch_gap,stock-like (45% vol),0.0,0.9,1.0,0.0,0.0,-0.09756552941293806,8000
garch_gap,stock-like (45% vol),0.0,0.9,1.5,0.00075,0.0,-0.10115126383108108,8000
garch_gap,stock-like (45% vol),0.0,0.9,2.0,0.005,0.0,-0.10493285799944374,8000
garch_gap,stock-like (45% vol),0.0,0.9,2.5,0.014625,0.003,-0.2270310591834087,8000
garch_gap,stock-like (45% vol),0.0,0.9,3.0,0.027875,0.00575,-0.3071701775708361,8000
garch_gap,stock-like (45% vol),0.0,0.9,3.5,0.044875,0.009,-0.3587713558542335,8000
garch_gap,stock-like (45% vol),0.0,0.9,4.0,0.0665,0.01275,-0.38187432218494377,8000
garch_gap,stock-like (45% vol),0.0,0.9,4.5,0.088,0.017375,-0.4103256301475786,8000
garch_gap,stock-like (45% vol),0.0,0.9,5.0,0.11325,0.022,-0.3778374872288657,8000
garch_gap,stock-like (45% vol),0.0,0.9,5.5,0.14625,0.026625,-0.4387178367108572,8000
garch_gap,stock-like (45% vol),0.0,0.9,6.0,0.1755,0.03125,-0.4494412021707571,8000
garch_gap,stock-like (45% vol),0.0,0.9,6.5,0.20775,0.035625,-0.44170318989952695,8000
garch_gap,stock-like (45% vol),0.0,0.9,7.0,0.245875,0.0395,-0.43244039109599075,8000
garch_gap,stock-like (45% vol),0.0,0.9,7.5,0.277,0.044125,-0.4283681981715758,8000
garch_gap,stock-like (45% vol),0.0,0.9,8.0,0.309625,0.049125,-0.42345689974059897,8000
garch_gap,stock-like (45% vol),0.0,0.95,1.0,0.0,0.0,-0.04878276470646914,8000
garch_gap,stock-like (45% vol),0.0,0.95,1.5,0.00175,0.0,-0.05188312852873922,8000
garch_gap,stock-like (45% vol),0.0,0.95,2.0,0.00925,0.0,-0.05380777746806509,8000
garch_gap,stock-like (45% vol),0.0,0.95,2.5,0.019875,0.001875,-0.11403415747222079,8000
garch_gap,stock-like (45% vol),0.0,0.95,3.0,0.038125,0.003625,-0.21386355990661632,8000
garch_gap,stock-like (45% vol),0.0,0.95,3.5,0.056125,0.0065,-0.30353102678450095,8000
garch_gap,stock-like (45% vol),0.0,0.95,4.0,0.081,0.008375,-0.32398889252009777,8000
garch_gap,stock-like (45% vol),0.0,0.95,4.5,0.105875,0.01125,-0.3826904393829067,8000
garch_gap,stock-like (45% vol),0.0,0.95,5.0,0.138375,0.015,-0.3865615523112679,8000
garch_gap,stock-like (45% vol),0.0,0.95,5.5,0.173,0.019375,-0.38491667469505675,8000
garch_gap,stock-like (45% vol),0.0,0.95,6.0,0.21275,0.02325,-0.3939593026827768,8000
garch_gap,stock-like (45% vol),0.0,0.95,6.5,0.245125,0.02575,-0.4368751597649988,8000
garch_gap,stock-like (45% vol),0.0,0.95,7.0,0.2835,0.030125,-0.4159676831298389,8000
garch_gap,stock-like (45% vol),0.0,0.95,7.5,0.324125,0.0345,-0.42324212470734546,8000
garch_gap,stock-like (45% vol),0.0,0.95,8.0,0.361625,0.038,-0.44219273195088926,8000
garch_gap,stock-like (45% vol),0.1,0.8,1.0,0.0,0.0,-0.19561795294328854,8000
garch_gap,stock-like (45% vol),0.1,0.8,1.5,0.0005,0.0,-0.2013330590151462,8000
garch_gap,stock-like (45% vol),0.1,0.8,2.0,0.003875,0.0,-0.20398506118799742,8000
garch_gap,stock-like (45% vol),0.1,0.8,2.5,0.010875,0.00375,-0.3191411677390419,8000
garch_gap,stock-like (45% vol),0.1,0.8,3.0,0.023875,0.007125,-0.37425112653500936,8000
garch_gap,stock-like (45% vol),0.1,0.8,3.5,0.038,0.00975,-0.41133540636676835,8000
garch_gap,stock-like (45% vol),0.1,0.8,4.0,0.057625,0.014875,-0.42658849678025235,8000
garch_gap,stock-like (45% vol),0.1,0.8,4.5,0.079375,0.01875,-0.4427516320675281,8000
garch_gap,stock-like (45% vol),0.1,0.8,5.0,0.10325,0.023375,-0.45025761065950565,8000
garch_gap,stock-like (45% vol),0.1,0.8,5.5,0.13225,0.0295,-0.48727615625171095,8000
garch_gap,stock-like (45% vol),0.1,0.8,6.0,0.16225,0.03375,-0.5179105091219549,8000
garch_gap,stock-like (45% vol),0.1,0.8,6.5,0.190375,0.036625,-0.5205081965747946,8000
garch_gap,stock-like (45% vol),0.1,0.8,7.0,0.223,0.04225,-0.5304372339179935,8000
garch_gap,stock-like (45% vol),0.1,0.8,7.5,0.252625,0.0495,-0.5297474856296838,8000
garch_gap,stock-like (45% vol),0.1,0.8,8.0,0.282875,0.054125,-0.5349755065299707,8000
garch_gap,stock-like (45% vol),0.1,0.9,1.0,0.0,0.0,-0.09780897647164433,8000
garch_gap,stock-like (45% vol),0.1,0.9,1.5,0.00075,0.0,-0.10083644821085802,8000
garch_gap,stock-like (45% vol),0.1,0.9,2.0,0.00525,0.0,-0.10493285799944374,8000
garch_gap,stock-like (45% vol),0.1,0.9,2.5,0.016375,0.002875,-0.22429247239350025,8000
garch_gap,stock-like (45% vol),0.1,0.9,3.0,0.030375,0.00575,-0.2964696526200037,8000
garch_gap,stock-like (45% vol),0.1,0.9,3.5,0.052125,0.00825,-0.3296354494833287,8000
garch_gap,stock-like (45% vol),0.1,0.9,4.0,0.074375,0.01075,-0.3853389488617853,8000
garch_gap,stock-like (45% vol),0.1,0.9,4.5,0.100625,0.01575,-0.393770232438159,8000
garch_gap,stock-like (45% vol),0.1,0.9,5.0,0.135375,0.02025,-0.4052486132922859,8000
garch_gap,stock-like (45% vol),0.1,0.9,5.5,0.174625,0.024125,-0.4387178367108572,8000
garch_gap,stock-like (45% vol),0.1,0.9,6.0,0.213875,0.029125,-0.4494412021707571,8000
garch_gap,stock-like (45% vol),0.1,0.9,6.5,0.255,0.0325,-0.44170318989952695,8000
garch_gap,stock-like (45% vol),0.1,0.9,7.0,0.3015,0.036125,-0.43244039109599075,8000
garch_gap,stock-like (45% vol),0.1,0.9,7.5,0.3525,0.042125,-0.4283681981715758,8000
garch_gap,stock-like (45% vol),0.1,0.9,8.0,0.405875,0.04875,-0.4591804319313538,8000
garch_gap,stock-like (45% vol),0.1,0.95,1.0,0.0,0.0,-0.048904488235822274,8000
garch_gap,stock-like (45% vol),0.1,0.95,1.5,0.00175,0.0,-0.05127959909348767,8000
garch_gap,stock-like (45% vol),0.1,0.95,2.0,0.010375,0.0,-0.054389492702758835,8000
garch_gap,stock-like (45% vol),0.1,0.95,2.5,0.02275,0.00175,-0.11403415747222079,8000
garch_gap,stock-like (45% vol),0.1,0.95,3.0,0.042875,0.003,-0.1898963809920362,8000
garch_gap,stock-like (45% vol),0.1,0.95,3.5,0.064875,0.005625,-0.2576411146062223,8000
garch_gap,stock-like (45% vol),0.1,0.95,4.0,0.094625,0.007375,-0.3570376927707949,8000
garch_gap,stock-like (45% vol),0.1,0.95,4.5,0.12775,0.009625,-0.375930010834449,8000
garch_gap,stock-like (45% vol),0.1,0.95,5.0,0.166125,0.01275,-0.3865615523112679,8000
garch_gap,stock-like (45% vol),0.1,0.95,5.5,0.21,0.015875,-0.37883823881080136,8000
garch_gap,stock-like (45% vol),0.1,0.95,6.0,0.26,0.019125,-0.3862272718538722,8000
garch_gap,stock-like (45% vol),0.1,0.95,6.5,0.30575,0.02175,-0.4368751597649988,8000
garch_gap,stock-like (45% vol),0.1,0.95,7.0,0.36425,0.026125,-0.3876024470331385,8000
garch_gap,stock-like (45% vol),0.1,0.95,7.5,0.421625,0.031,-0.4423756546031533,8000
garch_gap,stock-like (45% vol),0.1,0.95,8.0,0.480375,0.035,-0.28268643341941424,8000
garch_gap,stock-like (45% vol),0.15,0.8,1.0,0.0,0.0,-0.1958614000019947,8000
garch_gap,stock-like (45% vol),0.15,0.8,1.5,0.000375,0.0,-0.20057153783928394,8000
garch_gap,stock-like (45% vol),0.15,0.8,2.0,0.004,0.0,-0.20398506118799742,8000
garch_gap,stock-like (45% vol),0.15,0.8,2.5,0.011375,0.0035,-0.31202880693538215,8000
garch_gap,stock-like (45% vol),0.15,0.8,3.0,0.025125,0.006625,-0.37717314058807894,8000
garch_gap,stock-like (45% vol),0.15,0.8,3.5,0.043125,0.009,-0.4193809720013697,8000
garch_gap,stock-like (45% vol),0.15,0.8,4.0,0.06375,0.0135,-0.4598542506038277,8000
garch_gap,stock-like (45% vol),0.15,0.8,4.5,0.089125,0.0175,-0.4431872256244359,8000
garch_gap,stock-like (45% vol),0.15,0.8,5.0,0.124,0.0235,-0.4725521301403466,8000
garch_gap,stock-like (45% vol),0.15,0.8,5.5,0.172375,0.028375,-0.48727615625171095,8000
garch_gap,stock-like (45% vol),0.15,0.8,6.0,0.234125,0.036625,-0.5179105091219549,8000
garch_gap,stock-like (45% vol),0.15,0.8,6.5,0.33525,0.05175,-0.520160379004395,8000
garch_gap,stock-like (45% vol),0.15,0.8,7.0,0.42275,0.079625,-0.5304372339179935,8000
garch_gap,stock-like (45% vol),0.15,0.8,7.5,0.467125,0.117875,-0.5297474856296838,8000
garch_gap,stock-like (45% vol),0.15,0.8,8.0,0.49075,0.148375,-0.5349755065299707,8000
garch_gap,stock-like (45% vol),0.15,0.9,1.0,0.0,0.0,-0.09793070000099735,8000
garch_gap,stock-like (45% vol),0.15,0.9,1.5,0.00125,0.0,-0.1003477045330382,8000
garch_gap,stock-like (45% vol),0.15,0.9,2.0,0.006125,0.0,-0.10493285799944374,8000
garch_gap,stock-like (45% vol),0.15,0.9,2.5,0.018125,0.002625,-0.2270310591834087,8000
garch_gap,stock-like (45% vol),0.15,0.9,3.0,0.033125,0.005,-0.2964696526200037,8000
garch_gap,stock-like (45% vol),0.15,0.9,3.5,0.057,0.00825,-0.27735581674966403,8000
garch_gap,stock-like (45% vol),0.15,0.9,4.0,0.08475,0.0105,-0.3272143067107298,8000
garch_gap,stock-like (45% vol),0.15,0.9,4.5,0.118125,0.014875,-0.35448613154074415,8000
garch_gap,stock-like (45% vol),0.15,0.9,5.0,0.168875,0.019375,-0.3778374872288657,8000
garch_gap,stock-like (45% vol),0.15,0.9,5.5,0.234375,0.025125,-0.4387178367108572,8000
garch_gap,stock-like (45% vol),0.15,0.9,6.0,0.332875,0.035,-0.4494412021707571,8000
garch_gap,stock-like (45% vol),0.15,0.9,6.5,0.49125,0.0545,-0.44170318989952695,8000
garch_gap,stock-like (45% vol),0.15,0.9,7.0,0.63775,0.098125,-0.43244039109599075,8000
garch_gap,stock-like (45% vol),0.15,0.9,7.5,0.70625,0.159375,-0.4283681981715758,8000
garch_gap,stock-like (45% vol),0.15,0.9,8.0,0.735875,0.213875,-0.42345689974059897,8000
garch_gap,stock-like (45% vol),0.15,0.95,1.0,0.0,0.0,-0.04896535000049873,8000
garch_gap,stock-like (45% vol),0.15,0.95,1.5,0.00275,0.0,-0.05155893528292621,8000
garch_gap,stock-like (45% vol),0.15,0.95,2.0,0.011,0.0,-0.05380777746806509,8000
garch_gap,stock-like (45% vol),0.15,0.95,2.5,0.027,0.0015,-0.11403415747222079,8000
garch_gap,stock-like (45% vol),0.15,0.95,3.0,0.049,0.002875,-0.21386355990661632,8000
garch_gap,stock-like (45% vol),0.15,0.95,3.5,0.07425,0.005,-0.30353102678450095,8000
garch_gap,stock-like (45% vol),0.15,0.95,4.0,0.11125,0.00725,-0.32398889252009777,8000
garch_gap,stock-like (45% vol),0.15,0.95,4.5,0.15425,0.009875,-0.375930010834449,8000
garch_gap,stock-like (45% vol),0.15,0.95,5.0,0.209875,0.012625,-0.3865615523112679,8000
garch_gap,stock-like (45% vol),0.15,0.95,5.5,0.288125,0.017,-0.37883823881080136,8000
garch_gap,stock-like (45% vol),0.15,0.95,6.0,0.398125,0.0225,-0.3862272718538722,8000
garch_gap,stock-like (45% vol),0.15,0.95,6.5,0.56075,0.034625,-0.4368751597649988,8000
garch_gap,stock-like (45% vol),0.15,0.95,7.0,0.728625,0.06775,-0.3876024470331385,8000
garch_gap,stock-like (45% vol),0.15,0.95,7.5,0.807125,0.12875,-0.2656112761639924,8000
garch_gap,stock-like (45% vol),0.15,0.95,8.0,0.837625,0.183125,-0.29086925079241976,8000
garch_gap,stock-like (45% vol),0.2,0.8,1.0,0.0,0.0,-0.19610484706070097,8000
garch_gap,stock-like (45% vol),0.2,0.8,1.5,0.000375,0.0,-0.20042161166291583,8000
garch_gap,stock-like (45% vol),0.2,0.8,2.0,0.0045,0.0,-0.2088615338263139,8000
garch_gap,stock-like (45% vol),0.2,0.8,2.5,0.01375,0.004,-0.3255111038558962,8000
garch_gap,stock-like (45% vol),0.2,0.8,3.0,0.029625,0.00675,-0.37425112653500936,8000
garch_gap,stock-like (45% vol),0.2,0.8,3.5,0.049375,0.01,-0.41133540636676835,8000
garch_gap,stock-like (45% vol),0.2,0.8,4.0,0.0865,0.01575,-0.4571168691245522,8000
garch_gap,stock-like (45% vol),0.2,0.8,4.5,0.159125,0.026875,-0.4338384178144137,8000
garch_gap,stock-like (45% vol),0.2,0.8,5.0,0.371875,0.06175,-0.4811388404192978,8000
garch_gap,stock-like (45% vol),0.2,0.8,5.5,0.531875,0.175125,-0.48727615625171095,8000
garch_gap,stock-like (45% vol),0.2,0.8,6.0,0.563625,0.262375,-0.5179105091219549,8000
garch_gap,stock-like (45% vol),0.2,0.8,6.5,0.57675,0.2955,-0.5205081965747946,8000
garch_gap,stock-like (45% vol),0.2,0.8,7.0,0.582625,0.311625,-0.5304372339179935,8000
garch_gap,stock-like (45% vol),0.2,0.8,7.5,0.591375,0.318625,-0.5297474856296838,8000
garch_gap,stock-like (45% vol),0.2,0.8,8.0,0.598875,0.320125,-0.5349755065299707,8000
garch_gap,stock-like (45% vol),0.2,0.9,1.0,0.0,0.0,-0.09805242353035049,8000
garch_gap,stock-like (45% vol),0.2,0.9,1.5,0.000875,0.0,-0.10055348546723997,8000
garch_gap,stock-like (45% vol),0.2,0.9,2.0,0.006625,0.0,-0.10493285799944374,8000
garch_gap,stock-like (45% vol),0.2,0.9,2.5,0.0205,0.0025,-0.20820494024048997,8000
garch_gap,stock-like (45% vol),0.2,0.9,3.0,0.03925,0.004625,-0.2964696526200037,8000
garch_gap,stock-like (45% vol),0.2,0.9,3.5,0.06775,0.008375,-0.26571933926277425,8000
garch_gap,stock-like (45% vol),0.2,0.9,4.0,0.116,0.01225,-0.28803576737434833,8000
garch_gap,stock-like (45% vol),0.2,0.9,4.5,0.2245,0.022875,-0.3644915803096873,8000
garch_gap,stock-like (45% vol),0.2,0.9,5.0,0.525625,0.065375,-0.3778374872288657,8000
garch_gap,stock-like (45% vol),0.2,0.9,5.5,0.750125,0.2125,-0.4387178367108572,8000
garch_gap,stock-like (45% vol),0.2,0.9,6.0,0.797375,0.35375,-0.4494412021707571,8000
garch_gap,stock-like (45% vol),0.2,0.9,6.5,0.810125,0.41125,-0.44170318989952695,8000
garch_gap,stock-like (45% vol),0.2,0.9,7.0,0.815625,0.43575,-0.43244039109599075,8000
garch_gap,stock-like (45% vol),0.2,0.9,7.5,0.821625,0.44275,-0.4283681981715758,8000
garch_gap,stock-like (45% vol),0.2,0.9,8.0,0.826875,0.44275,-0.42345689974059897,8000
garch_gap,stock-like (45% vol),0.2,0.95,1.0,0.0,0.0,-0.0490262117651753,8000
garch_gap,stock-like (45% vol),0.2,0.95,1.5,0.003125,0.0,-0.05261944658472417,8000
garch_gap,stock-like (45% vol),0.2,0.95,2.0,0.014125,0.0,-0.05380777746806509,8000
garch_gap,stock-like (45% vol),0.2,0.95,2.5,0.031625,0.0015,-0.10188626881924334,8000
garch_gap,stock-like (45% vol),0.2,0.95,3.0,0.059875,0.003125,-0.16797138468046102,8000
garch_gap,stock-like (45% vol),0.2,0.95,3.5,0.09525,0.00525,-0.25142244323710716,8000
garch_gap,stock-like (45% vol),0.2,0.95,4.0,0.153625,0.008375,-0.32398889252009777,8000
garch_gap,stock-like (45% vol),0.2,0.95,4.5,0.27725,0.013625,-0.375930010834449,8000
garch_gap,stock-like (45% vol),0.2,0.95,5.0,0.57425,0.03475,-0.3865615523112679,8000
garch_gap,stock-like (45% vol),0.2,0.95,5.5,0.812875,0.133,-0.37883823881080136,8000
garch_gap,stock-like (45% vol),0.2,0.95,6.0,0.88075,0.2695,-0.3862272718538722,8000
garch_gap,stock-like (45% vol),0.2,0.95,6.5,0.900125,0.353125,-0.4368751597649988,8000
garch_gap,stock-like (45% vol),0.2,0.95,7.0,0.907625,0.39425,-0.3876024470331385,8000
garch_gap,stock-like (45% vol),0.2,0.95,7.5,0.914625,0.413125,-0.24605670923452916,8000
garch_gap,stock-like (45% vol),0.2,0.95,8.0,0.91525,0.42175,-0.3222829665416118,8000
garch_gap,stock-like (45% vol),0.25,0.8,1.0,0.0,0.0,-0.19634829411940713,8000
garch_gap,stock-like (45% vol),0.25,0.8,1.5,0.000625,0.0,-0.20036449631034725,8000
garch_gap,stock-like (45% vol),0.25,0.8,2.0,0.004625,0.000125,-0.21326175597581698,8000
garch_gap,stock-like (45% vol),0.25,0.8,2.5,0.01525,0.003625,-0.30540268505287305,8000
garch_gap,stock-like (45% vol),0.25,0.8,3.0,0.03375,0.007,-0.3931018745849115,8000
garch_gap,stock-like (45% vol),0.25,0.8,3.5,0.079125,0.012375,-0.41133540636676835,8000
garch_gap,stock-like (45% vol),0.25,0.8,4.0,0.408625,0.07125,-0.39485085749161963,8000
garch_gap,stock-like (45% vol),0.25,0.8,4.5,0.655375,0.34475,-0.4338384178144137,8000
garch_gap,stock-like (45% vol),0.25,0.8,5.0,0.67475,0.438125,-0.45025761065950565,8000
garch_gap,stock-like (45% vol),0.25,0.8,5.5,0.67575,0.456125,-0.48727615625171095,8000
garch_gap,stock-like (45% vol),0.25,0.8,6.0,0.676,0.458875,-0.5179105091219549,8000
garch_gap,stock-like (45% vol),0.25,0.8,6.5,0.677875,0.456125,-0.5205081965747946,8000
garch_gap,stock-like (45% vol),0.25,0.8,7.0,0.680625,0.453375,-0.5304372339179935,8000
garch_gap,stock-like (45% vol),0.25,0.8,7.5,0.684625,0.450375,-0.5297474856296838,8000
garch_gap,stock-like (45% vol),0.25,0.8,8.0,0.68925,0.448125,-0.5349755065299707,8000
garch_gap,stock-like (45% vol),0.25,0.9,1.0,0.0,0.0,-0.09817414705970362,8000
garch_gap,stock-like (45% vol),0.25,0.9,1.5,0.00175,0.0,-0.10234460072602525,8000
garch_gap,stock-like (45% vol),0.25,0.9,2.0,0.008,0.0,-0.10493285799944374,8000
garch_gap,stock-like (45% vol),0.25,0.9,2.5,0.02325,0.00225,-0.2270310591834087,8000
garch_gap,stock-like (45% vol),0.25,0.9,3.0,0.051125,0.0045,-0.265418117409306,8000
garch_gap,stock-like (45% vol),0.25,0.9,3.5,0.113,0.009,-0.23747843990563966,8000
garch_gap,stock-like (45% vol),0.25,0.9,4.0,0.510125,0.048625,-0.28803576737434833,8000
garch_gap,stock-like (45% vol),0.25,0.9,4.5,0.841375,0.353125,-0.3379013407083473,8000
garch_gap,stock-like (45% vol),0.25,0.9,5.0,0.875625,0.528875,-0.4193438161119991,8000
garch_gap,stock-like (45% vol),0.25,0.9,5.5,0.87875,0.570625,-0.4387178367108572,8000
garch_gap,stock-like (45% vol),0.25,0.9,6.0,0.87525,0.578875,-0.4494412021707571,8000
garch_gap,stock-like (45% vol),0.25,0.9,6.5,0.87175,0.571375,-0.44170318989952695,8000
garch_gap,stock-like (45% vol),0.25,0.9,7.0,0.875375,0.56525,-0.43244039109599075,8000
garch_gap,stock-like (45% vol),0.25,0.9,7.5,0.872625,0.5535,-0.4283681981715758,8000
garch_gap,stock-like (45% vol),0.25,0.9,8.0,0.8735,0.539,-0.42345689974059897,8000
garch_gap,stock-like (45% vol),0.25,0.95,1.0,0.0,0.0,-0.049087073529851866,8000
garch_gap,stock-like (45% vol),0.25,0.95,1.5,0.003875,0.0,-0.053288440374900214,8000
garch_gap,stock-like (45% vol),0.25,0.95,2.0,0.017125,0.0,-0.05530707315702288,8000
garch_gap,stock-like (45% vol),0.25,0.95,2.5,0.037125,0.001375,-0.11403415747222079,8000
garch_gap,stock-like (45% vol),0.25,0.95,3.0,0.07375,0.00275,-0.21386355990661632,8000
garch_gap,stock-like (45% vol),0.25,0.95,3.5,0.156875,0.00525,-0.30353102678450095,8000
garch_gap,stock-like (45% vol),0.25,0.95,4.0,0.528625,0.022125,-0.3094173901649008,8000
garch_gap,stock-like (45% vol),0.25,0.95,4.5,0.868375,0.180125,-0.3256781527772393,8000
garch_gap,stock-like (45% vol),0.25,0.95,5.0,0.92375,0.387625,-0.31322347442126364,8000
garch_gap,stock-like (45% vol),0.25,0.95,5.5,0.9375,0.487875,-0.254024741639318,8000
garch_gap,stock-like (45% vol),0.25,0.95,6.0,0.9405,0.525,-0.3003872091837301,8000
garch_gap,stock-like (45% vol),0.25,0.95,6.5,0.942625,0.536,-0.2698899662308277,8000
garch_gap,stock-like (45% vol),0.25,0.95,7.0,0.945125,0.532125,-0.2671343337533213,8000
garch_gap,stock-like (45% vol),0.25,0.95,7.5,0.944375,0.524,-0.24582251051797555,8000
garch_gap,stock-like (45% vol),0.25,0.95,8.0,0.94325,0.5135,-0.29086925079241976,8000
garch_gap,stock-like (45% vol),0.3,0.8,1.0,0.0,0.0,-0.1965917411781133,8000
garch_gap,stock-like (45% vol),0.3,0.8,1.5,0.000625,0.0,-0.2019807654556568,8000
garch_gap,stock-like (45% vol),0.3,0.8,2.0,0.005125,0.000125,-0.2180972262044194,8000
garch_gap,stock-like (45% vol),0.3,0.8,2.5,0.01925,0.003625,-0.28143393487811874,8000
garch_gap,stock-like (45% vol),0.3,0.8,3.0,0.073375,0.009,-0.38701676122477535,8000
garch_gap,stock-like (45% vol),0.3,0.8,3.5,0.699375,0.241,-0.4080610913950853,8000
garch_gap,stock-like (45% vol),0.3,0.8,4.0,0.782625,0.590375,-0.4023498523240241,8000
garch_gap,stock-like (45% vol),0.3,0.8,4.5,0.78075,0.619875,-0.4321906966947633,8000
garch_gap,stock-like (45% vol),0.3,0.8,5.0,0.777125,0.618875,-0.47115276379987914,8000
garch_gap,stock-like (45% vol),0.3,0.8,5.5,0.777375,0.6135,-0.5028328764160094,8000
garch_gap,stock-like (45% vol),0.3,0.8,6.0,0.7765,0.607125,-0.5179105091219549,8000
garch_gap,stock-like (45% vol),0.3,0.8,6.5,0.7755,0.598875,-0.5216982896707922,8000
garch_gap,stock-like (45% vol),0.3,0.8,7.0,0.777875,0.590875,-0.5304372339179935,8000
garch_gap,stock-like (45% vol),0.3,0.8,7.5,0.778,0.58275,-0.5331140362962703,8000
garch_gap,stock-like (45% vol),0.3,0.8,8.0,0.780125,0.5745,-0.5417577830876252,8000
garch_gap,stock-like (45% vol),0.3,0.9,1.0,0.0,0.0,-0.09829587058905676,8000
garch_gap,stock-like (45% vol),0.3,0.9,1.5,0.002,0.0,-0.10181285542631235,8000
garch_gap,stock-like (45% vol),0.3,0.9,2.0,0.009875,0.0,-0.1080197511187212,8000
garch_gap,stock-like (45% vol),0.3,0.9,2.5,0.030875,0.002,-0.2270310591834087,8000
garch_gap,stock-like (45% vol),0.3,0.9,3.0,0.098875,0.006125,-0.19748251902042535,8000
garch_gap,stock-like (45% vol),0.3,0.9,3.5,0.779125,0.14175,-0.2195859217736137,8000
garch_gap,stock-like (45% vol),0.3,0.9,4.0,0.924625,0.584875,-0.28803576737434833,8000
garch_gap,stock-like (45% vol),0.3,0.9,4.5,0.930125,0.684,-0.30055701788966704,8000
garch_gap,stock-like (45% vol),0.3,0.9,5.0,0.927125,0.699,-0.353571485355618,8000
garch_gap,stock-like (45% vol),0.3,0.9,5.5,0.92325,0.694,-0.42994487724385555,8000
garch_gap,stock-like (45% vol),0.3,0.9,6.0,0.921125,0.67775,-0.43971526589441035,8000
garch_gap,stock-like (45% vol),0.3,0.9,6.5,0.91875,0.6645,-0.4226744832376963,8000
garch_gap,stock-like (45% vol),0.3,0.9,7.0,0.918125,0.64725,-0.4109780654271732,8000
garch_gap,stock-like (45% vol),0.3,0.9,7.5,0.916125,0.63375,-0.39514509959574207,8000
garch_gap,stock-like (45% vol),0.3,0.9,8.0,0.91475,0.619625,-0.3773291719936267,8000
garch_gap,stock-like (45% vol),0.3,0.95,1.0,0.0,0.0,-0.04914793529452843,8000
garch_gap,stock-like (45% vol),0.3,0.95,1.5,0.00425,0.0,-0.05239694385124183,8000
garch_gap,stock-like (45% vol),0.3,0.95,2.0,0.0205,0.0,-0.05380777746806509,8000
garch_gap,stock-like (45% vol),0.3,0.95,2.5,0.052125,0.001375,-0.10613685487254809,8000
garch_gap,stock-like (45% vol),0.3,0.95,3.0,0.152375,0.002625,-0.21386355990661632,8000
garch_gap,stock-like (45% vol),0.3,0.95,3.5,0.725375,0.044875,-0.30353102678450095,8000
garch_gap,stock-like (45% vol),0.3,0.95,4.0,0.936875,0.3415,-0.268319763923466,8000
garch_gap,stock-like (45% vol),0.3,0.95,4.5,0.961875,0.546125,-0.2382295932236248,8000
garch_gap,stock-like (45% vol),0.3,0.95,5.0,0.965625,0.608,-0.23083648757263864,8000
garch_gap,stock-like (45% vol),0.3,0.95,5.5,0.966125,0.628,-0.24190112494814486,8000
garch_gap,stock-like (45% vol),0.3,0.95,6.0,0.96475,0.62675,-0.3003872091837301,8000
garch_gap,stock-like (45% vol),0.3,0.95,6.5,0.965,0.618125,-0.2698899662308277,8000
garch_gap,stock-like (45% vol),0.3,0.95,7.0,0.966125,0.604125,-0.2697659961654829,8000
garch_gap,stock-like (45% vol),0.3,0.95,7.5,0.9645,0.59,-0.3147818348365782,8000
garch_gap,stock-like (45% vol),0.3,0.95,8.0,0.9625,0.56975,-0.29086925079241976,8000
garch_gap,stock-like (45% vol),0.4,0.8,1.0,0.0,0.0,-0.19707863529552572,8000
garch_gap,stock-like (45% vol),0.4,0.8,1.5,0.001,0.0,-0.20084902158547646,8000
garch_gap,stock-like (45% vol),0.4,0.8,2.0,0.008625,0.0,-0.20380477174204625,8000
garch_gap,stock-like (45% vol),0.4,0.8,2.5,0.4375,0.047875,-0.2856188860485802,8000
garch_gap,stock-like (45% vol),0.4,0.8,3.0,0.928375,0.810625,-0.3725010263209243,8000
garch_gap,stock-like (45% vol),0.4,0.8,3.5,0.91675,0.82775,-0.41115147651368644,8000
garch_gap,stock-like (45% vol),0.4,0.8,4.0,0.907,0.816,-0.40375314227623793,8000
garch_gap,stock-like (45% vol),0.4,0.8,4.5,0.901,0.805375,-0.43513886916226907,8000
garch_gap,stock-like (45% vol),0.4,0.8,5.0,0.897625,0.79,-0.4761517490980288,8000
garch_gap,stock-like (45% vol),0.4,0.8,5.5,0.8965,0.7775,-0.5025633609989183,8000
garch_gap,stock-like (45% vol),0.4,0.8,6.0,0.895625,0.766375,-0.5179105091219549,8000
garch_gap,stock-like (45% vol),0.4,0.8,6.5,0.89625,0.7535,-0.5205081965747946,8000
garch_gap,stock-like (45% vol),0.4,0.8,7.0,0.897,0.744875,-0.5304372339179935,8000
garch_gap,stock-like (45% vol),0.4,0.8,7.5,0.897375,0.7365,-0.5297474856296838,8000
garch_gap,stock-like (45% vol),0.4,0.8,8.0,0.89825,0.727125,-0.5349755065299707,8000
garch_gap,stock-like (45% vol),0.4,0.9,1.0,0.0,0.0,-0.09853931764776291,8000
garch_gap,stock-like (45% vol),0.4,0.9,1.5,0.002875,0.0,-0.10198880324259685,8000
garch_gap,stock-like (45% vol),0.4,0.9,2.0,0.017875,0.0,-0.10358210182439098,8000
garch_gap,stock-like (45% vol),0.4,0.9,2.5,0.4375,0.01425,-0.2270310591834087,8000
garch_gap,stock-like (45% vol),0.4,0.9,3.0,0.971875,0.71625,-0.2964696526200037,8000
garch_gap,stock-like (45% vol),0.4,0.9,3.5,0.980125,0.82975,-0.28140763674200464,8000
garch_gap,stock-like (45% vol),0.4,0.9,4.0,0.9795,0.842,-0.3674799547304457,8000
garch_gap,stock-like (45% vol),0.4,0.9,4.5,0.9765,0.833375,-0.37049443886089084,8000
garch_gap,stock-like (45% vol),0.4,0.9,5.0,0.975625,0.82,-0.38079883188372377,8000
garch_gap,stock-like (45% vol),0.4,0.9,5.5,0.97425,0.802875,-0.43528527405668804,8000
garch_gap,stock-like (45% vol),0.4,0.9,6.0,0.972125,0.784,-0.43971526589441035,8000
garch_gap,stock-like (45% vol),0.4,0.9,6.5,0.969625,0.763125,-0.4323954722252693,8000
garch_gap,stock-like (45% vol),0.4,0.9,7.0,0.97025,0.745625,-0.42887105523254976,8000
garch_gap,stock-like (45% vol),0.4,0.9,7.5,0.96825,0.72525,-0.4204801322070574,8000
garch_gap,stock-like (45% vol),0.4,0.9,8.0,0.96775,0.707125,-0.41943540687854375,8000
garch_gap,stock-like (45% vol),0.4,0.95,1.0,0.0,0.0,-0.04926965882388146,8000
garch_gap,stock-like (45% vol),0.4,0.95,1.5,0.007375,0.0,-0.05295561623011902,8000
garch_gap,stock-like (45% vol),0.4,0.95,2.0,0.042625,0.0,-0.05427146854114595,8000
garch_gap,stock-like (45% vol),0.4,0.95,2.5,0.422375,0.003125,-0.11403415747222079,8000
garch_gap,stock-like (45% vol),0.4,0.95,3.0,0.957375,0.3635,-0.21386355990661632,8000
garch_gap,stock-like (45% vol),0.4,0.95,3.5,0.985375,0.681625,-0.30353102678450095,8000
garch_gap,stock-like (45% vol),0.4,0.95,4.0,0.989875,0.747,-0.32398889252009777,8000
garch_gap,stock-like (45% vol),0.4,0.95,4.5,0.992875,0.7595,-0.375930010834449,8000
garch_gap,stock-like (45% vol),0.4,0.95,5.0,0.9925,0.75575,-0.3865615523112679,8000
garch_gap,stock-like (45% vol),0.4,0.95,5.5,0.991875,0.743125,-0.37883823881080136,8000
garch_gap,stock-like (45% vol),0.4,0.95,6.0,0.991125,0.724,-0.3862272718538722,8000
garch_gap,stock-like (45% vol),0.4,0.95,6.5,0.989625,0.702875,-0.4368751597649988,8000
garch_gap,stock-like (45% vol),0.4,0.95,7.0,0.9895,0.68525,-0.3876024470331385,8000
garch_gap,stock-like (45% vol),0.4,0.95,7.5,0.989375,0.6675,-0.396172311847238,8000
garch_gap,stock-like (45% vol),0.4,0.95,8.0,0.988875,0.647,-0.3972268210562573,8000
