floor,m,scenario,max_gap_survived,min_gap_breaching,one_over_m
0.8,3,after +20% run-up,0.33,0.34,0.333
0.8,3,start,0.33,0.34,0.333
0.8,4,after +20% run-up,0.32,0.33,0.25
0.8,4,start,0.25,0.26,0.25
0.8,5,after +20% run-up,0.33,0.34,0.2
0.8,5,start,0.2,0.21,0.2
0.8,6,after +20% run-up,0.33,0.34,0.167
0.8,6,start,0.2,0.21,0.167
0.8,8,after +20% run-up,0.33,0.34,0.125
0.8,8,start,0.2,0.21,0.125
0.9,3,after +20% run-up,0.34,0.35,0.333
0.9,3,start,0.33,0.34,0.333
0.9,4,after +20% run-up,0.25,0.26,0.25
0.9,4,start,0.25,0.26,0.25
0.9,5,after +20% run-up,0.21,0.22,0.2
0.9,5,start,0.2,0.21,0.2
0.9,6,after +20% run-up,0.23,0.24,0.167
0.9,6,start,0.16,0.17,0.167
0.9,8,after +20% run-up,0.24,0.25,0.125
0.9,8,start,0.12,0.13,0.125
0.95,3,after +20% run-up,0.33,0.34,0.333
0.95,3,start,0.33,0.34,0.333
0.95,4,after +20% run-up,0.25,0.26,0.25
0.95,4,start,0.25,0.26,0.25
0.95,5,after +20% run-up,0.2,0.21,0.2
0.95,5,start,0.2,0.21,0.2
0.95,6,after +20% run-up,0.16,0.17,0.167
0.95,6,start,0.16,0.17,0.167
0.95,8,after +20% run-up,0.17,0.18,0.125
0.95,8,start,0.12,0.13,0.125
