series,group,first,last,days,worst_1day,worst_date,n_nonoverlap_windows
GSPC,US index/ETF,1928-01-03,2026-10-02,24805,-20.47,1987-10-19,98
IXIC,US index/ETF,1971-02-08,2026-10-02,14031,-12.32,2020-03-16,55
NDX,US index/ETF,1985-10-02,2026-10-02,10330,-15.08,1987-10-19,40
DJI,US index/ETF,1992-01-03,2026-10-02,8749,-12.93,2020-03-16,34
RUT,US index/ETF,1987-09-11,2026-10-02,9839,-14.27,2020-03-16,39
SPY,US index/ETF,1993-02-01,2026-10-02,8476,-10.94,2020-03-16,33
QQQ,US index/ETF,1999-03-11,2026-10-02,6934,-11.98,2020-03-16,27
SMH,US index/ETF,2000-06-06,2026-10-02,6621,-14.41,2020-03-16,26
XLF,US index/ETF,1998-12-23,2026-10-02,6986,-16.67,2008-12-01,27
ARKK,US index/ETF,2014-11-03,2026-10-02,2996,-15.57,2020-03-16,11
N225,Intl index,1965-01-06,2026-10-02,15177,-14.9,1987-10-20,60
FTSE,Intl index,1984-01-04,2026-10-02,10799,-12.22,1987-10-20,42
GDAXI,Intl index,1988-01-04,2026-10-02,9801,-13.14,1989-10-16,38
HSI,Intl index,1987-01-02,2026-10-02,9810,-33.33,1987-10-26,38
KS11,Intl index,1996-12-12,2026-10-02,7336,-12.06,2026-03-04,29
NVDA,Single stock,1999-01-25,2026-10-02,6966,-35.23,2004-08-06,27
TSLA,Single stock,2010-06-30,2026-10-02,4090,-21.06,2020-09-08,16
AAPL,Single stock,1980-12-15,2026-10-02,11543,-51.87,2000-09-29,45
MSFT,Single stock,1986-03-14,2026-10-02,10217,-30.12,1987-10-19,40
AMZN,Single stock,1997-05-16,2026-10-02,7391,-24.77,2001-07-24,29
META,Single stock,2012-05-21,2026-10-02,3613,-26.39,2022-02-03,14
GOOGL,Single stock,2004-08-20,2026-10-02,5565,-11.63,2020-03-16,22
AMD,Single stock,1980-03-18,2026-10-02,11731,-37.93,1992-06-18,46
NFLX,Single stock,2002-05-24,2026-10-02,6129,-40.91,2004-10-15,24
INTC,Single stock,1980-03-18,2026-10-02,11731,-26.06,2024-08-02,46
CSCO,Single stock,1990-02-20,2026-10-02,9222,-19.83,1994-05-13,36
ORCL,Single stock,1986-03-13,2026-10-02,10218,-31.03,1990-03-28,40
QCOM,Single stock,1991-12-16,2026-10-02,8761,-16.85,2000-04-14,34
C,Single stock,1977-01-04,2026-10-02,12540,-39.02,2009-02-27,49
BAC,Single stock,1973-02-22,2026-10-02,13517,-28.97,2009-01-20,53
AIG,Single stock,1973-01-03,2026-10-02,13551,-60.79,2008-09-15,53
GE,Single stock,1962-01-03,2026-10-02,16296,-17.49,1987-10-19,64
F,Single stock,1972-06-02,2026-10-02,13697,-25.0,2008-11-19,54
XOM,Single stock,1962-01-03,2026-10-02,16296,-23.43,1987-10-19,64
JPM,Single stock,1980-03-18,2026-10-02,11731,-27.72,1987-10-19,46
BA,Single stock,1962-01-03,2026-10-02,16296,-23.85,2020-03-16,64
DIS,Single stock,1962-01-03,2026-10-02,16296,-29.09,1987-10-19,64
WMT,Single stock,1972-08-28,2026-10-02,13637,-16.83,1973-03-22,54
TLT,Other (not equity),2002-07-31,2026-10-02,6083,-6.67,2020-03-17,24
GLD,Other (not equity),2004-11-19,2026-10-02,5501,-10.27,2026-01-30,21
BTC-USD,Other (not equity),2014-09-18,2026-10-03,4399,-37.17,2020-03-12,17
B:MAG6+TSLA (2012+),Basket,2012-05-21,2026-10-02,3613,-13.7,2020-03-16,14
B:NVDA+TSLA+QQQ (2010+),Basket,2010-06-30,2026-10-02,4090,-16.34,2020-03-16,16
B:Financials-crash (1977+),Basket,1977-01-04,2026-10-02,12540,-21.75,2008-09-15,49
B:SPY+QQQ+NVDA (1999+),Basket,1999-03-11,2026-10-02,6934,-13.79,2020-03-16,27
