split,family,param,avg_m,test_n,test_breach_any,test_breach_mat,test_worst,test_mean_ret,test_capture_up,cal_n,cal_breach_any,cal_breach_mat,cal_worst,cal_mean_ret,cal_capture_up
cut2014,fixed,1.0,1.0,1626,0.0,0.0,-7.162,2.329,9.957,4352,0.0,0.0,-9.796,1.864,9.955
cut2014,fixed,1.5,1.5,1626,0.0,0.0,-8.79,3.692,15.717,4352,0.207,0.0,-10.472,2.966,15.602
cut2014,fixed,2.0,2.0,1626,0.0,0.0,-9.656,5.306,22.451,4352,0.414,0.023,-12.168,4.248,21.941
cut2014,fixed,2.5,2.5,1626,0.0,0.0,-9.921,6.864,28.958,4352,0.804,0.092,-15.209,5.584,28.411
cut2014,fixed,3.0,3.0,1626,0.554,0.0,-10.123,8.241,34.761,4352,1.608,0.207,-18.251,6.801,34.26
cut2014,fixed,3.5,3.5,1626,0.984,0.062,-11.113,9.442,39.836,4352,2.528,0.414,-21.293,7.859,39.339
cut2014,fixed,4.0,4.0,1626,1.599,0.062,-11.955,10.427,44.046,4352,3.539,0.597,-24.335,8.764,43.67
cut2014,fixed,4.5,4.5,1626,2.03,0.308,-13.573,11.167,47.294,4352,5.124,0.896,-27.377,9.535,47.333
cut2014,fixed,5.0,5.0,1626,2.829,0.369,-14.589,11.668,49.586,4352,6.87,1.172,-30.419,10.21,50.518
cut2014,fixed,5.5,5.5,1626,4.49,0.492,-14.205,12.027,51.298,4352,8.525,1.356,-33.461,10.755,53.112
cut2014,fixed,6.0,6.0,1626,5.597,0.984,-14.517,12.268,52.508,4352,9.995,1.654,-36.654,11.147,55.032
cut2014,fixed,6.5,6.5,1626,7.749,1.107,-14.655,12.376,53.184,4352,11.788,1.861,-45.302,11.437,56.479
cut2014,fixed,7.0,7.0,1626,9.164,1.169,-16.646,12.533,53.983,4352,13.419,2.137,-48.118,11.638,57.521
cut2014,fixed,7.5,7.5,1626,10.455,1.415,-16.134,12.634,54.531,4352,14.913,2.252,-45.628,11.751,58.165
cut2014,fixed,8.0,8.0,1626,12.915,1.353,-17.951,12.726,55.018,4352,16.567,2.551,-48.67,11.854,58.736
cut2014,trailing-worst-gap (static/term),0.1,1.907,1626,0.0,0.0,-9.151,3.163,14.523,4352,0.092,0.0,-10.466,3.384,17.729
cut2014,trailing-worst-gap (static/term),0.15,2.793,1626,0.062,0.0,-10.116,4.346,20.38,4352,0.391,0.0,-10.474,5.013,25.909
cut2014,trailing-worst-gap (static/term),0.2,3.666,1626,0.308,0.0,-10.343,5.785,26.9,4352,1.195,0.0,-10.981,6.459,33.117
cut2014,trailing-worst-gap (static/term),0.25,4.445,1626,1.292,0.062,-11.579,7.14,32.742,4352,2.482,0.207,-11.958,7.659,38.99
cut2014,trailing-worst-gap (static/term),0.3,5.121,1626,2.583,0.185,-12.967,8.24,37.392,4352,3.998,0.551,-15.314,8.579,43.452
cut2014,trailing-worst-gap (static/term),0.35,5.669,1626,3.936,0.369,-15.332,9.126,41.055,4352,5.331,0.988,-20.97,9.347,47.087
cut2014,trailing-worst-gap (static/term),0.4,6.096,1626,4.92,0.431,-16.379,9.934,44.273,4352,6.572,1.218,-20.687,9.934,49.815
cut2014,trailing-worst-gap (static/term),0.45,6.434,1626,6.027,0.492,-16.379,10.59,46.838,4352,7.812,1.31,-21.681,10.392,51.921
cut2014,trailing-worst-gap (static/term),0.5,6.7,1626,6.888,0.554,-16.379,11.025,48.535,4352,9.03,1.333,-28.772,10.756,53.575
cut2014,trailing-worst-gap (static/term),0.6,7.102,1626,8.61,0.738,-16.379,11.609,50.817,4352,10.892,1.517,-28.302,11.19,55.575
cut2014,trailing-worst-gap (static/term),0.7,7.388,1626,9.779,0.923,-17.403,12.095,52.663,4352,12.362,1.723,-27.535,11.434,56.704
cut2014,trailing-worst-gap (static/term),0.8,7.58,1626,11.132,1.107,-17.403,12.348,53.612,4352,12.914,1.815,-44.405,11.61,57.523
cut2014,trailing-worst-gap (static/term),0.9,7.709,1626,11.624,1.169,-17.403,12.468,54.063,4352,13.925,1.93,-46.467,11.677,57.853
cut2014,trailing-worst-gap (static/term),1.0,7.802,1626,11.993,1.23,-17.403,12.568,54.437,4352,14.522,1.953,-44.275,11.731,58.108
cut2014,trailing-worst-gap (static/term),1.1,7.865,1626,12.546,1.415,-17.951,12.611,54.605,4352,14.959,1.976,-44.275,11.772,58.292
cut2014,trailing-worst-gap (static/term),1.2,7.904,1626,12.669,1.415,-17.951,12.654,54.762,4352,15.005,2.045,-44.275,11.791,58.388
cut2014,trailing-worst-gap (static/term),1.3,7.927,1626,12.731,1.353,-17.951,12.697,54.914,4352,15.326,2.137,-44.275,11.835,58.581
cut2014,trailing-worst-gap (static/term),1.4,7.945,1626,12.792,1.415,-17.951,12.7,54.927,4352,15.533,2.16,-44.275,11.848,58.646
cut2014,trailing-vol (static/term),0.03,2.265,1626,0.0,0.0,-9.942,3.952,17.806,4352,0.046,0.0,-10.208,3.636,18.977
cut2014,trailing-vol (static/term),0.04,2.985,1626,0.062,0.0,-10.152,5.218,23.544,4352,0.23,0.0,-10.823,4.817,24.935
cut2014,trailing-vol (static/term),0.05,3.685,1626,0.554,0.0,-10.289,6.444,28.992,4352,0.62,0.092,-11.414,6.013,30.848
cut2014,trailing-vol (static/term),0.06,4.337,1626,1.046,0.0,-10.518,7.518,33.709,4352,1.057,0.184,-14.329,7.129,36.28
cut2014,trailing-vol (static/term),0.07,4.909,1626,1.722,0.185,-12.187,8.494,37.899,4352,1.562,0.299,-17.514,8.056,40.777
cut2014,trailing-vol (static/term),0.08,5.412,1626,2.46,0.308,-14.103,9.315,41.373,4352,2.551,0.483,-18.864,8.873,44.663
cut2014,trailing-vol (static/term),0.09,5.84,1626,3.075,0.369,-15.953,9.982,44.143,4352,3.745,0.551,-18.864,9.539,47.806
cut2014,trailing-vol (static/term),0.1,6.203,1626,4.982,0.492,-15.489,10.534,46.408,4352,5.055,0.735,-19.126,10.057,50.257
cut2014,trailing-vol (static/term),0.11,6.511,1626,5.658,0.615,-15.489,10.974,48.195,4352,6.158,0.988,-20.24,10.484,52.25
cut2014,trailing-vol (static/term),0.12,6.765,1626,6.642,0.615,-15.489,11.294,49.5,4352,7.031,1.264,-21.034,10.83,53.845
cut2014,trailing-vol (static/term),0.13,6.97,1626,7.134,0.8,-15.489,11.577,50.639,4352,8.019,1.31,-20.39,11.062,54.937
cut2014,trailing-vol (static/term),0.14,7.14,1626,7.995,0.8,-15.987,11.794,51.496,4352,8.755,1.425,-21.521,11.246,55.796
cut2014,trailing-vol (static/term),0.15,7.279,1626,8.364,0.923,-16.985,11.952,52.11,4352,9.743,1.471,-23.734,11.426,56.609
cut2014,trailing-vol (static/term),0.16,7.394,1626,8.979,0.984,-17.403,12.106,52.697,4352,10.616,1.562,-25.856,11.561,57.228
cut2014,trailing-vol (static/term),0.17,7.486,1626,9.471,0.984,-17.403,12.208,53.092,4352,11.374,1.54,-26.385,11.674,57.736
cut2014,trailing-vol (static/term),0.18,7.563,1626,9.779,1.046,-17.403,12.236,53.205,4352,12.132,1.723,-30.257,11.753,58.1
cut2014,trailing-vol (static/term),0.19,7.628,1626,10.271,1.046,-17.403,12.193,53.059,4352,12.868,1.861,-29.414,11.817,58.385
cut2014,ML (GBM q90 of worst 1-day loss),0.1,1.171,1626,0.0,0.0,-7.162,2.468,10.673,4352,0.0,0.0,-9.882,2.077,11.099
cut2014,ML (GBM q90 of worst 1-day loss),0.15,1.58,1626,0.0,0.0,-8.695,2.996,13.211,4352,0.092,0.0,-10.209,2.597,13.859
cut2014,ML (GBM q90 of worst 1-day loss),0.2,2.062,1626,0.0,0.0,-9.366,3.795,16.911,4352,0.161,0.0,-10.537,3.352,17.777
cut2014,ML (GBM q90 of worst 1-day loss),0.25,2.566,1626,0.0,0.0,-9.74,4.825,21.487,4352,0.322,0.0,-10.483,4.295,22.487
cut2014,ML (GBM q90 of worst 1-day loss),0.3,3.075,1626,0.0,0.0,-9.93,5.918,26.279,4352,0.597,0.0,-10.281,5.318,27.49
cut2014,ML (GBM q90 of worst 1-day loss),0.35,3.574,1626,0.492,0.0,-10.104,7.001,30.948,4352,1.126,0.023,-11.073,6.311,32.282
cut2014,ML (GBM q90 of worst 1-day loss),0.4,4.062,1626,0.738,0.0,-10.263,7.974,35.119,4352,1.815,0.138,-12.625,7.213,36.608
cut2014,ML (GBM q90 of worst 1-day loss),0.45,4.533,1626,1.107,0.0,-10.419,8.841,38.794,4352,2.252,0.391,-14.931,7.998,40.364
cut2014,ML (GBM q90 of worst 1-day loss),0.5,4.977,1626,1.599,0.123,-11.654,9.62,42.068,4352,3.125,0.46,-17.229,8.668,43.567
cut2014,ML (GBM q90 of worst 1-day loss),0.6,5.745,1626,2.891,0.431,-14.384,10.773,46.931,4352,5.009,0.781,-20.481,9.742,48.672
cut2014,ML (GBM q90 of worst 1-day loss),0.7,6.353,1626,4.92,0.431,-15.489,11.526,50.084,4352,6.87,1.057,-20.724,10.498,52.244
cut2014,ML (GBM q90 of worst 1-day loss),0.8,6.833,1626,6.765,0.615,-16.379,11.959,51.918,4352,8.502,1.287,-28.896,11.005,54.625
cut2014,ML (GBM q90 of worst 1-day loss),0.9,7.173,1626,7.934,0.677,-16.379,12.264,53.164,4352,10.018,1.494,-28.852,11.336,56.168
cut2014,ML (GBM q90 of worst 1-day loss),1.0,7.394,1626,9.164,0.923,-16.379,12.3,53.378,4352,11.098,1.608,-27.956,11.599,57.366
cut2014,ML (GBM q90 of worst 1-day loss),1.1,7.55,1626,9.84,0.923,-16.379,12.408,53.813,4352,12.385,1.792,-29.817,11.703,57.873
cut2014,ML (GBM q90 of worst 1-day loss),1.2,7.67,1626,10.455,1.107,-16.379,12.487,54.128,4352,13.718,1.884,-32.528,11.78,58.247
cut2014,ML (GBM q90 of worst 1-day loss),1.3,7.76,1626,11.255,1.107,-16.379,12.58,54.48,4352,14.591,1.999,-35.238,11.808,58.405
cut2014,ML (GBM q90 of worst 1-day loss),1.4,7.829,1626,11.624,1.292,-17.403,12.66,54.775,4352,15.028,2.068,-37.949,11.838,58.562
cut2019,fixed,1.0,1.0,870,0.0,0.0,-7.162,2.612,9.959,5103,0.0,0.0,-9.796,1.844,9.954
cut2019,fixed,1.5,1.5,870,0.0,0.0,-8.79,4.125,15.617,5103,0.176,0.0,-10.472,2.925,15.589
cut2019,fixed,2.0,2.0,870,0.0,0.0,-9.656,5.93,22.24,5103,0.353,0.02,-12.168,4.178,21.929
cut2019,fixed,2.5,2.5,870,0.0,0.0,-9.921,7.654,28.57,5103,0.686,0.078,-15.209,5.487,28.423
cut2019,fixed,3.0,3.0,870,0.69,0.0,-10.123,9.237,34.383,5103,1.372,0.176,-18.251,6.677,34.302
cut2019,fixed,3.5,3.5,870,1.494,0.115,-11.113,10.731,39.809,5103,2.156,0.353,-21.293,7.697,39.36
cut2019,fixed,4.0,4.0,870,2.184,0.115,-11.955,11.913,44.144,5103,3.018,0.51,-24.335,8.581,43.725
cut2019,fixed,4.5,4.5,870,2.874,0.575,-13.573,12.822,47.546,5103,4.409,0.764,-27.377,9.325,47.4
cut2019,fixed,5.0,5.0,870,3.563,0.575,-14.589,13.415,49.825,5103,5.938,1.019,-30.419,9.981,50.616
cut2019,fixed,5.5,5.5,870,5.172,0.805,-14.205,13.867,51.583,5103,7.623,1.176,-33.461,10.505,53.215
cut2019,fixed,6.0,6.0,870,6.092,1.149,-14.517,14.118,52.628,5103,8.897,1.529,-36.654,10.889,55.174
cut2019,fixed,6.5,6.5,870,8.161,0.92,-14.655,14.207,53.095,5103,10.641,1.744,-45.302,11.167,56.637
cut2019,fixed,7.0,7.0,870,9.54,0.92,-14.801,14.417,53.902,5103,12.071,2.018,-48.118,11.357,57.685
cut2019,fixed,7.5,7.5,870,10.69,1.264,-15.971,14.566,54.486,5103,13.541,2.116,-45.628,11.467,58.352
cut2019,fixed,8.0,8.0,870,14.023,1.494,-17.403,14.676,54.935,5103,14.991,2.332,-48.67,11.567,58.942
cut2019,trailing-worst-gap (static/term),0.1,1.721,870,0.0,0.0,-9.151,3.45,13.721,5103,0.078,0.0,-10.466,3.291,17.668
cut2019,trailing-worst-gap (static/term),0.15,2.483,870,0.115,0.0,-10.116,4.613,18.633,5103,0.333,0.0,-10.474,4.88,25.923
cut2019,trailing-worst-gap (static/term),0.2,3.26,870,0.115,0.0,-10.343,6.021,24.197,5103,1.019,0.0,-10.981,6.342,33.408
cut2019,trailing-worst-gap (static/term),0.25,3.961,870,1.264,0.115,-11.579,7.483,29.701,5103,2.156,0.176,-11.958,7.545,39.457
cut2019,trailing-worst-gap (static/term),0.3,4.583,870,2.299,0.115,-12.57,8.645,34.032,5103,3.508,0.51,-15.314,8.464,44.043
cut2019,trailing-worst-gap (static/term),0.35,5.092,870,3.218,0.23,-13.714,9.729,37.914,5103,4.664,0.901,-20.97,9.208,47.675
cut2019,trailing-worst-gap (static/term),0.4,5.532,870,4.598,0.23,-13.93,10.69,41.302,5103,5.761,1.097,-20.687,9.777,50.396
cut2019,trailing-worst-gap (static/term),0.45,5.914,870,5.517,0.345,-13.922,11.503,44.134,5103,6.937,1.176,-21.681,10.214,52.463
cut2019,trailing-worst-gap (static/term),0.5,6.232,870,6.092,0.46,-13.922,12.133,46.312,5103,8.074,1.195,-28.772,10.553,54.051
cut2019,trailing-worst-gap (static/term),0.6,6.731,870,8.276,0.69,-14.768,12.973,49.234,5103,9.818,1.391,-28.302,10.955,55.954
cut2019,trailing-worst-gap (static/term),0.7,7.112,870,10.23,0.805,-17.403,13.713,51.74,5103,11.092,1.607,-27.535,11.187,57.055
cut2019,trailing-worst-gap (static/term),0.8,7.382,870,12.069,1.149,-17.403,14.142,53.163,5103,11.66,1.685,-44.405,11.346,57.812
cut2019,trailing-worst-gap (static/term),0.9,7.58,870,12.759,1.149,-17.403,14.241,53.505,5103,12.561,1.803,-46.467,11.411,58.139
cut2019,trailing-worst-gap (static/term),1.0,7.719,870,13.218,1.264,-17.403,14.388,53.997,5103,13.071,1.842,-44.275,11.466,58.403
cut2019,trailing-worst-gap (static/term),1.1,7.806,870,13.678,1.379,-17.403,14.465,54.253,5103,13.521,1.842,-44.275,11.502,58.571
cut2019,trailing-worst-gap (static/term),1.2,7.86,870,13.678,1.379,-17.403,14.542,54.505,5103,13.619,1.92,-44.275,11.518,58.655
cut2019,trailing-worst-gap (static/term),1.3,7.891,870,13.793,1.379,-17.403,14.604,54.703,5103,13.894,1.979,-44.275,11.558,58.832
cut2019,trailing-worst-gap (static/term),1.4,7.916,870,13.908,1.494,-17.403,14.616,54.741,5103,14.07,1.999,-44.275,11.566,58.879
cut2019,trailing-vol (static/term),0.03,1.979,870,0.0,0.0,-9.942,4.049,15.945,5103,0.039,0.0,-10.208,3.659,19.458
cut2019,trailing-vol (static/term),0.04,2.602,870,0.115,0.0,-10.152,5.31,20.906,5103,0.196,0.0,-10.823,4.856,25.655
cut2019,trailing-vol (static/term),0.05,3.227,870,0.575,0.0,-10.289,6.598,25.885,5103,0.549,0.078,-11.414,6.051,31.736
cut2019,trailing-vol (static/term),0.06,3.821,870,1.034,0.0,-10.518,7.821,30.521,5103,0.921,0.157,-14.329,7.141,37.21
cut2019,trailing-vol (static/term),0.07,4.362,870,1.379,0.115,-11.19,8.918,34.616,5103,1.411,0.294,-17.514,8.042,41.722
cut2019,trailing-vol (static/term),0.08,4.86,870,1.839,0.345,-12.976,9.95,38.393,5103,2.273,0.451,-18.864,8.82,45.553
cut2019,trailing-vol (static/term),0.09,5.299,870,2.414,0.46,-15.345,10.784,41.405,5103,3.312,0.51,-18.864,9.449,48.62
cut2019,trailing-vol (static/term),0.1,5.692,870,3.793,0.575,-12.465,11.493,43.937,5103,4.546,0.666,-19.126,9.935,50.996
cut2019,trailing-vol (static/term),0.11,6.036,870,4.483,0.69,-12.581,12.045,45.907,5103,5.507,0.921,-20.24,10.332,52.911
cut2019,trailing-vol (static/term),0.12,6.329,870,5.632,0.575,-13.464,12.495,47.513,5103,6.33,1.156,-21.034,10.649,54.421
cut2019,trailing-vol (static/term),0.13,6.573,870,6.552,0.69,-14.457,12.909,48.969,5103,7.192,1.195,-20.39,10.859,55.446
cut2019,trailing-vol (static/term),0.14,6.787,870,7.356,0.69,-15.662,13.239,50.116,5103,7.956,1.293,-21.521,11.031,56.27
cut2019,trailing-vol (static/term),0.15,6.968,870,7.816,0.805,-16.985,13.446,50.839,5103,8.838,1.333,-23.734,11.196,57.033
cut2019,trailing-vol (static/term),0.16,7.123,870,8.621,0.92,-17.403,13.704,51.707,5103,9.622,1.411,-25.856,11.315,57.598
cut2019,trailing-vol (static/term),0.17,7.251,870,9.195,0.92,-17.403,13.865,52.26,5103,10.347,1.431,-26.385,11.413,58.052
cut2019,trailing-vol (static/term),0.18,7.359,870,9.655,0.92,-17.403,13.909,52.413,5103,11.013,1.626,-30.257,11.478,58.361
cut2019,trailing-vol (static/term),0.19,7.453,870,10.23,0.92,-17.403,13.82,52.134,5103,11.679,1.744,-29.414,11.53,58.604
cut2019,ML (GBM q90 of worst 1-day loss),0.1,1.13,870,0.0,0.0,-7.162,2.765,10.577,5103,0.0,0.0,-9.796,2.06,11.176
cut2019,ML (GBM q90 of worst 1-day loss),0.15,1.482,870,0.0,0.0,-8.753,3.36,12.949,5103,0.059,0.0,-10.444,2.617,14.22
cut2019,ML (GBM q90 of worst 1-day loss),0.2,1.914,870,0.0,0.0,-9.436,4.242,16.415,5103,0.137,0.0,-10.527,3.44,18.566
cut2019,ML (GBM q90 of worst 1-day loss),0.25,2.381,870,0.0,0.0,-9.783,5.388,20.787,5103,0.255,0.0,-10.211,4.439,23.706
cut2019,ML (GBM q90 of worst 1-day loss),0.3,2.854,870,0.0,0.0,-9.918,6.59,25.343,5103,0.568,0.0,-10.231,5.487,28.977
cut2019,ML (GBM q90 of worst 1-day loss),0.35,3.32,870,0.575,0.0,-10.09,7.746,29.691,5103,1.117,0.059,-11.361,6.514,34.057
cut2019,ML (GBM q90 of worst 1-day loss),0.4,3.782,870,0.575,0.0,-10.114,8.856,33.818,5103,1.626,0.216,-13.354,7.422,38.547
cut2019,ML (GBM q90 of worst 1-day loss),0.45,4.229,870,1.034,0.0,-10.264,9.831,37.423,5103,2.116,0.333,-15.817,8.246,42.564
cut2019,ML (GBM q90 of worst 1-day loss),0.5,4.656,870,1.264,0.0,-10.452,10.767,40.846,5103,2.783,0.47,-18.643,8.917,45.861
cut2019,ML (GBM q90 of worst 1-day loss),0.6,5.425,870,2.414,0.345,-12.198,12.251,46.217,5103,4.644,0.725,-21.253,9.94,50.879
cut2019,ML (GBM q90 of worst 1-day loss),0.7,6.071,870,3.678,0.46,-15.17,13.209,49.666,5103,6.545,0.901,-29.877,10.648,54.321
cut2019,ML (GBM q90 of worst 1-day loss),0.8,6.571,870,5.977,0.575,-13.326,13.745,51.615,5103,7.858,1.333,-28.016,11.096,56.476
cut2019,ML (GBM q90 of worst 1-day loss),0.9,6.93,870,7.586,0.575,-13.784,14.103,52.906,5103,9.328,1.45,-27.649,11.363,57.757
cut2019,ML (GBM q90 of worst 1-day loss),1.0,7.195,870,8.621,0.92,-13.929,14.23,53.394,5103,10.739,1.568,-27.475,11.498,58.422
cut2019,ML (GBM q90 of worst 1-day loss),1.1,7.398,870,9.77,0.805,-14.262,14.094,53.016,5103,11.993,1.626,-29.129,11.588,58.861
cut2019,ML (GBM q90 of worst 1-day loss),1.2,7.559,870,10.805,0.805,-15.044,14.268,53.608,5103,12.718,1.783,-31.777,11.588,58.905
cut2019,ML (GBM q90 of worst 1-day loss),1.3,7.69,870,11.839,1.149,-15.591,14.405,54.062,5103,13.423,1.94,-34.425,11.574,58.878
cut2019,ML (GBM q90 of worst 1-day loss),1.4,7.787,870,12.299,1.264,-16.506,14.489,54.345,5103,13.894,2.018,-37.074,11.58,58.932
