m,group,n,breach_any,breach_material,worst_ret,median_ret,mean_ret,median_hold,mean_hold,capture_up,bad_yr_ret,bad_yr_hold,locked_pct,turnover,cost_drag_pct,mbreach_lo,mbreach_hi,breach_lo,breach_hi
1.0,Intl index,207.0,0.0,0.0,-4.81,0.93,0.94,9.42,9.53,9.93,-2.39,-23.84,0.0,0.21,0.01,,,,
1.5,Intl index,207.0,0.0,0.0,-6.49,1.39,1.38,9.42,9.53,14.69,-3.49,-23.84,0.0,0.33,0.02,,,,
2.0,Intl index,207.0,0.0,0.0,-7.67,1.73,1.86,9.42,9.53,19.77,-4.48,-23.84,0.0,0.56,0.03,0.0,0.0,0.0,0.0
2.5,Intl index,207.0,0.0,0.0,-8.43,2.0,2.33,9.42,9.53,24.84,-5.57,-23.84,0.0,0.93,0.06,,,,
3.0,Intl index,207.0,0.48,0.0,-10.03,2.0,2.91,9.42,9.53,30.52,-6.42,-23.84,0.1,1.44,0.09,0.0,0.0,0.0,1.59
3.5,Intl index,207.0,0.48,0.48,-13.44,1.9,3.45,9.42,9.53,35.9,-7.21,-23.84,0.1,2.11,0.13,,,,
4.0,Intl index,207.0,0.48,0.48,-18.21,1.88,3.94,9.42,9.53,40.84,-7.87,-23.84,0.1,2.82,0.17,0.0,1.57,0.0,1.6
4.5,Intl index,207.0,0.48,0.48,-21.54,1.72,4.45,9.42,9.53,45.71,-8.41,-23.84,0.1,3.48,0.21,,,,
5.0,Intl index,207.0,1.45,0.48,-20.17,1.56,4.9,9.42,9.53,49.9,-8.75,-23.84,0.7,4.07,0.24,0.0,1.53,0.0,3.21
5.5,Intl index,207.0,2.42,0.48,-19.21,1.01,5.29,9.42,9.53,53.58,-9.04,-23.84,0.88,4.49,0.27,,,,
6.0,Intl index,207.0,2.42,0.97,-18.2,0.83,5.68,9.42,9.53,56.99,-9.3,-23.84,0.95,4.77,0.29,0.0,2.46,0.54,4.5
6.5,Intl index,207.0,3.86,0.97,-17.65,0.53,5.9,9.42,9.53,59.27,-9.45,-23.84,1.23,4.99,0.3,,,,
7.0,Intl index,207.0,5.31,0.97,-17.33,0.35,6.06,9.42,9.53,61.02,-9.67,-23.84,1.82,5.13,0.31,,,,
7.5,Intl index,207.0,5.8,1.45,-16.84,0.16,6.15,9.42,9.53,62.12,-9.72,-23.84,1.91,5.2,0.31,,,,
8.0,Intl index,207.0,6.28,1.45,-16.22,0.02,6.26,9.42,9.53,63.27,-9.81,-23.84,2.34,5.23,0.31,0.0,3.76,2.55,10.84
1.0,Single stock,984.0,0.0,0.0,-9.7,1.57,2.57,15.87,25.87,9.96,-2.66,-26.5,0.0,0.23,0.01,,,,
1.5,Single stock,984.0,0.2,0.0,-10.27,1.99,4.19,15.87,25.87,15.99,-4.14,-26.5,0.06,0.43,0.03,,,,
2.0,Single stock,984.0,0.51,0.0,-10.47,2.19,5.95,15.87,25.87,22.51,-5.74,-26.5,0.14,0.9,0.05,0.0,0.0,0.0,1.07
2.5,Single stock,984.0,1.22,0.1,-12.19,2.04,7.74,15.87,25.87,28.96,-6.87,-26.5,0.47,1.65,0.1,,,,
3.0,Single stock,984.0,2.24,0.1,-12.86,1.64,9.19,15.87,25.87,34.27,-7.96,-26.5,1.03,2.54,0.15,0.0,0.32,1.16,3.64
3.5,Single stock,984.0,2.95,0.41,-12.72,1.33,10.39,15.87,25.87,38.65,-8.7,-26.5,1.42,3.41,0.2,,,,
4.0,Single stock,984.0,4.07,0.61,-15.33,0.59,11.15,15.87,25.87,41.6,-9.15,-26.5,1.8,4.17,0.25,0.11,1.22,2.38,5.9
4.5,Single stock,984.0,6.5,1.12,-17.41,-0.53,11.75,15.87,25.87,43.9,-9.48,-26.5,2.89,4.77,0.29,,,,
5.0,Single stock,984.0,9.25,1.73,-17.86,-1.63,12.33,15.87,25.87,46.11,-9.72,-26.5,3.94,5.16,0.31,0.87,2.82,6.64,12.67
5.5,Single stock,984.0,11.89,1.83,-21.22,-2.31,12.85,15.87,25.87,48.02,-9.85,-26.5,5.51,5.39,0.32,,,,
6.0,Single stock,984.0,13.72,2.13,-20.91,-3.03,13.21,15.87,25.87,49.41,-9.93,-26.5,6.79,5.54,0.33,1.16,3.25,9.91,17.76
6.5,Single stock,984.0,15.45,2.03,-23.47,-3.55,13.46,15.87,25.87,50.37,-10.0,-26.5,7.71,5.61,0.34,,,,
7.0,Single stock,984.0,17.68,2.64,-26.39,-4.43,13.6,15.87,25.87,50.96,-10.0,-26.5,9.26,5.63,0.34,,,,
7.5,Single stock,984.0,18.39,2.95,-27.81,-5.23,13.48,15.87,25.87,50.75,-10.0,-26.5,9.78,5.62,0.34,,,,
8.0,Single stock,984.0,20.93,2.85,-27.28,-6.05,13.39,15.87,25.87,50.57,-10.0,-26.5,11.55,5.57,0.33,1.54,4.38,16.44,25.99
1.0,US index/ETF,390.0,0.0,0.0,-7.08,1.17,1.19,11.86,12.04,9.94,-2.0,-19.87,0.0,0.21,0.01,,,,
1.5,US index/ETF,390.0,0.0,0.0,-8.7,1.71,1.78,11.86,12.04,14.87,-3.03,-19.87,0.0,0.34,0.02,,,,
2.0,US index/ETF,390.0,0.0,0.0,-9.4,2.16,2.46,11.86,12.04,20.33,-4.09,-19.87,0.0,0.56,0.03,0.0,0.0,0.0,0.0
2.5,US index/ETF,390.0,0.0,0.0,-9.77,2.65,3.14,11.86,12.04,25.8,-5.16,-19.87,0.0,0.95,0.06,,,,
3.0,US index/ETF,390.0,0.0,0.0,-9.94,2.93,3.85,11.86,12.04,31.31,-5.95,-19.87,0.0,1.51,0.09,0.0,0.0,0.0,0.0
3.5,US index/ETF,390.0,0.51,0.0,-10.07,3.21,4.54,11.86,12.04,36.73,-6.99,-19.87,0.13,2.19,0.13,,,,
4.0,US index/ETF,390.0,1.03,0.0,-10.03,3.43,5.24,11.86,12.04,42.06,-7.63,-19.87,0.32,2.9,0.17,0.0,0.0,0.0,2.39
4.5,US index/ETF,390.0,1.28,0.0,-10.02,3.34,5.82,11.86,12.04,46.49,-8.19,-19.87,0.34,3.61,0.22,,,,
5.0,US index/ETF,390.0,1.54,0.0,-10.21,3.42,6.41,11.86,12.04,50.8,-8.69,-19.87,0.61,4.16,0.25,0.0,0.0,0.24,3.51
5.5,US index/ETF,390.0,2.82,0.0,-10.96,3.28,6.84,11.86,12.04,54.12,-9.03,-19.87,1.13,4.55,0.27,,,,
6.0,US index/ETF,390.0,2.82,0.26,-11.7,3.04,7.19,11.86,12.04,56.88,-9.19,-19.87,1.46,4.88,0.29,0.0,0.83,0.7,5.68
6.5,US index/ETF,390.0,4.87,0.26,-12.42,3.17,7.48,11.86,12.04,59.18,-9.42,-19.87,2.5,5.06,0.3,,,,
7.0,US index/ETF,390.0,6.15,0.26,-13.21,3.59,7.7,11.86,12.04,60.93,-9.65,-19.87,2.98,5.17,0.31,,,,
7.5,US index/ETF,390.0,6.15,0.26,-13.89,3.8,7.85,11.86,12.04,62.22,-9.78,-19.87,2.98,5.23,0.31,,,,
8.0,US index/ETF,390.0,8.21,0.26,-14.52,3.88,7.99,11.86,12.04,63.43,-9.83,-19.87,4.37,5.27,0.32,0.0,0.85,3.73,14.03
1.0,ALL equity series,1581.0,0.0,0.0,-9.7,1.36,2.02,13.7,20.32,9.96,-2.41,-24.03,0.0,0.22,0.01,,,,
1.5,ALL equity series,1581.0,0.13,0.0,-10.27,1.77,3.23,13.7,20.32,15.72,-3.68,-24.03,0.03,0.39,0.02,,,,
2.0,ALL equity series,1581.0,0.32,0.0,-10.47,2.1,4.56,13.7,20.32,21.97,-5.15,-24.03,0.08,0.77,0.05,0.0,0.0,0.0,0.76
2.5,ALL equity series,1581.0,0.76,0.06,-12.19,2.2,5.9,13.7,20.32,28.17,-6.42,-24.03,0.29,1.38,0.08,,,,
3.0,ALL equity series,1581.0,1.45,0.06,-12.86,2.12,7.05,13.7,20.32,33.54,-7.39,-24.03,0.66,2.14,0.13,0.0,0.21,0.7,2.35
3.5,ALL equity series,1581.0,2.02,0.32,-13.44,1.9,8.04,13.7,20.32,38.15,-8.16,-24.03,0.93,2.94,0.18,,,,
4.0,ALL equity series,1581.0,2.85,0.44,-18.21,1.56,8.75,13.7,20.32,41.62,-8.81,-24.03,1.21,3.68,0.22,0.11,0.91,1.75,4.3
4.5,ALL equity series,1581.0,4.43,0.76,-21.54,1.06,9.33,13.7,20.32,44.43,-9.21,-24.03,1.9,4.32,0.26,,,,
5.0,ALL equity series,1581.0,6.33,1.14,-20.17,0.56,9.9,13.7,20.32,47.11,-9.48,-24.03,2.7,4.77,0.29,0.54,1.92,4.13,8.65
5.5,ALL equity series,1581.0,8.41,1.2,-21.22,0.03,10.38,13.7,20.32,49.37,-9.69,-24.03,3.83,5.07,0.3,,,,
6.0,ALL equity series,1581.0,9.55,1.52,-20.91,-0.3,10.74,13.7,20.32,51.12,-9.81,-24.03,4.71,5.27,0.32,0.85,2.57,6.86,12.89
6.5,ALL equity series,1581.0,11.32,1.45,-23.47,-0.6,11.0,13.7,20.32,52.38,-9.9,-24.03,5.57,5.39,0.32,,,,
7.0,ALL equity series,1581.0,13.22,1.83,-26.39,-1.02,11.16,13.7,20.32,53.24,-9.96,-24.03,6.74,5.45,0.33,,,,
7.5,ALL equity series,1581.0,13.73,2.09,-27.81,-1.42,11.13,13.7,20.32,53.35,-10.0,-24.03,7.07,5.47,0.33,,,,
8.0,ALL equity series,1581.0,15.88,2.02,-27.28,-2.08,11.13,13.7,20.32,53.49,-10.0,-24.03,8.57,5.45,0.33,1.03,3.44,11.89,20.43
