series,m,n,breach_any,breach_material,worst_ret,median_ret,mean_ret,median_hold,mean_hold,capture_up,bad_yr_ret,bad_yr_hold,locked_pct,turnover,cost_drag_pct
B:Financials-crash (1977+),1.0,49.0,0.0,0.0,-7.02,1.4,1.53,14.12,15.43,9.95,-2.01,-20.01,0.0,0.22,0.01
B:Financials-crash (1977+),1.5,49.0,0.0,0.0,-8.68,1.69,2.18,14.12,15.43,14.33,-3.11,-20.01,0.0,0.35,0.02
B:Financials-crash (1977+),2.0,49.0,0.0,0.0,-9.41,1.95,2.99,14.12,15.43,19.3,-4.15,-20.01,0.0,0.61,0.04
B:Financials-crash (1977+),2.5,49.0,0.0,0.0,-9.92,2.23,3.84,14.12,15.43,24.6,-5.26,-20.01,0.0,1.07,0.06
B:Financials-crash (1977+),3.0,49.0,2.04,0.0,-10.02,2.29,4.81,14.12,15.43,30.43,-6.59,-20.01,0.29,1.79,0.11
B:Financials-crash (1977+),3.5,49.0,2.04,0.0,-10.01,2.39,5.73,14.12,15.43,35.77,-7.41,-20.01,0.38,2.82,0.17
B:Financials-crash (1977+),4.0,49.0,4.08,0.0,-10.06,2.45,7.01,14.12,15.43,42.87,-8.07,-20.01,2.16,3.66,0.22
B:Financials-crash (1977+),4.5,49.0,4.08,0.0,-10.06,2.53,8.38,14.12,15.43,50.33,-8.68,-20.01,2.22,4.0,0.24
B:Financials-crash (1977+),5.0,49.0,4.08,0.0,-10.09,3.01,9.44,14.12,15.43,56.11,-9.03,-20.01,2.2,4.25,0.25
B:Financials-crash (1977+),5.5,49.0,8.16,0.0,-10.49,3.7,10.16,14.12,15.43,60.22,-9.27,-20.01,4.11,4.59,0.28
B:Financials-crash (1977+),6.0,49.0,6.12,0.0,-10.11,4.53,10.74,14.12,15.43,63.33,-9.56,-20.01,3.77,4.89,0.29
B:Financials-crash (1977+),6.5,49.0,6.12,0.0,-10.06,4.91,11.19,14.12,15.43,65.82,-9.77,-20.01,3.97,5.13,0.31
B:Financials-crash (1977+),7.0,49.0,8.16,0.0,-10.05,4.65,11.69,14.12,15.43,68.54,-9.74,-20.01,5.06,5.16,0.31
B:Financials-crash (1977+),7.5,49.0,8.16,0.0,-10.08,3.56,12.1,14.12,15.43,70.81,-9.83,-20.01,5.08,5.18,0.31
B:Financials-crash (1977+),8.0,49.0,10.2,0.0,-10.1,3.22,12.38,14.12,15.43,72.43,-9.94,-20.01,5.47,5.19,0.31
B:MAG6+TSLA (2012+),1.0,14.0,0.0,0.0,-0.92,3.47,3.93,34.84,39.46,9.96,,,0.0,0.24,0.01
B:MAG6+TSLA (2012+),1.5,14.0,0.0,0.0,-1.68,5.09,6.02,34.84,39.46,15.35,,,0.0,0.43,0.03
B:MAG6+TSLA (2012+),2.0,14.0,0.0,0.0,-2.42,6.74,8.53,34.84,39.46,21.81,,,0.0,0.85,0.05
B:MAG6+TSLA (2012+),2.5,14.0,0.0,0.0,-3.41,8.78,11.05,34.84,39.46,28.36,,,0.0,1.74,0.1
B:MAG6+TSLA (2012+),3.0,14.0,0.0,0.0,-4.63,10.47,13.66,34.84,39.46,35.14,,,0.0,3.09,0.19
B:MAG6+TSLA (2012+),3.5,14.0,0.0,0.0,-5.56,12.24,17.02,34.84,39.46,43.79,,,0.0,4.14,0.25
B:MAG6+TSLA (2012+),4.0,14.0,0.0,0.0,-6.23,13.98,20.31,34.84,39.46,52.23,,,0.0,4.95,0.3
B:MAG6+TSLA (2012+),4.5,14.0,0.0,0.0,-6.86,16.29,23.08,34.84,39.46,59.35,,,0.0,5.52,0.33
B:MAG6+TSLA (2012+),5.0,14.0,0.0,0.0,-7.11,19.46,25.18,34.84,39.46,64.75,,,0.0,5.92,0.36
B:MAG6+TSLA (2012+),5.5,14.0,0.0,0.0,-7.14,21.74,26.69,34.84,39.46,68.64,,,0.0,5.87,0.35
B:MAG6+TSLA (2012+),6.0,14.0,0.0,0.0,-7.65,23.74,28.02,34.84,39.46,72.07,,,0.0,5.74,0.34
B:MAG6+TSLA (2012+),6.5,14.0,0.0,0.0,-7.98,26.09,29.0,34.84,39.46,74.57,,,0.0,5.68,0.34
B:MAG6+TSLA (2012+),7.0,14.0,0.0,0.0,-8.31,28.22,30.11,34.84,39.46,77.32,,,0.0,5.32,0.32
B:MAG6+TSLA (2012+),7.5,14.0,0.0,0.0,-8.53,29.49,31.12,34.84,39.46,79.87,,,0.0,4.99,0.3
B:MAG6+TSLA (2012+),8.0,14.0,0.0,0.0,-8.75,30.22,31.46,34.84,39.46,80.78,,,0.0,4.79,0.29
B:NVDA+TSLA+QQQ (2010+),1.0,16.0,0.0,0.0,-1.5,3.44,4.91,34.55,49.3,9.97,-1.37,-13.64,0.0,0.25,0.01
B:NVDA+TSLA+QQQ (2010+),1.5,16.0,0.0,0.0,-2.43,4.91,7.8,34.55,49.3,15.86,-2.29,-13.64,0.0,0.48,0.03
B:NVDA+TSLA+QQQ (2010+),2.0,16.0,0.0,0.0,-3.44,6.61,11.47,34.55,49.3,23.31,-3.35,-13.64,0.0,1.07,0.06
B:NVDA+TSLA+QQQ (2010+),2.5,16.0,0.0,0.0,-5.1,7.69,14.72,34.55,49.3,30.08,-4.98,-13.64,0.0,2.26,0.14
B:NVDA+TSLA+QQQ (2010+),3.0,16.0,0.0,0.0,-6.19,8.4,18.64,34.55,49.3,38.02,-5.97,-13.64,0.0,3.44,0.21
B:NVDA+TSLA+QQQ (2010+),3.5,16.0,0.0,0.0,-7.34,8.86,22.78,34.55,49.3,46.42,-7.12,-13.64,0.0,4.39,0.26
B:NVDA+TSLA+QQQ (2010+),4.0,16.0,0.0,0.0,-7.99,10.77,25.92,34.55,49.3,52.73,-7.81,-13.64,0.0,5.13,0.31
B:NVDA+TSLA+QQQ (2010+),4.5,16.0,0.0,0.0,-8.51,12.63,28.46,34.55,49.3,57.86,-8.38,-13.64,0.0,5.73,0.34
B:NVDA+TSLA+QQQ (2010+),5.0,16.0,0.0,0.0,-8.98,15.13,29.92,34.55,49.3,60.85,-8.92,-13.64,0.0,6.0,0.36
B:NVDA+TSLA+QQQ (2010+),5.5,16.0,0.0,0.0,-9.36,18.1,31.08,34.55,49.3,63.22,-9.28,-13.64,0.0,6.17,0.37
B:NVDA+TSLA+QQQ (2010+),6.0,16.0,0.0,0.0,-9.4,18.1,31.75,34.55,49.3,64.55,-9.38,-13.64,0.0,6.31,0.38
B:NVDA+TSLA+QQQ (2010+),6.5,16.0,0.0,0.0,-9.61,19.77,31.91,34.55,49.3,64.9,-9.53,-13.64,0.0,6.47,0.39
B:NVDA+TSLA+QQQ (2010+),7.0,16.0,0.0,0.0,-9.7,22.39,32.23,34.55,49.3,65.56,-9.62,-13.64,0.0,6.53,0.39
B:NVDA+TSLA+QQQ (2010+),7.5,16.0,0.0,0.0,-9.91,22.84,32.04,34.55,49.3,65.21,-9.78,-13.64,0.0,6.66,0.4
B:NVDA+TSLA+QQQ (2010+),8.0,16.0,0.0,0.0,-9.85,23.16,31.8,34.55,49.3,64.75,-9.77,-13.64,0.0,6.61,0.4
B:SPY+QQQ+NVDA (1999+),1.0,27.0,0.0,0.0,-4.44,1.6,2.64,16.11,26.56,9.96,-3.94,-39.3,0.0,0.23,0.01
B:SPY+QQQ+NVDA (1999+),1.5,27.0,0.0,0.0,-6.12,2.19,4.13,16.11,26.56,15.64,-5.64,-39.3,0.0,0.4,0.02
B:SPY+QQQ+NVDA (1999+),2.0,27.0,0.0,0.0,-7.48,2.58,6.02,16.11,26.56,22.87,-6.96,-39.3,0.0,0.79,0.05
B:SPY+QQQ+NVDA (1999+),2.5,27.0,0.0,0.0,-8.17,2.1,8.27,16.11,26.56,31.12,-7.72,-39.3,0.0,1.56,0.09
B:SPY+QQQ+NVDA (1999+),3.0,27.0,0.0,0.0,-8.99,2.38,10.85,16.11,26.56,40.47,-8.73,-39.3,0.0,2.46,0.15
B:SPY+QQQ+NVDA (1999+),3.5,27.0,0.0,0.0,-9.44,1.66,12.96,16.11,26.56,48.13,-9.09,-39.3,0.0,3.37,0.2
B:SPY+QQQ+NVDA (1999+),4.0,27.0,0.0,0.0,-9.74,1.51,14.8,16.11,26.56,54.88,-9.55,-39.3,0.0,4.09,0.25
B:SPY+QQQ+NVDA (1999+),4.5,27.0,3.7,0.0,-10.0,0.32,16.4,16.11,26.56,60.62,-9.82,-39.3,1.62,4.31,0.26
B:SPY+QQQ+NVDA (1999+),5.0,27.0,0.0,0.0,-9.98,-0.91,17.41,16.11,26.56,64.21,-9.8,-39.3,0.0,4.64,0.28
B:SPY+QQQ+NVDA (1999+),5.5,27.0,3.7,0.0,-10.01,-0.86,17.83,16.11,26.56,65.87,-9.88,-39.3,2.28,5.01,0.3
B:SPY+QQQ+NVDA (1999+),6.0,27.0,3.7,0.0,-10.0,1.22,18.4,16.11,26.56,67.87,-9.93,-39.3,2.28,5.22,0.31
B:SPY+QQQ+NVDA (1999+),6.5,27.0,3.7,0.0,-10.01,0.36,18.78,16.11,26.56,69.3,-9.99,-39.3,2.4,5.3,0.32
B:SPY+QQQ+NVDA (1999+),7.0,27.0,11.11,0.0,-10.01,-0.3,18.91,16.11,26.56,69.98,-10.01,-39.3,4.25,5.33,0.32
B:SPY+QQQ+NVDA (1999+),7.5,27.0,14.81,0.0,-10.15,-0.86,19.03,16.11,26.56,70.47,-10.01,-39.3,5.25,5.28,0.32
B:SPY+QQQ+NVDA (1999+),8.0,27.0,22.22,0.0,-10.3,-1.52,19.1,16.11,26.56,70.78,-10.0,-39.3,9.27,5.3,0.32
