n,breach_any,breach_material,worst_ret,median_ret,mean_ret,median_hold,mean_hold,capture_up,bad_yr_ret,bad_yr_hold,locked_pct,turnover,cost_drag_pct,mode,floor,cost_bps,m
1581.0,0.25,0.0,-20.72,4.11,8.99,13.7,20.32,43.54,-10.31,-24.03,0.03,1.73,0.03,close,0.8,2,2
1581.0,1.01,0.13,-25.66,4.73,12.89,13.7,20.32,62.49,-15.01,-24.03,0.42,3.84,0.08,close,0.8,2,3
1581.0,2.02,0.51,-36.26,6.36,14.84,13.7,20.32,72.76,-17.65,-24.03,0.93,4.66,0.09,close,0.8,2,4
1581.0,4.55,1.08,-46.57,7.81,15.45,13.7,20.32,76.72,-19.02,-24.03,2.0,4.47,0.09,close,0.8,2,5
1581.0,6.7,1.27,-43.94,8.76,15.53,13.7,20.32,77.82,-19.57,-24.03,3.19,4.0,0.08,close,0.8,2,6
1581.0,0.25,0.0,-20.72,4.04,8.9,13.7,20.32,43.23,-10.34,-24.03,0.03,1.73,0.1,close,0.8,6,2
1581.0,1.01,0.13,-25.55,4.61,12.69,13.7,20.32,61.78,-15.07,-24.03,0.41,3.83,0.23,close,0.8,6,3
1581.0,2.09,0.51,-35.57,6.08,14.58,13.7,20.32,71.84,-17.7,-24.03,0.95,4.65,0.28,close,0.8,6,4
1581.0,4.62,1.08,-46.72,7.64,15.2,13.7,20.32,75.87,-19.01,-24.03,2.02,4.47,0.27,close,0.8,6,5
1581.0,6.96,1.27,-44.02,8.61,15.31,13.7,20.32,77.06,-19.59,-24.03,3.34,4.0,0.24,close,0.8,6,6
1581.0,0.25,0.0,-20.74,3.79,8.49,13.7,20.32,41.84,-10.52,-24.03,0.03,1.72,0.43,close,0.8,25,2
1581.0,1.01,0.13,-25.11,3.82,11.74,13.7,20.32,58.5,-15.26,-24.03,0.41,3.8,0.95,close,0.8,25,3
1581.0,2.4,0.51,-32.94,4.6,13.42,13.7,20.32,67.85,-17.9,-24.03,1.1,4.64,1.16,close,0.8,25,4
1581.0,4.81,1.27,-47.49,5.84,13.98,13.7,20.32,71.72,-19.15,-24.03,2.09,4.5,1.12,close,0.8,25,5
1581.0,7.46,1.39,-44.37,7.08,14.23,13.7,20.32,73.41,-19.64,-24.03,3.67,3.99,1.0,close,0.8,25,6
1581.0,0.25,0.0,-20.77,3.49,7.97,13.7,20.32,40.1,-10.75,-24.03,0.06,1.7,0.85,close,0.8,50,2
1581.0,1.01,0.13,-24.6,2.83,10.51,13.7,20.32,54.19,-15.55,-24.03,0.42,3.76,1.88,close,0.8,50,3
1581.0,2.66,0.51,-30.61,2.65,11.87,13.7,20.32,62.45,-18.11,-24.03,1.2,4.62,2.31,close,0.8,50,4
1581.0,5.19,1.27,-49.95,3.39,12.35,13.7,20.32,66.04,-19.29,-24.03,2.33,4.53,2.26,close,0.8,50,5
1581.0,8.35,1.45,-44.78,5.25,12.86,13.7,20.32,68.74,-19.68,-24.03,4.15,3.98,1.99,close,0.8,50,6
1581.0,0.32,0.0,-15.56,3.14,6.84,13.7,20.32,32.99,-7.78,-24.03,0.04,1.25,0.03,close,0.85,2,2
1581.0,1.27,0.06,-19.1,3.45,10.24,13.7,20.32,49.04,-11.16,-24.03,0.5,3.14,0.06,close,0.85,2,3
1581.0,2.47,0.51,-19.25,3.04,12.38,13.7,20.32,59.45,-13.24,-24.03,1.12,4.58,0.09,close,0.85,2,4
1581.0,5.19,1.33,-25.7,3.48,13.37,13.7,20.32,64.79,-14.31,-24.03,2.36,5.09,0.1,close,0.85,2,5
1581.0,8.22,1.83,-39.09,4.18,13.73,13.7,20.32,67.19,-14.71,-24.03,3.99,5.06,0.1,close,0.85,2,6
1581.0,0.25,0.0,-15.56,3.12,6.78,13.7,20.32,32.79,-7.81,-24.03,0.03,1.25,0.07,close,0.85,6,2
1581.0,1.27,0.06,-19.02,3.34,10.08,13.7,20.32,48.47,-11.19,-24.03,0.5,3.13,0.19,close,0.85,6,3
1581.0,2.47,0.51,-19.26,2.79,12.11,13.7,20.32,58.5,-13.29,-24.03,1.13,4.58,0.27,close,0.85,6,4
1581.0,5.25,1.39,-25.69,3.03,13.08,13.7,20.32,63.76,-14.33,-24.03,2.37,5.08,0.3,close,0.85,6,5
1581.0,8.22,1.83,-38.1,3.57,13.44,13.7,20.32,66.15,-14.72,-24.03,4.05,5.06,0.3,close,0.85,6,6
1581.0,0.25,0.0,-15.56,2.94,6.48,13.7,20.32,31.78,-7.9,-24.03,0.03,1.24,0.31,close,0.85,25,2
1581.0,1.27,0.06,-18.73,2.83,9.29,13.7,20.32,45.69,-11.31,-24.03,0.49,3.09,0.77,close,0.85,25,3
1581.0,2.47,0.51,-19.29,1.52,10.91,13.7,20.32,54.18,-13.41,-24.03,1.12,4.53,1.13,close,0.85,25,4
1581.0,5.5,1.33,-25.68,1.16,11.73,13.7,20.32,58.93,-14.44,-24.03,2.38,5.05,1.26,close,0.85,25,5
1581.0,8.79,1.83,-27.25,1.32,12.08,13.7,20.32,61.27,-14.79,-24.03,4.3,5.05,1.26,close,0.85,25,6
1581.0,0.25,0.0,-15.57,2.68,6.1,13.7,20.32,30.47,-8.02,-24.03,0.03,1.23,0.61,close,0.85,50,2
1581.0,1.27,0.06,-18.47,2.12,8.25,13.7,20.32,41.97,-11.56,-24.03,0.49,3.04,1.52,close,0.85,50,3
1581.0,2.85,0.51,-20.35,0.58,9.32,13.7,20.32,48.48,-13.54,-24.03,1.23,4.48,2.24,close,0.85,50,4
1581.0,5.82,1.33,-25.54,-0.92,9.96,13.7,20.32,52.57,-14.44,-24.03,2.56,5.0,2.5,close,0.85,50,5
1581.0,9.42,1.96,-27.46,-1.87,10.32,13.7,20.32,54.91,-14.79,-24.03,4.55,5.02,2.51,close,0.85,50,6
1581.0,0.32,0.0,-10.48,2.12,4.59,13.7,20.32,22.1,-5.14,-24.03,0.08,0.78,0.02,close,0.9,2,2
1581.0,1.45,0.06,-12.9,2.19,7.17,13.7,20.32,33.97,-7.37,-24.03,0.65,2.15,0.04,close,0.9,2,3
1581.0,2.91,0.51,-18.25,1.75,8.97,13.7,20.32,42.43,-8.79,-24.03,1.22,3.7,0.07,close,0.9,2,4
1581.0,6.33,1.08,-19.44,0.81,10.19,13.7,20.32,48.19,-9.49,-24.03,2.67,4.79,0.1,close,0.9,2,5
1581.0,9.61,1.52,-20.9,0.12,11.04,13.7,20.32,52.21,-9.8,-24.03,4.66,5.29,0.11,close,0.9,2,6
1581.0,0.32,0.0,-10.47,2.1,4.56,13.7,20.32,21.97,-5.15,-24.03,0.08,0.77,0.05,close,0.9,6,2
1581.0,1.45,0.06,-12.86,2.12,7.05,13.7,20.32,33.54,-7.39,-24.03,0.66,2.14,0.13,close,0.9,6,3
1581.0,2.85,0.44,-18.21,1.56,8.75,13.7,20.32,41.62,-8.81,-24.03,1.21,3.68,0.22,close,0.9,6,4
1581.0,6.33,1.14,-20.17,0.56,9.9,13.7,20.32,47.11,-9.48,-24.03,2.7,4.77,0.29,close,0.9,6,5
1581.0,9.55,1.52,-20.91,-0.3,10.74,13.7,20.32,51.12,-9.81,-24.03,4.71,5.27,0.32,close,0.9,6,6
1581.0,0.32,0.0,-10.47,1.96,4.37,13.7,20.32,21.34,-5.21,-24.03,0.08,0.77,0.19,close,0.9,25,2
1581.0,1.45,0.06,-12.68,1.83,6.49,13.7,20.32,31.54,-7.44,-24.03,0.65,2.11,0.53,close,0.9,25,3
1581.0,3.1,0.44,-17.98,0.88,7.79,13.7,20.32,38.11,-8.91,-24.03,1.28,3.6,0.9,close,0.9,25,4
1581.0,6.26,1.08,-21.2,-0.46,8.58,13.7,20.32,42.28,-9.56,-24.03,2.78,4.68,1.17,close,0.9,25,5
1581.0,10.18,1.27,-21.77,-1.69,9.23,13.7,20.32,45.53,-9.86,-24.03,4.97,5.19,1.3,close,0.9,25,6
1581.0,0.32,0.0,-10.47,1.83,4.14,13.7,20.32,20.53,-5.24,-24.03,0.08,0.76,0.38,close,0.9,50,2
1581.0,1.45,0.06,-12.48,1.36,5.8,13.7,20.32,29.04,-7.63,-24.03,0.66,2.06,1.03,close,0.9,50,3
1581.0,3.42,0.32,-17.7,0.03,6.56,13.7,20.32,33.62,-8.96,-24.03,1.42,3.5,1.75,close,0.9,50,4
1581.0,7.27,0.95,-22.67,-1.77,6.91,13.7,20.32,36.09,-9.61,-24.03,3.2,4.56,2.28,close,0.9,50,5
1581.0,10.88,1.27,-23.24,-3.42,7.25,13.7,20.32,38.14,-9.87,-24.03,5.26,5.08,2.54,close,0.9,50,6
1581.0,0.57,0.0,-5.19,1.05,2.33,13.7,20.32,11.14,-2.46,-24.03,0.18,0.33,0.01,close,0.95,2,2
1581.0,1.58,0.06,-6.34,1.11,3.83,13.7,20.32,17.87,-3.55,-24.03,0.68,0.99,0.02,close,0.95,2,3
1581.0,4.17,0.25,-8.59,0.73,4.99,13.7,20.32,23.09,-4.32,-24.03,1.75,1.98,0.04,close,0.95,2,4
1581.0,7.65,0.57,-12.95,0.11,5.91,13.7,20.32,27.19,-4.66,-24.03,3.41,3.01,0.06,close,0.95,2,5
1581.0,10.69,0.82,-22.49,-0.65,6.51,13.7,20.32,29.94,-4.89,-24.03,5.16,3.92,0.08,close,0.95,2,6
1581.0,0.57,0.0,-5.19,1.04,2.32,13.7,20.32,11.09,-2.46,-24.03,0.18,0.33,0.02,close,0.95,6,2
1581.0,1.52,0.06,-6.33,1.09,3.77,13.7,20.32,17.67,-3.56,-24.03,0.65,0.99,0.06,close,0.95,6,3
1581.0,4.36,0.25,-8.59,0.67,4.87,13.7,20.32,22.67,-4.33,-24.03,1.81,1.96,0.12,close,0.95,6,4
1581.0,7.65,0.57,-12.99,0.0,5.72,13.7,20.32,26.49,-4.68,-24.03,3.38,2.99,0.18,close,0.95,6,5
1581.0,10.82,0.82,-22.17,-0.74,6.26,13.7,20.32,28.98,-4.9,-24.03,5.21,3.89,0.23,close,0.95,6,6
1581.0,0.57,0.0,-5.3,1.0,2.24,13.7,20.32,10.81,-2.5,-24.03,0.18,0.33,0.08,close,0.95,25,2
1581.0,1.58,0.06,-6.35,0.93,3.52,13.7,20.32,16.73,-3.59,-24.03,0.68,0.97,0.24,close,0.95,25,3
1581.0,4.43,0.19,-8.53,0.4,4.35,13.7,20.32,20.72,-4.35,-24.03,1.84,1.9,0.48,close,0.95,25,4
1581.0,7.72,0.51,-12.48,-0.45,4.84,13.7,20.32,23.18,-4.7,-24.03,3.47,2.88,0.72,close,0.95,25,5
1581.0,11.32,0.89,-20.42,-1.29,5.03,13.7,20.32,24.37,-4.93,-24.03,5.51,3.73,0.93,close,0.95,25,6
1581.0,0.57,0.0,-5.29,0.94,2.14,13.7,20.32,10.47,-2.53,-24.03,0.18,0.33,0.16,close,0.95,50,2
1581.0,1.71,0.06,-6.06,0.74,3.18,13.7,20.32,15.49,-3.64,-24.03,0.78,0.94,0.47,close,0.95,50,3
1581.0,5.12,0.19,-8.49,0.09,3.7,13.7,20.32,18.34,-4.39,-24.03,2.12,1.82,0.91,close,0.95,50,4
1581.0,8.22,0.51,-11.87,-0.87,3.8,13.7,20.32,19.3,-4.74,-24.03,3.66,2.74,1.37,close,0.95,50,5
1581.0,12.59,0.76,-18.12,-1.95,3.6,13.7,20.32,18.95,-4.95,-24.03,6.02,3.51,1.76,close,0.95,50,6
1581.0,0.13,0.06,-23.33,4.29,9.1,13.7,20.32,43.99,-10.34,-24.03,0.03,1.46,0.03,weekly,0.8,2,2
1581.0,1.64,0.51,-26.99,4.96,13.07,13.7,20.32,63.23,-14.86,-24.03,0.86,2.75,0.05,weekly,0.8,2,3
1581.0,3.73,1.64,-36.53,6.36,14.97,13.7,20.32,73.45,-17.65,-24.03,1.96,3.21,0.06,weekly,0.8,2,4
1581.0,7.46,2.53,-53.86,7.84,15.64,13.7,20.32,77.71,-19.02,-24.03,3.82,3.16,0.06,weekly,0.8,2,5
1581.0,10.06,3.73,-51.33,8.85,15.92,13.7,20.32,79.64,-19.71,-24.03,5.4,2.92,0.06,weekly,0.8,2,6
1581.0,0.13,0.06,-23.33,4.24,9.04,13.7,20.32,43.79,-10.37,-24.03,0.03,1.46,0.09,weekly,0.8,6,2
1581.0,1.64,0.51,-26.93,4.86,12.93,13.7,20.32,62.74,-14.89,-24.03,0.86,2.74,0.16,weekly,0.8,6,3
1581.0,3.8,1.64,-36.25,6.12,14.81,13.7,20.32,72.9,-17.68,-24.03,1.98,3.2,0.19,weekly,0.8,6,4
1581.0,7.53,2.53,-53.98,7.61,15.48,13.7,20.32,77.17,-19.05,-24.03,3.85,3.16,0.19,weekly,0.8,6,5
1581.0,10.25,3.8,-51.37,8.66,15.77,13.7,20.32,79.12,-19.69,-24.03,5.51,2.92,0.18,weekly,0.8,6,6
1581.0,0.13,0.06,-23.31,3.96,8.7,13.7,20.32,42.66,-10.48,-24.03,0.03,1.45,0.36,weekly,0.8,25,2
1581.0,1.64,0.51,-26.66,4.27,12.26,13.7,20.32,60.44,-15.05,-24.03,0.86,2.73,0.68,weekly,0.8,25,3
1581.0,3.98,1.64,-34.92,5.18,14.03,13.7,20.32,70.22,-17.84,-24.03,2.03,3.2,0.8,weekly,0.8,25,4
1581.0,7.59,2.66,-54.49,6.78,14.7,13.7,20.32,74.51,-19.16,-24.03,3.9,3.16,0.79,weekly,0.8,25,5
1581.0,10.63,3.86,-51.55,8.05,15.07,13.7,20.32,76.77,-19.73,-24.03,5.82,2.91,0.73,weekly,0.8,25,6
1581.0,0.13,0.06,-23.3,3.63,8.26,13.7,20.32,41.19,-10.64,-24.03,0.03,1.44,0.72,weekly,0.8,50,2
1581.0,1.71,0.51,-26.32,3.47,11.39,13.7,20.32,57.45,-15.28,-24.03,0.91,2.7,1.35,weekly,0.8,50,3
1581.0,4.24,1.71,-33.1,3.88,12.98,13.7,20.32,66.6,-18.08,-24.03,2.18,3.18,1.59,weekly,0.8,50,4
1581.0,8.16,2.72,-55.38,5.33,13.66,13.7,20.32,70.95,-19.25,-24.03,4.19,3.17,1.58,weekly,0.8,50,5
1581.0,11.13,3.92,-51.12,6.94,14.13,13.7,20.32,73.57,-19.77,-24.03,6.15,2.91,1.45,weekly,0.8,50,6
1581.0,0.25,0.06,-17.49,3.2,6.87,13.7,20.32,33.13,-7.78,-24.03,0.05,1.08,0.02,weekly,0.85,2,2
1581.0,1.71,0.57,-20.22,3.5,10.41,13.7,20.32,49.79,-11.17,-24.03,0.87,2.26,0.05,weekly,0.85,2,3
1581.0,4.17,1.64,-24.91,3.14,12.49,13.7,20.32,60.06,-13.4,-24.03,2.19,3.05,0.06,weekly,0.85,2,4
1581.0,8.29,2.72,-28.03,3.71,13.69,13.7,20.32,66.29,-14.4,-24.03,4.2,3.33,0.07,weekly,0.85,2,5
1581.0,10.82,4.05,-30.8,4.14,14.11,13.7,20.32,68.99,-14.85,-24.03,5.79,3.34,0.07,weekly,0.85,2,6
1581.0,0.25,0.06,-17.49,3.16,6.81,13.7,20.32,32.96,-7.8,-24.03,0.05,1.08,0.06,weekly,0.85,6,2
1581.0,1.71,0.57,-20.18,3.4,10.29,13.7,20.32,49.39,-11.19,-24.03,0.87,2.25,0.14,weekly,0.85,6,3
1581.0,4.17,1.64,-24.88,2.95,12.32,13.7,20.32,59.46,-13.42,-24.03,2.22,3.04,0.18,weekly,0.85,6,4
1581.0,8.35,2.72,-28.09,3.45,13.51,13.7,20.32,65.65,-14.42,-24.03,4.22,3.33,0.2,weekly,0.85,6,5
1581.0,11.26,4.11,-30.9,3.97,13.92,13.7,20.32,68.34,-14.82,-24.03,6.04,3.34,0.2,weekly,0.85,6,6
1581.0,0.25,0.06,-17.48,2.98,6.56,13.7,20.32,32.11,-7.9,-24.03,0.05,1.07,0.27,weekly,0.85,25,2
1581.0,1.71,0.57,-19.98,2.99,9.75,13.7,20.32,47.5,-11.3,-24.03,0.87,2.23,0.56,weekly,0.85,25,3
1581.0,4.36,1.71,-24.78,2.24,11.52,13.7,20.32,56.64,-13.5,-24.03,2.3,3.02,0.76,weekly,0.85,25,4
1581.0,8.41,2.66,-28.37,2.12,12.66,13.7,20.32,62.62,-14.47,-24.03,4.32,3.31,0.83,weekly,0.85,25,5
1581.0,12.08,4.05,-30.77,2.11,13.06,13.7,20.32,65.28,-14.89,-24.03,6.53,3.33,0.83,weekly,0.85,25,6
1581.0,0.19,0.06,-17.47,2.77,6.23,13.7,20.32,31.0,-7.9,-24.03,0.05,1.06,0.53,weekly,0.85,50,2
1581.0,1.83,0.57,-20.2,2.44,9.04,13.7,20.32,45.01,-11.46,-24.03,0.94,2.2,1.1,weekly,0.85,50,3
1581.0,4.74,1.64,-24.62,1.38,10.5,13.7,20.32,52.98,-13.6,-24.03,2.44,2.99,1.5,weekly,0.85,50,4
1581.0,8.79,2.72,-28.75,0.91,11.55,13.7,20.32,58.64,-14.55,-24.03,4.52,3.29,1.64,weekly,0.85,50,5
1581.0,12.97,4.05,-31.07,0.12,11.89,13.7,20.32,61.08,-14.9,-24.03,6.91,3.32,1.66,weekly,0.85,50,6
1581.0,0.38,0.06,-11.63,2.11,4.57,13.7,20.32,22.04,-5.09,-24.03,0.1,0.69,0.01,weekly,0.9,2,2
1581.0,1.77,0.25,-13.96,2.31,7.39,13.7,20.32,34.88,-7.49,-24.03,0.86,1.58,0.03,weekly,0.9,2,3
1581.0,4.81,1.27,-18.64,1.69,9.28,13.7,20.32,43.74,-8.84,-24.03,2.32,2.45,0.05,weekly,0.9,2,4
1581.0,8.92,2.66,-21.86,1.02,10.53,13.7,20.32,49.69,-9.6,-24.03,4.58,3.02,0.06,weekly,0.9,2,5
1581.0,12.78,3.67,-27.52,0.3,11.39,13.7,20.32,53.87,-9.93,-24.03,6.66,3.29,0.07,weekly,0.9,2,6
1581.0,0.38,0.06,-11.63,2.09,4.54,13.7,20.32,21.92,-5.1,-24.03,0.1,0.69,0.04,weekly,0.9,6,2
1581.0,1.77,0.25,-13.97,2.25,7.3,13.7,20.32,34.57,-7.51,-24.03,0.86,1.58,0.09,weekly,0.9,6,3
1581.0,4.81,1.27,-18.79,1.56,9.14,13.7,20.32,43.24,-8.86,-24.03,2.35,2.44,0.15,weekly,0.9,6,4
1581.0,8.98,2.66,-21.78,0.93,10.35,13.7,20.32,49.04,-9.61,-24.03,4.65,3.01,0.18,weekly,0.9,6,5
1581.0,13.16,3.73,-27.59,0.06,11.2,13.7,20.32,53.16,-9.94,-24.03,6.89,3.28,0.2,weekly,0.9,6,6
1581.0,0.38,0.06,-11.62,1.96,4.38,13.7,20.32,21.37,-5.15,-24.03,0.1,0.69,0.17,weekly,0.9,25,2
1581.0,1.83,0.25,-14.03,1.97,6.89,13.7,20.32,33.11,-7.55,-24.03,0.89,1.57,0.39,weekly,0.9,25,3
1581.0,5.12,1.27,-19.47,1.19,8.5,13.7,20.32,40.94,-8.98,-24.03,2.47,2.41,0.6,weekly,0.9,25,4
1581.0,9.36,2.66,-21.41,0.15,9.53,13.7,20.32,46.05,-9.66,-24.03,4.88,2.98,0.74,weekly,0.9,25,5
1581.0,13.85,3.61,-27.92,-0.78,10.28,13.7,20.32,49.79,-9.95,-24.03,7.24,3.25,0.81,weekly,0.9,25,6
1581.0,0.38,0.06,-11.62,1.81,4.17,13.7,20.32,20.67,-5.21,-24.03,0.1,0.68,0.34,weekly,0.9,50,2
1581.0,1.96,0.25,-14.08,1.61,6.39,13.7,20.32,31.32,-7.64,-24.03,0.95,1.54,0.77,weekly,0.9,50,3
1581.0,5.31,1.2,-20.34,0.66,7.69,13.7,20.32,37.98,-9.01,-24.03,2.62,2.36,1.18,weekly,0.9,50,4
1581.0,9.68,2.78,-20.98,-0.7,8.46,13.7,20.32,42.13,-9.65,-24.03,5.06,2.93,1.46,weekly,0.9,50,5
1581.0,14.55,3.61,-28.36,-1.95,9.08,13.7,20.32,45.35,-9.97,-24.03,7.66,3.2,1.6,weekly,0.9,50,6
1581.0,0.57,0.06,-6.17,1.09,2.28,13.7,20.32,10.97,-2.5,-24.03,0.19,0.31,0.01,weekly,0.95,2,2
1581.0,2.15,0.13,-7.14,1.13,3.72,13.7,20.32,17.48,-3.69,-24.03,0.95,0.77,0.02,weekly,0.95,2,3
1581.0,5.31,0.76,-15.42,0.75,5.32,13.7,20.32,24.45,-4.39,-24.03,2.6,1.37,0.03,weekly,0.95,2,4
1581.0,10.12,1.9,-24.08,0.2,6.36,13.7,20.32,29.08,-4.77,-24.03,5.08,1.93,0.04,weekly,0.95,2,5
1581.0,14.04,3.16,-23.8,-0.66,7.08,13.7,20.32,32.31,-4.97,-24.03,7.36,2.41,0.05,weekly,0.95,2,6
1581.0,0.57,0.06,-6.17,1.08,2.27,13.7,20.32,10.92,-2.5,-24.03,0.19,0.31,0.02,weekly,0.95,6,2
1581.0,2.15,0.13,-7.15,1.1,3.66,13.7,20.32,17.27,-3.7,-24.03,1.0,0.77,0.05,weekly,0.95,6,3
1581.0,5.38,0.76,-15.39,0.71,5.24,13.7,20.32,24.16,-4.38,-24.03,2.65,1.36,0.08,weekly,0.95,6,4
1581.0,10.25,1.9,-24.25,0.17,6.25,13.7,20.32,28.66,-4.79,-24.03,5.15,1.93,0.12,weekly,0.95,6,5
1581.0,14.42,3.16,-23.39,-0.76,6.94,13.7,20.32,31.79,-4.97,-24.03,7.57,2.4,0.14,weekly,0.95,6,6
1581.0,0.57,0.0,-5.84,1.03,2.2,13.7,20.32,10.68,-2.52,-24.03,0.19,0.31,0.08,weekly,0.95,25,2
1581.0,2.21,0.19,-7.19,0.98,3.46,13.7,20.32,16.55,-3.73,-24.03,1.04,0.76,0.19,weekly,0.95,25,3
1581.0,5.88,0.82,-15.26,0.52,4.87,13.7,20.32,22.8,-4.4,-24.03,2.79,1.34,0.33,weekly,0.95,25,4
1581.0,10.37,2.02,-25.03,-0.17,5.73,13.7,20.32,26.73,-4.8,-24.03,5.32,1.88,0.47,weekly,0.95,25,5
1581.0,15.37,3.16,-21.6,-1.14,6.27,13.7,20.32,29.28,-4.98,-24.03,8.11,2.34,0.58,weekly,0.95,25,6
1581.0,0.63,0.06,-6.2,0.96,2.11,13.7,20.32,10.38,-2.56,-24.03,0.23,0.31,0.15,weekly,0.95,50,2
1581.0,2.47,0.25,-9.64,0.83,3.2,13.7,20.32,15.62,-3.76,-24.03,1.18,0.75,0.37,weekly,0.95,50,3
1581.0,6.39,0.82,-15.45,0.25,4.38,13.7,20.32,21.01,-4.44,-24.03,3.11,1.3,0.65,weekly,0.95,50,4
1581.0,11.07,2.15,-25.79,-0.57,5.06,13.7,20.32,24.27,-4.82,-24.03,5.6,1.83,0.91,weekly,0.95,50,5
1581.0,15.88,3.16,-22.4,-1.6,5.43,13.7,20.32,26.15,-5.0,-24.03,8.52,2.26,1.13,weekly,0.95,50,6
1581.0,0.06,0.0,-20.09,4.46,9.66,13.7,20.27,45.99,-9.99,-23.72,0.02,1.63,0.03,window,0.8,2,2
1581.0,0.95,0.13,-27.42,5.91,14.63,13.7,20.27,68.69,-14.2,-23.72,0.35,3.42,0.07,window,0.8,2,3
1581.0,1.83,0.38,-44.43,8.05,17.01,13.7,20.27,80.42,-16.84,-23.72,0.8,4.13,0.08,window,0.8,2,4
1581.0,3.29,0.63,-42.76,9.65,17.55,13.7,20.27,84.07,-18.39,-23.72,1.39,4.03,0.08,window,0.8,2,5
1581.0,5.57,0.82,-42.05,10.08,17.57,13.7,20.27,85.0,-19.25,-23.72,2.58,3.68,0.07,window,0.8,2,6
1581.0,0.06,0.0,-20.09,4.4,9.58,13.7,20.27,45.72,-10.03,-23.72,0.02,1.62,0.1,window,0.8,6,2
1581.0,0.95,0.13,-27.33,5.78,14.45,13.7,20.27,68.06,-14.24,-23.72,0.36,3.42,0.21,window,0.8,6,3
1581.0,1.83,0.38,-44.26,7.68,16.8,13.7,20.27,79.71,-16.88,-23.72,0.81,4.13,0.25,window,0.8,6,4
1581.0,3.16,0.7,-42.85,9.47,17.34,13.7,20.27,83.38,-18.43,-23.72,1.36,4.03,0.24,window,0.8,6,5
1581.0,5.63,0.82,-42.11,9.97,17.37,13.7,20.27,84.37,-19.28,-23.72,2.65,3.68,0.22,window,0.8,6,6
1581.0,0.13,0.0,-20.09,4.15,9.19,13.7,20.27,44.42,-10.18,-23.72,0.02,1.61,0.4,window,0.8,25,2
1581.0,0.95,0.13,-26.87,5.11,13.63,13.7,20.27,65.25,-14.47,-23.72,0.36,3.39,0.85,window,0.8,25,3
1581.0,2.02,0.32,-42.92,6.5,15.74,13.7,20.27,76.11,-17.08,-23.72,0.85,4.12,1.03,window,0.8,25,4
1581.0,3.42,0.89,-43.25,8.47,16.33,13.7,20.27,80.02,-18.59,-23.72,1.59,4.04,1.01,window,0.8,25,5
1581.0,5.82,0.89,-42.46,9.2,16.44,13.7,20.27,81.32,-19.39,-23.72,2.74,3.67,0.92,window,0.8,25,6
1581.0,0.13,0.0,-20.09,3.8,8.7,13.7,20.27,42.76,-10.36,-23.72,0.02,1.6,0.8,window,0.8,50,2
1581.0,1.01,0.13,-26.34,4.18,12.52,13.7,20.27,61.43,-14.74,-23.72,0.4,3.36,1.68,window,0.8,50,3
1581.0,2.02,0.32,-41.04,4.92,14.41,13.7,20.27,71.6,-17.37,-23.72,0.92,4.11,2.06,window,0.8,50,4
1581.0,3.8,0.76,-43.18,6.95,14.95,13.7,20.27,75.36,-18.77,-23.72,1.75,4.07,2.03,window,0.8,50,5
1581.0,6.26,0.89,-42.87,7.85,15.19,13.7,20.27,77.11,-19.46,-23.72,3.02,3.68,1.84,window,0.8,50,6
1581.0,0.19,0.0,-15.47,3.32,7.34,13.7,20.27,34.84,-7.45,-23.72,0.04,1.18,0.02,window,0.85,2,2
1581.0,1.08,0.06,-20.18,4.25,11.87,13.7,20.27,55.01,-10.64,-23.72,0.43,2.81,0.06,window,0.85,2,3
1581.0,2.02,0.25,-23.39,5.09,14.71,13.7,20.27,68.0,-12.79,-23.72,1.0,4.04,0.08,window,0.85,2,4
1581.0,4.17,1.08,-39.16,6.21,15.99,13.7,20.27,74.43,-13.9,-23.72,1.76,4.49,0.09,window,0.85,2,5
1581.0,6.7,1.14,-44.87,7.67,16.43,13.7,20.27,77.16,-14.54,-23.72,3.14,4.52,0.09,window,0.85,2,6
1581.0,0.19,0.0,-15.46,3.29,7.28,13.7,20.27,34.64,-7.47,-23.72,0.04,1.18,0.07,window,0.85,6,2
1581.0,1.08,0.06,-20.12,4.16,11.72,13.7,20.27,54.52,-10.67,-23.72,0.44,2.81,0.17,window,0.85,6,3
1581.0,2.09,0.25,-23.2,4.76,14.48,13.7,20.27,67.19,-12.82,-23.72,1.02,4.04,0.24,window,0.85,6,4
1581.0,4.24,1.08,-38.42,5.85,15.74,13.7,20.27,73.56,-13.92,-23.72,1.8,4.49,0.27,window,0.85,6,5
1581.0,6.7,1.14,-45.03,7.47,16.15,13.7,20.27,76.18,-14.55,-23.72,3.19,4.53,0.27,window,0.85,6,6
1581.0,0.25,0.0,-15.46,3.1,7.0,13.7,20.27,33.68,-7.57,-23.72,0.04,1.18,0.29,window,0.85,25,2
1581.0,1.01,0.06,-19.88,3.69,11.0,13.7,20.27,51.97,-10.86,-23.72,0.43,2.78,0.69,window,0.85,25,3
1581.0,2.34,0.25,-22.01,3.94,13.42,13.7,20.27,63.45,-12.97,-23.72,1.08,4.0,1.0,window,0.85,25,4
1581.0,4.49,1.08,-34.45,4.4,14.57,13.7,20.27,69.45,-14.06,-23.72,1.91,4.47,1.12,window,0.85,25,5
1581.0,7.15,1.2,-45.8,5.95,14.92,13.7,20.27,71.88,-14.58,-23.72,3.32,4.53,1.13,window,0.85,25,6
1581.0,0.25,0.0,-15.31,2.87,6.64,13.7,20.27,32.46,-7.72,-23.72,0.04,1.17,0.58,window,0.85,50,2
1581.0,1.08,0.06,-19.58,2.93,10.09,13.7,20.27,48.76,-11.01,-23.72,0.47,2.73,1.37,window,0.85,50,3
1581.0,2.4,0.32,-20.64,2.5,12.05,13.7,20.27,58.56,-13.12,-23.72,1.14,3.96,1.98,window,0.85,50,4
1581.0,4.62,1.01,-27.4,2.7,13.02,13.7,20.27,63.91,-14.2,-23.72,2.11,4.45,2.23,window,0.85,50,5
1581.0,7.65,1.27,-47.06,2.97,13.3,13.7,20.27,66.1,-14.65,-23.72,3.59,4.53,2.26,window,0.85,50,6
1581.0,0.32,0.0,-10.32,2.25,4.89,13.7,20.27,23.24,-5.03,-23.72,0.1,0.75,0.01,window,0.9,2,2
1581.0,1.14,0.06,-12.72,2.78,8.43,13.7,20.27,38.69,-7.07,-23.72,0.52,1.96,0.04,window,0.9,2,3
1581.0,2.4,0.32,-18.64,3.0,11.22,13.7,20.27,50.85,-8.41,-23.72,1.06,3.29,0.07,window,0.9,2,4
1581.0,5.0,0.95,-16.17,2.84,13.02,13.7,20.27,58.83,-9.26,-23.72,2.13,4.22,0.08,window,0.9,2,5
1581.0,7.65,1.58,-18.76,3.12,14.0,13.7,20.27,63.35,-9.67,-23.72,3.61,4.71,0.09,window,0.9,2,6
1581.0,0.32,0.0,-10.32,2.23,4.86,13.7,20.27,23.11,-5.04,-23.72,0.1,0.75,0.04,window,0.9,6,2
1581.0,1.14,0.06,-12.7,2.67,8.32,13.7,20.27,38.29,-7.09,-23.72,0.51,1.95,0.12,window,0.9,6,3
1581.0,2.59,0.32,-18.61,2.83,11.02,13.7,20.27,50.12,-8.44,-23.72,1.13,3.28,0.2,window,0.9,6,4
1581.0,4.87,1.01,-16.87,2.62,12.76,13.7,20.27,57.88,-9.27,-23.72,2.06,4.21,0.25,window,0.9,6,5
1581.0,7.78,1.58,-18.75,2.81,13.71,13.7,20.27,62.31,-9.7,-23.72,3.67,4.7,0.28,window,0.9,6,6
1581.0,0.32,0.0,-10.31,2.08,4.68,13.7,20.27,22.49,-5.1,-23.72,0.1,0.74,0.19,window,0.9,25,2
1581.0,1.2,0.06,-12.61,2.32,7.81,13.7,20.27,36.46,-7.16,-23.72,0.51,1.93,0.48,window,0.9,25,3
1581.0,2.78,0.32,-18.39,2.19,10.14,13.7,20.27,46.93,-8.57,-23.72,1.18,3.22,0.81,window,0.9,25,4
1581.0,5.25,1.01,-17.94,1.61,11.56,13.7,20.27,53.5,-9.4,-23.72,2.28,4.16,1.04,window,0.9,25,5
1581.0,8.41,1.52,-18.57,1.25,12.38,13.7,20.27,57.42,-9.76,-23.72,4.02,4.63,1.16,window,0.9,25,6
1581.0,0.32,0.0,-10.09,1.94,4.45,13.7,20.27,21.71,-5.2,-23.72,0.1,0.74,0.37,window,0.9,50,2
1581.0,1.2,0.06,-12.37,1.97,7.14,13.7,20.27,34.06,-7.26,-23.72,0.55,1.89,0.95,window,0.9,50,3
1581.0,2.97,0.32,-18.14,1.39,8.99,13.7,20.27,42.75,-8.71,-23.72,1.26,3.15,1.58,window,0.9,50,4
1581.0,6.2,0.95,-19.46,0.37,10.03,13.7,20.27,47.87,-9.45,-23.72,2.63,4.08,2.04,window,0.9,50,5
1581.0,9.23,1.52,-18.39,-0.49,10.68,13.7,20.27,51.19,-9.83,-23.72,4.38,4.54,2.27,window,0.9,50,6
1581.0,0.51,0.0,-5.08,1.11,2.45,13.7,20.27,11.62,-2.45,-23.72,0.16,0.33,0.01,window,0.95,2,2
1581.0,1.45,0.06,-6.47,1.28,4.44,13.7,20.27,20.19,-3.5,-23.72,0.65,0.93,0.02,window,0.95,2,3
1581.0,3.48,0.19,-8.96,1.35,6.42,13.7,20.27,28.55,-4.23,-23.72,1.39,1.83,0.04,window,0.95,2,4
1581.0,6.26,0.51,-14.61,1.07,8.09,13.7,20.27,35.53,-4.65,-23.72,2.68,2.75,0.06,window,0.95,2,5
1581.0,9.23,1.14,-21.92,0.73,9.27,13.7,20.27,40.48,-4.86,-23.72,4.34,3.58,0.07,window,0.95,2,6
1581.0,0.51,0.0,-5.08,1.1,2.43,13.7,20.27,11.56,-2.46,-23.72,0.16,0.33,0.02,window,0.95,6,2
1581.0,1.45,0.06,-6.46,1.25,4.38,13.7,20.27,19.98,-3.5,-23.72,0.65,0.93,0.06,window,0.95,6,3
1581.0,3.54,0.19,-8.95,1.28,6.3,13.7,20.27,28.13,-4.23,-23.72,1.41,1.82,0.11,window,0.95,6,4
1581.0,6.33,0.51,-14.65,0.95,7.91,13.7,20.27,34.87,-4.64,-23.72,2.71,2.74,0.16,window,0.95,6,5
1581.0,9.3,1.14,-22.2,0.54,9.02,13.7,20.27,39.56,-4.87,-23.72,4.5,3.56,0.21,window,0.95,6,6
1581.0,0.57,0.0,-5.08,1.05,2.36,13.7,20.27,11.31,-2.48,-23.72,0.19,0.33,0.08,window,0.95,25,2
1581.0,1.45,0.06,-6.48,1.13,4.12,13.7,20.27,19.04,-3.51,-23.72,0.65,0.92,0.23,window,0.95,25,3
1581.0,3.73,0.19,-8.87,0.97,5.78,13.7,20.27,26.18,-4.26,-23.72,1.51,1.78,0.44,window,0.95,25,4
1581.0,6.89,0.44,-14.12,0.53,7.09,13.7,20.27,31.81,-4.67,-23.72,2.92,2.65,0.66,window,0.95,25,5
1581.0,10.31,1.01,-23.01,-0.01,7.95,13.7,20.27,35.52,-4.83,-23.72,4.87,3.44,0.86,window,0.95,25,6
1581.0,0.57,0.0,-5.08,0.98,2.26,13.7,20.27,10.96,-2.52,-23.72,0.19,0.32,0.16,window,0.95,50,2
1581.0,1.58,0.06,-6.41,1.0,3.8,13.7,20.27,17.89,-3.54,-23.72,0.71,0.9,0.45,window,0.95,50,3
1581.0,3.92,0.19,-8.82,0.59,5.11,13.7,20.27,23.71,-4.29,-23.72,1.64,1.72,0.86,window,0.95,50,4
1581.0,7.21,0.38,-13.45,0.09,6.05,13.7,20.27,27.91,-4.68,-23.72,3.08,2.55,1.28,window,0.95,50,5
1581.0,11.01,0.89,-20.75,-0.73,6.57,13.7,20.27,30.35,-4.88,-23.72,5.38,3.29,1.64,window,0.95,50,6
