series,group,n,breach_any,breach_material,worst_ret,median_ret,mean_ret,median_hold,mean_hold,capture_up,bad_yr_ret,bad_yr_hold,locked_pct,turnover,cost_drag_pct
AAPL,Single stock,45.0,4.44,2.22,-11.18,-0.58,13.73,26.89,30.52,42.15,-9.67,-31.32,0.8,4.79,0.29
AIG,Single stock,53.0,5.66,0.0,-10.14,1.1,3.41,13.22,11.66,30.5,-8.94,-22.56,3.77,3.82,0.23
AMD,Single stock,46.0,19.57,2.17,-11.46,-8.73,17.24,8.01,34.21,43.54,-9.88,-36.54,6.78,4.66,0.28
AMZN,Single stock,29.0,6.9,0.0,-10.02,2.86,29.52,29.07,60.66,47.71,-9.47,-24.88,4.53,5.04,0.3
ARKK,US index/ETF,11.0,9.09,0.0,-10.01,3.55,8.56,29.57,25.67,30.39,-10.01,-70.72,4.44,5.05,0.3
BA,Single stock,64.0,1.56,0.0,-10.07,0.02,9.29,14.61,18.56,45.91,-8.73,-26.02,1.35,3.96,0.24
BAC,Single stock,53.0,3.77,0.0,-10.02,-0.71,4.31,13.17,13.86,31.94,-8.02,-19.84,1.25,3.83,0.23
C,Single stock,49.0,4.08,0.0,-10.04,-1.33,6.13,8.57,13.01,41.44,-9.1,-21.85,1.88,4.11,0.25
CSCO,Single stock,36.0,2.78,0.0,-10.05,2.85,16.61,21.3,34.65,46.03,-8.92,-24.67,1.06,4.24,0.25
DIS,Single stock,64.0,3.12,1.56,-12.4,1.19,5.78,15.88,16.51,36.65,-8.49,-19.48,0.58,4.07,0.24
DJI,US index/ETF,34.0,0.0,0.0,-8.81,3.5,3.35,11.3,9.35,37.48,-7.85,-25.26,0.0,2.25,0.13
F,Single stock,54.0,1.85,0.0,-10.1,-3.06,6.97,4.05,14.96,43.12,-8.53,-29.27,1.12,3.8,0.23
FTSE,Intl index,42.0,0.0,0.0,-9.25,1.63,2.09,7.96,6.59,34.61,-7.33,-21.28,0.0,2.36,0.14
GDAXI,Intl index,38.0,0.0,0.0,-9.47,5.28,4.25,16.74,11.13,37.38,-8.06,-24.43,0.0,3.03,0.18
GE,Single stock,64.0,0.0,0.0,-9.99,2.04,5.88,10.69,14.01,40.43,-8.64,-24.25,0.0,3.52,0.21
GOOGL,Single stock,22.0,0.0,0.0,-8.65,6.09,13.59,29.11,29.46,48.07,-7.55,-17.9,0.0,4.46,0.27
GSPC,US index/ETF,98.0,0.0,0.0,-9.59,2.08,3.48,8.88,8.21,41.27,-7.29,-18.79,0.0,2.44,0.15
HSI,Intl index,38.0,2.63,2.63,-18.21,0.8,3.49,8.8,8.92,43.98,-8.19,-24.05,0.56,3.12,0.19
INTC,Single stock,46.0,4.35,0.0,-10.24,-2.9,6.75,17.03,20.15,33.15,-9.2,-28.66,1.65,4.04,0.24
IXIC,US index/ETF,55.0,0.0,0.0,-9.67,4.89,6.26,14.88,13.04,45.6,-7.63,-24.15,0.0,2.85,0.17
JPM,Single stock,46.0,4.35,0.0,-10.34,0.7,6.14,14.83,18.27,36.55,-9.6,-26.43,1.45,4.07,0.24
KS11,Intl index,29.0,0.0,0.0,-9.72,1.37,5.8,8.06,12.88,40.67,-8.57,-27.53,0.0,3.17,0.19
META,Single stock,14.0,7.14,0.0,-10.38,5.02,11.94,30.66,29.75,39.69,-9.95,-39.44,2.18,4.51,0.27
MSFT,Single stock,40.0,2.5,2.5,-15.33,2.51,15.16,21.05,31.87,46.65,-8.85,-25.44,0.99,4.66,0.28
N225,Intl index,60.0,0.0,0.0,-9.71,1.39,4.42,9.81,9.33,44.35,-6.92,-17.36,0.0,2.66,0.16
NDX,US index/ETF,40.0,2.5,0.0,-10.02,4.52,8.71,19.73,18.53,43.68,-8.11,-21.03,1.14,3.62,0.22
NFLX,Single stock,24.0,16.67,0.0,-10.83,-3.18,22.78,46.27,53.78,39.27,-10.0,-54.8,9.16,4.47,0.27
NVDA,Single stock,27.0,11.11,0.0,-10.47,5.87,27.11,54.39,64.3,39.45,-9.49,-37.75,6.17,5.51,0.33
ORCL,Single stock,40.0,5.0,5.0,-12.84,-0.43,5.41,14.64,32.2,19.99,-9.81,-34.34,2.9,4.45,0.27
QCOM,Single stock,34.0,0.0,0.0,-9.92,-2.69,34.37,12.03,56.81,59.34,-9.35,-29.48,0.0,4.48,0.27
QQQ,US index/ETF,27.0,0.0,0.0,-9.96,1.28,9.22,10.4,15.24,52.73,-9.19,-29.04,0.0,3.24,0.19
RUT,US index/ETF,39.0,0.0,0.0,-9.13,2.03,2.71,10.67,8.8,36.29,-6.75,-16.29,0.0,2.81,0.17
SMH,US index/ETF,26.0,3.85,0.0,-10.03,3.01,8.42,16.98,17.06,46.65,-9.21,-29.66,0.69,3.92,0.24
SPY,US index/ETF,33.0,0.0,0.0,-9.43,5.97,4.78,15.52,12.11,39.33,-7.64,-23.33,0.0,2.59,0.16
TSLA,Single stock,16.0,0.0,0.0,-9.63,-7.63,31.55,18.16,67.83,46.84,-9.44,-25.51,0.0,4.98,0.3
WMT,Single stock,54.0,0.0,0.0,-9.83,1.4,9.66,15.99,22.7,43.29,-8.99,-21.27,0.0,3.9,0.23
XLF,US index/ETF,27.0,3.7,0.0,-10.0,2.15,2.67,11.85,8.66,34.63,-7.03,-15.77,0.44,2.78,0.17
XOM,Single stock,64.0,0.0,0.0,-9.83,3.23,5.14,15.34,14.08,39.0,-6.33,-15.81,0.0,3.54,0.21
