universe,split,rule,chosen_m,cal_n,cal_breach_any,cal_breach_mat,test_n,test_breach_any,test_breach_mat,test_worst,test_mean_ret,test_mean_hold,test_capture_up
US index/ETF,"calibrate <=2014, test 2015+",naive0,3.0,272,0.0,0.0,108,0.0,0.0,-9.91,5.93,18.58,32.39
US index/ETF,"calibrate <=2014, test 2015+",mat1,8.0,272,9.56,0.37,108,5.56,0.0,-10.08,10.58,18.58,60.09
US index/ETF,"calibrate <=2014, test 2015+",best,8.0,272,9.56,0.37,108,5.56,0.0,-10.08,10.58,18.58,60.09
US index/ETF,"calibrate <=2019, test 2020+",naive0,3.0,322,0.0,0.0,58,0.0,0.0,-9.91,6.7,20.15,32.73
US index/ETF,"calibrate <=2019, test 2020+",mat1,8.0,322,8.07,0.31,58,8.62,0.0,-10.05,12.69,20.15,62.09
US index/ETF,"calibrate <=2019, test 2020+",best,8.0,322,8.07,0.31,58,8.62,0.0,-10.05,12.69,20.15,62.09
US index/ETF,"calibrate 2018+ (team sample), test <2018",naive0,3.0,78,0.0,0.0,302,0.0,0.0,-9.94,3.19,9.87,31.1
US index/ETF,"calibrate 2018+ (team sample), test <2018",mat1,8.0,78,7.69,0.0,302,8.61,0.33,-14.52,7.12,9.87,65.48
US index/ETF,"calibrate 2018+ (team sample), test <2018",best,8.0,78,7.69,0.0,302,8.61,0.33,-14.52,7.12,9.87,65.48
Single stock,"calibrate <=2014, test 2015+",naive0,1.0,712,0.0,0.0,249,0.0,0.0,-6.05,2.65,26.67,9.96
Single stock,"calibrate <=2014, test 2015+",mat1,4.0,712,4.92,0.84,249,2.01,0.0,-10.38,11.18,26.67,41.99
Single stock,"calibrate <=2014, test 2015+",best,4.0,712,4.92,0.84,249,2.01,0.0,-10.38,11.18,26.67,41.99
Single stock,"calibrate <=2019, test 2020+",naive0,1.0,827,0.0,0.0,134,0.0,0.0,-6.05,2.51,25.28,9.96
Single stock,"calibrate <=2019, test 2020+",mat1,4.0,827,4.23,0.73,134,2.99,0.0,-10.38,8.97,25.28,36.06
Single stock,"calibrate <=2019, test 2020+",best,4.0,827,4.23,0.73,134,2.99,0.0,-10.38,8.97,25.28,36.06
Single stock,"calibrate 2018+ (team sample), test <2018",naive0,2.5,180,0.0,0.0,781,1.54,0.13,-12.19,8.07,26.08,29.64
Single stock,"calibrate 2018+ (team sample), test <2018",mat1,4.5,180,3.33,0.56,781,7.3,1.28,-17.41,12.08,26.08,44.34
Single stock,"calibrate 2018+ (team sample), test <2018",best,4.5,180,3.33,0.56,781,7.3,1.28,-17.41,12.08,26.08,44.34
ALL equity,"calibrate <=2014, test 2015+",naive0,1.0,1134,0.0,0.0,409,0.0,0.0,-7.08,2.22,22.33,9.96
ALL equity,"calibrate <=2014, test 2015+",mat1,4.5,1134,5.47,0.97,409,1.96,0.24,-11.12,9.99,22.33,45.34
ALL equity,"calibrate <=2014, test 2015+",best,4.5,1134,5.47,0.97,409,1.96,0.24,-11.12,9.99,22.33,45.34
ALL equity,"calibrate <=2019, test 2020+",naive0,1.0,1324,0.0,0.0,219,0.0,0.0,-7.08,2.27,22.84,9.95
ALL equity,"calibrate <=2019, test 2020+",mat1,4.5,1324,4.76,0.83,219,2.74,0.46,-11.12,9.72,22.84,42.5
ALL equity,"calibrate <=2019, test 2020+",best,4.5,1324,4.76,0.83,219,2.74,0.46,-11.12,9.72,22.84,42.5
ALL equity,"calibrate 2018+ (team sample), test <2018",naive0,2.5,295,0.0,0.0,1248,0.96,0.08,-12.19,5.97,19.95,28.71
ALL equity,"calibrate 2018+ (team sample), test <2018",mat1,5.5,295,7.46,0.68,1248,8.81,1.28,-21.22,10.43,19.95,49.78
ALL equity,"calibrate 2018+ (team sample), test <2018",best,5.5,295,7.46,0.68,1248,8.81,1.28,-21.22,10.43,19.95,49.78
"Team assets (NVDA,TSLA,QQQ,SPY,AAPL)","calibrate <=2014, test 2015+",naive0,1.0,89,0.0,0.0,54,0.0,0.0,-3.79,4.39,44.08,9.97
"Team assets (NVDA,TSLA,QQQ,SPY,AAPL)","calibrate <=2014, test 2015+",mat1,4.5,89,8.99,0.0,54,0.0,0.0,-9.98,24.56,44.08,55.78
"Team assets (NVDA,TSLA,QQQ,SPY,AAPL)","calibrate <=2014, test 2015+",best,4.5,89,8.99,0.0,54,0.0,0.0,-9.98,24.56,44.08,55.78
"Team assets (NVDA,TSLA,QQQ,SPY,AAPL)","calibrate <=2019, test 2020+",naive0,1.0,114,0.0,0.0,29,0.0,0.0,-1.64,3.91,39.24,9.96
"Team assets (NVDA,TSLA,QQQ,SPY,AAPL)","calibrate <=2019, test 2020+",mat1,6.5,114,20.18,0.88,29,17.24,0.0,-10.37,21.07,39.24,55.23
"Team assets (NVDA,TSLA,QQQ,SPY,AAPL)","calibrate <=2019, test 2020+",best,6.5,114,20.18,0.88,29,17.24,0.0,-10.37,21.07,39.24,55.23
"Team assets (NVDA,TSLA,QQQ,SPY,AAPL)","calibrate 2018+ (team sample), test <2018",naive0,4.5,39,0.0,0.0,104,7.69,0.0,-10.85,13.64,30.07,42.02
"Team assets (NVDA,TSLA,QQQ,SPY,AAPL)","calibrate 2018+ (team sample), test <2018",mat1,8.0,39,17.95,0.0,104,27.88,1.92,-14.42,15.18,30.07,47.02
"Team assets (NVDA,TSLA,QQQ,SPY,AAPL)","calibrate 2018+ (team sample), test <2018",best,8.0,39,17.95,0.0,104,27.88,1.92,-14.42,15.18,30.07,47.02
