universe,split,m,n,breach_any,breach_mat,worst,mean_ret,mean_hold,capture_up
US index/ETF,"calibrate <=2014, test 2015+",3,108,0.0,0.0,-9.91,5.93,18.58,32.39
US index/ETF,"calibrate <=2014, test 2015+",4,108,0.93,0.0,-10.01,7.62,18.58,42.13
US index/ETF,"calibrate <=2014, test 2015+",5,108,0.93,0.0,-10.01,8.97,18.58,49.88
US index/ETF,"calibrate <=2014, test 2015+",6,108,0.93,0.0,-10.02,9.67,18.58,54.34
US index/ETF,"calibrate <=2019, test 2020+",3,58,0.0,0.0,-9.91,6.7,20.15,32.73
US index/ETF,"calibrate <=2019, test 2020+",4,58,1.72,0.0,-10.01,8.95,20.15,43.58
US index/ETF,"calibrate <=2019, test 2020+",5,58,1.72,0.0,-10.01,10.72,20.15,52.09
US index/ETF,"calibrate <=2019, test 2020+",6,58,1.72,0.0,-10.02,11.64,20.15,56.73
US index/ETF,"calibrate 2018+ (team sample), test <2018",3,302,0.0,0.0,-9.94,3.19,9.87,31.1
US index/ETF,"calibrate 2018+ (team sample), test <2018",4,302,0.99,0.0,-10.03,4.51,9.87,42.54
US index/ETF,"calibrate 2018+ (team sample), test <2018",5,302,1.66,0.0,-10.21,5.6,9.87,51.79
US index/ETF,"calibrate 2018+ (team sample), test <2018",6,302,3.31,0.33,-11.7,6.39,9.87,58.65
Single stock,"calibrate <=2014, test 2015+",3,249,0.8,0.0,-10.12,9.05,26.67,33.86
Single stock,"calibrate <=2014, test 2015+",4,249,2.01,0.0,-10.38,11.18,26.67,41.99
Single stock,"calibrate <=2014, test 2015+",5,249,5.62,1.2,-12.01,12.48,26.67,47.14
Single stock,"calibrate <=2014, test 2015+",6,249,10.44,1.61,-13.91,13.2,26.67,50.11
Single stock,"calibrate <=2019, test 2020+",3,134,1.49,0.0,-10.12,7.0,25.28,28.39
Single stock,"calibrate <=2019, test 2020+",4,134,2.99,0.0,-10.38,8.97,25.28,36.06
Single stock,"calibrate <=2019, test 2020+",5,134,5.22,1.49,-11.61,10.26,25.28,41.21
Single stock,"calibrate <=2019, test 2020+",6,134,11.94,2.24,-12.81,11.11,25.28,44.61
Single stock,"calibrate 2018+ (team sample), test <2018",3,781,2.56,0.13,-12.86,9.57,26.08,35.02
Single stock,"calibrate 2018+ (team sample), test <2018",4,781,4.48,0.77,-15.33,11.51,26.08,42.17
Single stock,"calibrate 2018+ (team sample), test <2018",5,781,9.99,1.79,-17.86,12.67,26.08,46.52
Single stock,"calibrate 2018+ (team sample), test <2018",6,781,14.21,2.18,-20.91,13.61,26.08,49.9
ALL equity,"calibrate <=2014, test 2015+",3,409,0.49,0.0,-10.12,7.45,22.33,33.5
ALL equity,"calibrate <=2014, test 2015+",4,409,1.47,0.0,-10.38,9.35,22.33,42.26
ALL equity,"calibrate <=2014, test 2015+",5,409,3.67,0.73,-12.01,10.56,22.33,48.08
ALL equity,"calibrate <=2014, test 2015+",6,409,6.6,0.98,-13.91,11.21,22.33,51.47
ALL equity,"calibrate <=2019, test 2020+",3,219,0.91,0.0,-10.12,6.8,22.84,30.01
ALL equity,"calibrate <=2019, test 2020+",4,219,2.28,0.0,-10.38,8.92,22.84,39.07
ALL equity,"calibrate <=2019, test 2020+",5,219,3.65,0.91,-11.61,10.35,22.84,45.25
ALL equity,"calibrate <=2019, test 2020+",6,219,7.76,1.37,-12.81,11.22,22.84,49.13
ALL equity,"calibrate 2018+ (team sample), test <2018",3,1248,1.68,0.08,-12.86,7.13,19.95,34.1
ALL equity,"calibrate 2018+ (team sample), test <2018",4,1248,3.12,0.56,-18.21,8.79,19.95,42.01
ALL equity,"calibrate 2018+ (team sample), test <2018",5,1248,6.89,1.2,-20.17,9.92,19.95,47.42
ALL equity,"calibrate 2018+ (team sample), test <2018",6,1248,10.1,1.6,-20.91,10.81,19.95,51.59
"Team assets (NVDA,TSLA,QQQ,SPY,AAPL)","calibrate <=2014, test 2015+",3,54,0.0,0.0,-8.82,18.41,44.08,41.73
"Team assets (NVDA,TSLA,QQQ,SPY,AAPL)","calibrate <=2014, test 2015+",4,54,0.0,0.0,-9.63,23.45,44.08,53.09
"Team assets (NVDA,TSLA,QQQ,SPY,AAPL)","calibrate <=2014, test 2015+",5,54,7.41,0.0,-10.02,25.33,44.08,57.62
"Team assets (NVDA,TSLA,QQQ,SPY,AAPL)","calibrate <=2014, test 2015+",6,54,12.96,0.0,-10.26,26.22,44.08,59.81
"Team assets (NVDA,TSLA,QQQ,SPY,AAPL)","calibrate <=2019, test 2020+",3,29,0.0,0.0,-8.82,12.65,39.24,33.19
"Team assets (NVDA,TSLA,QQQ,SPY,AAPL)","calibrate <=2019, test 2020+",4,29,0.0,0.0,-9.1,17.43,39.24,45.4
"Team assets (NVDA,TSLA,QQQ,SPY,AAPL)","calibrate <=2019, test 2020+",5,29,6.9,0.0,-10.02,19.09,39.24,50.05
"Team assets (NVDA,TSLA,QQQ,SPY,AAPL)","calibrate <=2019, test 2020+",6,29,13.79,0.0,-10.26,20.7,39.24,54.22
"Team assets (NVDA,TSLA,QQQ,SPY,AAPL)","calibrate 2018+ (team sample), test <2018",3,104,3.85,0.96,-12.86,10.43,30.07,32.56
"Team assets (NVDA,TSLA,QQQ,SPY,AAPL)","calibrate 2018+ (team sample), test <2018",4,104,4.81,0.96,-11.18,12.88,30.07,39.74
"Team assets (NVDA,TSLA,QQQ,SPY,AAPL)","calibrate 2018+ (team sample), test <2018",5,104,9.62,0.96,-11.12,14.63,30.07,44.84
"Team assets (NVDA,TSLA,QQQ,SPY,AAPL)","calibrate 2018+ (team sample), test <2018",6,104,15.38,0.96,-11.93,15.44,30.07,47.24
