label,floor,breach_any,breach_material,breach_below_80,worst,mean_ret,median_ret,capture_up,bad_yr_median,m,kind,locked_pct,breach_mat_US index/ETF,capture_US index/ETF,breach_mat_Intl index,capture_Intl index,breach_mat_Single stock,capture_Single stock,breach_blended_floor,blended_floor,breach_material_vs_blend
fixed m=1.5,0.8,0.06,0.0,0.06,-20.05,6.45,3.48,31.51,-7.63,1.5,fixed,0.02,0.0,30.12,0.0,29.63,0.0,31.97,,,
fixed m=2,0.8,0.25,0.0,0.25,-20.72,8.9,4.04,43.23,-10.34,2.0,fixed,0.03,0.0,41.0,0.0,40.19,0.0,43.96,,,
fixed m=3,0.8,1.01,0.13,1.01,-25.55,12.69,4.61,61.78,-15.07,3.0,fixed,0.41,0.0,62.04,0.0,61.43,0.2,61.76,,,
fixed m=4,0.8,2.09,0.51,2.09,-35.57,14.58,6.08,71.84,-17.7,4.0,fixed,0.95,0.0,77.35,0.0,77.36,0.81,70.22,,,
fixed m=5,0.8,4.62,1.08,4.62,-46.72,15.2,7.64,75.87,-19.01,5.0,fixed,2.02,0.0,84.47,0.48,84.18,1.63,73.37,,,
fixed m=6,0.8,6.96,1.27,6.96,-44.02,15.31,8.61,77.06,-19.59,6.0,fixed,3.34,0.26,87.01,0.48,86.76,1.83,74.16,,,
fixed m=8,0.8,12.08,1.96,12.08,-43.24,15.31,8.67,77.76,-19.96,8.0,fixed,6.3,0.51,88.38,0.48,87.71,2.85,74.69,,,
fixed m=1.5,0.85,0.06,0.0,0.0,-15.04,4.87,2.63,23.73,-5.59,1.5,fixed,0.02,0.0,22.47,0.0,22.17,0.0,24.13,,,
fixed m=2,0.85,0.25,0.0,0.0,-15.56,6.78,3.12,32.79,-7.81,2.0,fixed,0.03,0.0,30.67,0.0,29.79,0.0,33.5,,,
fixed m=3,0.85,1.27,0.06,0.0,-19.02,10.08,3.34,48.47,-11.19,3.0,fixed,0.5,0.0,47.1,0.0,46.15,0.1,48.97,,,
fixed m=4,0.85,2.47,0.51,0.0,-19.26,12.11,2.79,58.5,-13.29,4.0,fixed,1.13,0.0,61.36,0.48,60.52,0.71,57.74,,,
fixed m=5,0.85,5.25,1.39,0.19,-25.69,13.08,3.03,63.76,-14.33,5.0,fixed,2.37,0.0,70.85,0.48,70.92,2.13,61.66,,,
fixed m=6,0.85,8.22,1.83,0.38,-38.1,13.44,3.57,66.15,-14.72,6.0,fixed,4.05,0.26,75.81,0.48,75.36,2.74,63.35,,,
fixed m=8,0.85,13.66,2.47,1.01,-45.38,13.62,4.83,67.79,-15.0,8.0,fixed,7.16,0.77,79.77,0.48,78.53,3.56,64.38,,,
fixed m=1.5,0.9,0.13,0.0,0.0,-10.27,3.23,1.77,15.72,-3.68,1.5,fixed,0.03,0.0,14.87,0.0,14.69,0.0,15.99,,,
fixed m=2,0.9,0.32,0.0,0.0,-10.47,4.56,2.1,21.97,-5.15,2.0,fixed,0.08,0.0,20.33,0.0,19.77,0.0,22.51,,,
fixed m=3,0.9,1.45,0.06,0.0,-12.86,7.05,2.12,33.54,-7.39,3.0,fixed,0.66,0.0,31.31,0.0,30.52,0.1,34.27,,,
fixed m=4,0.9,2.85,0.44,0.0,-18.21,8.75,1.56,41.62,-8.81,4.0,fixed,1.21,0.0,42.06,0.48,40.84,0.61,41.6,,,
fixed m=5,0.9,6.33,1.14,0.06,-20.17,9.9,0.56,47.11,-9.48,5.0,fixed,2.7,0.0,50.8,0.48,49.9,1.73,46.11,,,
fixed m=6,0.9,9.55,1.52,0.13,-20.91,10.74,-0.3,51.12,-9.81,6.0,fixed,4.71,0.26,56.88,0.97,56.99,2.13,49.41,,,
fixed m=8,0.9,15.88,2.02,0.19,-27.28,11.13,-2.08,53.49,-10.0,8.0,fixed,8.57,0.26,63.43,1.45,63.27,2.85,50.57,,,
fixed m=1.5,0.95,0.32,0.0,0.0,-5.2,1.6,0.95,7.82,-1.88,1.5,fixed,0.1,0.0,7.43,0.0,7.37,0.0,7.94,,,
fixed m=2,0.95,0.57,0.0,0.0,-5.19,2.32,1.04,11.09,-2.46,2.0,fixed,0.18,0.0,9.93,0.0,9.64,0.0,11.46,,,
fixed m=3,0.95,1.52,0.06,0.0,-6.33,3.77,1.09,17.67,-3.56,3.0,fixed,0.65,0.0,15.53,0.0,14.58,0.1,18.39,,,
fixed m=4,0.95,4.36,0.25,0.0,-8.59,4.87,0.67,22.67,-4.33,4.0,fixed,1.81,0.0,20.91,0.48,20.38,0.3,23.24,,,
fixed m=5,0.95,7.65,0.57,0.0,-12.99,5.72,0.0,26.49,-4.68,5.0,fixed,3.38,0.0,26.25,0.48,25.6,0.81,26.62,,,
fixed m=6,0.95,10.82,0.82,0.06,-22.17,6.26,-0.74,28.98,-4.9,6.0,fixed,5.21,0.0,31.19,0.48,29.69,1.22,28.47,,,
fixed m=8,0.95,19.1,1.9,0.06,-22.33,6.81,-2.61,31.63,-5.0,8.0,fixed,10.27,0.26,38.18,0.97,36.62,2.74,29.84,,,
min-form m1=4 F1=90 | m2=3 F2=70,0.9,2.85,0.44,0.0,-18.21,8.75,1.56,41.62,-8.81,,minform,1.21,,,,,,,,,
min-form m1=5 F1=90 | m2=3 F2=70,0.9,6.33,1.14,0.06,-20.17,9.9,0.56,47.11,-9.48,,minform,2.7,,,,,,,,,
min-form m1=6 F1=90 | m2=3 F2=70,0.9,9.55,1.52,0.13,-20.91,10.74,-0.3,51.12,-9.81,,minform,4.71,,,,,,,,,
min-form m1=6 F1=90 | m2=4 F2=75,0.9,9.55,1.52,0.13,-20.91,10.74,-0.3,51.12,-9.81,,minform,4.71,,,,,,,,,
min-form m1=8 F1=90 | m2=3 F2=70,0.9,16.07,2.02,0.13,-27.39,11.1,-2.08,53.39,-10.0,,minform,8.62,,,,,,,,,
min-form m1=6 F1=90 | m2=4 F2=80,0.9,9.55,1.52,0.13,-20.91,10.74,-0.3,51.12,-9.81,,minform,4.71,,,,,,,,,
min-form m1=8 F1=90 | m2=4 F2=80,0.9,15.75,2.15,0.06,-26.01,11.15,-1.77,53.54,-10.0,,minform,8.45,,,,,,,,,
min-form m1=8 F1=90 | m2=5 F2=80,0.9,15.88,2.02,0.19,-27.28,11.13,-2.08,53.49,-10.0,,minform,8.57,,,,,,,,,
"two-sleeve 50% (F=90,m=3) + 50% (F=70,m=6) [blended floor 80%]",0.9,21.0,20.37,1.64,-28.05,12.45,6.87,62.14,-17.85,,sleeve,,,,,,,,1.64,0.8,0.38
"two-sleeve 50% (F=90,m=2) + 50% (F=70,m=6) [blended floor 80%]",0.9,20.24,18.85,0.89,-27.0,11.2,6.77,56.35,-16.92,,sleeve,,,,,,,,0.89,0.8,0.32
"two-sleeve 70% (F=90,m=3) + 30% (F=70,m=6) [blended floor 84%]",0.9,17.01,15.24,0.19,-21.97,10.29,5.06,50.7,-13.75,,sleeve,,,,,,,,1.45,0.84,0.25
"two-sleeve 50% (F=90,m=3) + 50% (F=80,m=5) [blended floor 85%]",0.9,19.42,16.19,0.06,-29.79,11.13,4.88,54.71,-13.18,,sleeve,,,,,,,,1.71,0.85,0.51
"two-sleeve 50% (F=90,m=4) + 50% (F=80,m=6) [blended floor 85%]",0.9,23.85,21.63,0.06,-27.6,12.03,4.93,59.34,-14.23,,sleeve,,,,,,,,3.61,0.85,0.7
"two-sleeve 70% (F=90,m=4) + 30% (F=70,m=6) [blended floor 84%]",0.9,19.48,18.09,0.19,-21.35,11.48,4.85,56.35,-14.69,,sleeve,,,,,,,,2.78,0.84,0.32
