split,part,rule,param,avg_m,n,breach_any,breach_mat,worst,mean_ret,capture_up,bad_yr
cut2014,cal,fixed,1.0,1.0,4352,0.0,0.0,-9.88,1.86,9.95,-2.45
cut2014,cal,fixed,1.5,1.5,4352,0.21,0.0,-10.33,2.96,15.61,-3.74
cut2014,cal,fixed,2.0,2.0,4352,0.39,0.0,-10.83,4.24,21.94,-5.12
cut2014,cal,fixed,2.5,2.5,4352,0.76,0.09,-13.92,5.58,28.43,-6.34
cut2014,cal,fixed,3.0,3.0,4352,1.61,0.16,-16.91,6.8,34.28,-7.34
cut2014,cal,fixed,3.5,3.5,4352,2.46,0.41,-19.17,7.84,39.32,-8.15
cut2014,cal,fixed,4.0,4.0,4352,3.58,0.64,-20.51,8.72,43.54,-8.74
cut2014,cal,fixed,4.5,4.5,4352,5.06,0.9,-20.84,9.48,47.15,-9.21
cut2014,cal,fixed,5.0,5.0,4352,6.78,1.17,-23.45,10.16,50.36,-9.48
cut2014,cal,fixed,5.5,5.5,4352,8.62,1.38,-38.15,10.72,53.04,-9.66
cut2014,cal,fixed,6.0,6.0,4352,9.88,1.7,-47.75,11.13,55.02,-9.8
cut2014,cal,fixed,6.5,6.5,4352,11.95,1.82,-45.08,11.41,56.41,-9.9
cut2014,cal,fixed,7.0,7.0,4352,13.42,2.07,-43.16,11.66,57.66,-9.95
cut2014,cal,fixed,7.5,7.5,4352,14.82,2.34,-42.2,11.78,58.32,-10.0
cut2014,cal,fixed,8.0,8.0,4352,16.77,2.57,-40.79,11.81,58.6,-10.0
cut2014,cal,trailing-worst-gap,0.1,2.08,4352,0.02,0.0,-10.04,3.57,18.35,-4.12
cut2014,cal,trailing-worst-gap,0.15,3.05,4352,0.02,0.0,-10.07,5.38,27.33,-5.87
cut2014,cal,trailing-worst-gap,0.2,3.95,4352,0.41,0.02,-11.76,7.01,35.36,-7.34
cut2014,cal,trailing-worst-gap,0.25,4.71,4352,0.6,0.14,-15.3,8.32,41.78,-8.31
cut2014,cal,trailing-worst-gap,0.3,5.33,4352,1.7,0.34,-18.3,9.31,46.59,-8.97
cut2014,cal,trailing-worst-gap,0.35,5.82,4352,3.38,0.74,-20.54,10.06,50.18,-9.35
cut2014,cal,trailing-worst-gap,0.4,6.2,4352,4.83,1.26,-22.29,10.54,52.55,-9.58
cut2014,cal,trailing-worst-gap,0.45,6.51,4352,6.36,1.33,-23.05,10.9,54.26,-9.74
cut2014,cal,trailing-worst-gap,0.5,6.76,4352,8.09,1.42,-23.1,11.18,55.57,-9.83
cut2014,cal,trailing-worst-gap,0.6,7.13,4352,10.82,1.68,-25.19,11.55,57.26,-9.92
cut2014,cal,trailing-worst-gap,0.7,7.37,4352,12.55,1.95,-48.4,11.76,58.25,-9.97
cut2014,cal,trailing-worst-gap,0.8,7.52,4352,13.58,1.98,-44.88,11.85,58.69,-9.99
cut2014,cal,trailing-worst-gap,0.9,7.63,4352,14.5,2.07,-41.88,11.88,58.83,-10.0
cut2014,cal,trailing-worst-gap,1.0,7.72,4352,15.05,2.09,-40.79,11.91,58.99,-10.0
cut2014,cal,trailing-worst-gap,1.1,7.77,4352,15.51,2.16,-40.79,11.87,58.82,-10.0
cut2014,cal,trailing-worst-gap,1.2,7.82,4352,15.58,2.18,-40.79,11.87,58.84,-10.0
cut2014,cal,trailing-worst-gap,1.3,7.85,4352,15.9,2.23,-40.79,11.86,58.79,-10.0
cut2014,cal,trailing-vol,0.03,2.29,4352,0.05,0.0,-10.02,3.61,18.82,-4.46
cut2014,cal,trailing-vol,0.04,3.01,4352,0.07,0.0,-10.08,4.83,24.86,-5.64
cut2014,cal,trailing-vol,0.05,3.68,4352,0.09,0.0,-10.19,6.09,31.05,-6.7
cut2014,cal,trailing-vol,0.06,4.3,4352,0.25,0.0,-10.26,7.31,36.92,-7.53
cut2014,cal,trailing-vol,0.07,4.84,4352,0.6,0.11,-12.74,8.35,41.96,-8.2
cut2014,cal,trailing-vol,0.08,5.3,4352,1.22,0.28,-14.74,9.23,46.12,-8.72
cut2014,cal,trailing-vol,0.09,5.7,4352,1.84,0.55,-16.57,9.99,49.69,-9.08
cut2014,cal,trailing-vol,0.1,6.04,4352,2.9,0.78,-18.4,10.58,52.47,-9.34
cut2014,cal,trailing-vol,0.11,6.33,4352,4.23,1.08,-21.17,11.01,54.51,-9.52
cut2014,cal,trailing-vol,0.12,6.58,4352,5.47,1.26,-20.68,11.32,55.98,-9.65
cut2014,cal,trailing-vol,0.13,6.79,4352,6.53,1.31,-20.0,11.55,57.06,-9.74
cut2014,cal,trailing-vol,0.14,6.96,4352,7.42,1.45,-20.54,11.74,57.93,-9.81
cut2014,cal,trailing-vol,0.15,7.1,4352,8.36,1.65,-22.06,11.86,58.5,-9.87
cut2014,cal,trailing-vol,0.16,7.23,4352,9.58,1.65,-23.55,11.96,58.93,-9.9
cut2014,cal,trailing-vol,0.17,7.33,4352,10.71,1.77,-23.67,12.01,59.2,-9.93
cut2014,cal,trailing-vol,0.18,7.42,4352,11.58,1.95,-23.67,12.03,59.33,-9.96
cut2014,cal,oracle (hindsight),,7.71,4352,13.14,0.0,-10.26,11.88,58.56,-9.98
cut2014,test,fixed,1.0,1.0,1625,0.0,0.0,-7.08,2.33,9.96,-2.01
cut2014,test,fixed,1.5,1.5,1625,0.0,0.0,-8.7,3.69,15.71,-3.22
cut2014,test,fixed,2.0,2.0,1625,0.0,0.0,-9.51,5.32,22.48,-4.39
cut2014,test,fixed,2.5,2.5,1625,0.0,0.0,-9.92,6.87,28.95,-5.59
cut2014,test,fixed,3.0,3.0,1625,0.62,0.0,-10.19,8.25,34.78,-6.53
cut2014,test,fixed,3.5,3.5,1625,1.05,0.06,-11.04,9.52,40.07,-7.45
cut2014,test,fixed,4.0,4.0,1625,1.54,0.06,-11.83,10.5,44.28,-8.13
cut2014,test,fixed,4.5,4.5,1625,1.85,0.31,-12.59,11.26,47.58,-8.64
cut2014,test,fixed,5.0,5.0,1625,3.02,0.43,-14.97,11.8,50.05,-9.07
cut2014,test,fixed,5.5,5.5,1625,4.37,0.49,-18.81,12.18,51.84,-9.37
cut2014,test,fixed,6.0,6.0,1625,6.03,0.86,-15.74,12.36,52.86,-9.57
cut2014,test,fixed,6.5,6.5,1625,7.38,0.98,-14.98,12.49,53.59,-9.7
cut2014,test,fixed,7.0,7.0,1625,9.23,1.17,-15.96,12.67,54.5,-9.82
cut2014,test,fixed,7.5,7.5,1625,10.52,1.35,-17.97,12.78,55.09,-9.88
cut2014,test,fixed,8.0,8.0,1625,12.8,1.42,-20.06,12.86,55.56,-9.98
cut2014,test,trailing-worst-gap,0.1,1.86,1625,0.0,0.0,-8.34,3.3,14.91,-4.01
cut2014,test,trailing-worst-gap,0.15,2.72,1625,0.0,0.0,-9.44,4.59,21.05,-5.77
cut2014,test,trailing-worst-gap,0.2,3.57,1625,0.18,0.0,-10.33,6.05,27.68,-7.23
cut2014,test,trailing-worst-gap,0.25,4.35,1625,0.37,0.25,-12.85,7.37,33.47,-8.3
cut2014,test,trailing-worst-gap,0.3,5.03,1625,0.55,0.25,-14.57,8.56,38.48,-8.98
cut2014,test,trailing-worst-gap,0.35,5.58,1625,1.29,0.25,-18.17,9.63,42.88,-9.36
cut2014,test,trailing-worst-gap,0.4,6.02,1625,3.38,0.49,-21.7,10.55,46.54,-9.55
cut2014,test,trailing-worst-gap,0.45,6.38,1625,4.12,0.62,-18.96,11.28,49.37,-9.66
cut2014,test,trailing-worst-gap,0.5,6.65,1625,4.92,0.68,-16.31,11.78,51.35,-9.75
cut2014,test,trailing-worst-gap,0.6,7.07,1625,6.89,0.86,-16.49,12.47,53.99,-9.88
cut2014,test,trailing-worst-gap,0.7,7.37,1625,9.29,0.86,-17.8,12.84,55.39,-9.92
cut2014,test,trailing-worst-gap,0.8,7.57,1625,11.26,1.11,-18.14,13.08,56.28,-9.95
cut2014,test,trailing-worst-gap,0.9,7.7,1625,11.75,1.11,-17.79,13.21,56.77,-9.96
cut2014,test,trailing-worst-gap,1.0,7.8,1625,12.25,1.29,-18.97,13.21,56.8,-9.98
cut2014,test,trailing-worst-gap,1.1,7.86,1625,12.49,1.23,-20.06,13.17,56.65,-9.98
cut2014,test,trailing-worst-gap,1.2,7.9,1625,12.8,1.29,-20.06,12.92,55.74,-9.98
cut2014,test,trailing-worst-gap,1.3,7.93,1625,12.74,1.42,-20.06,12.92,55.76,-9.98
cut2014,test,trailing-vol,0.03,2.25,1625,0.0,0.0,-8.11,4.07,17.98,-4.22
cut2014,test,trailing-vol,0.04,2.97,1625,0.0,0.0,-9.05,5.4,23.9,-5.42
cut2014,test,trailing-vol,0.05,3.67,1625,0.0,0.0,-9.54,6.82,30.04,-6.57
cut2014,test,trailing-vol,0.06,4.31,1625,0.06,0.0,-10.03,8.15,35.7,-7.51
cut2014,test,trailing-vol,0.07,4.88,1625,0.18,0.0,-10.07,9.26,40.41,-8.16
cut2014,test,trailing-vol,0.08,5.39,1625,0.92,0.0,-10.21,10.18,44.33,-8.68
cut2014,test,trailing-vol,0.09,5.81,1625,1.72,0.18,-12.23,10.86,47.23,-9.01
cut2014,test,trailing-vol,0.1,6.18,1625,2.34,0.74,-14.79,11.41,49.55,-9.32
cut2014,test,trailing-vol,0.11,6.48,1625,2.83,0.74,-18.42,11.81,51.22,-9.52
cut2014,test,trailing-vol,0.12,6.73,1625,3.94,0.74,-16.88,12.11,52.46,-9.63
cut2014,test,trailing-vol,0.13,6.94,1625,4.8,0.68,-16.35,12.31,53.3,-9.71
cut2014,test,trailing-vol,0.14,7.11,1625,6.03,0.86,-16.8,12.46,53.92,-9.76
cut2014,test,trailing-vol,0.15,7.25,1625,6.46,0.86,-17.45,12.6,54.48,-9.81
cut2014,test,trailing-vol,0.16,7.37,1625,7.02,0.98,-17.44,12.67,54.78,-9.87
cut2014,test,trailing-vol,0.17,7.47,1625,7.63,0.92,-17.44,12.74,55.05,-9.89
cut2014,test,trailing-vol,0.18,7.55,1625,8.92,1.11,-17.44,12.81,55.3,-9.89
cut2014,test,oracle (hindsight),,7.78,1625,8.37,0.0,-10.18,12.87,55.41,-9.93
cut2019,cal,fixed,1.0,1.0,5103,0.0,0.0,-9.88,1.84,9.95,-2.37
cut2019,cal,fixed,1.5,1.5,5103,0.18,0.0,-10.33,2.92,15.59,-3.62
cut2019,cal,fixed,2.0,2.0,5103,0.33,0.0,-10.83,4.17,21.91,-4.94
cut2019,cal,fixed,2.5,2.5,5103,0.65,0.08,-13.92,5.48,28.42,-6.2
cut2019,cal,fixed,3.0,3.0,5103,1.37,0.14,-16.91,6.66,34.29,-7.23
cut2019,cal,fixed,3.5,3.5,5103,2.1,0.35,-19.17,7.67,39.3,-8.04
cut2019,cal,fixed,4.0,4.0,5103,3.06,0.55,-20.51,8.53,43.56,-8.67
cut2019,cal,fixed,4.5,4.5,5103,4.35,0.76,-20.84,9.26,47.19,-9.12
cut2019,cal,fixed,5.0,5.0,5103,5.92,1.02,-23.45,9.91,50.38,-9.43
cut2019,cal,fixed,5.5,5.5,5103,7.66,1.2,-38.15,10.44,53.03,-9.61
cut2019,cal,fixed,6.0,6.0,5103,8.9,1.57,-47.75,10.82,54.96,-9.77
cut2019,cal,fixed,6.5,6.5,5103,10.76,1.7,-45.08,11.08,56.36,-9.87
cut2019,cal,fixed,7.0,7.0,5103,12.05,1.94,-43.16,11.32,57.6,-9.94
cut2019,cal,fixed,7.5,7.5,5103,13.36,2.19,-42.2,11.41,58.18,-9.99
cut2019,cal,fixed,8.0,8.0,5103,15.17,2.37,-40.79,11.43,58.46,-10.0
cut2019,cal,trailing-worst-gap,0.1,2.09,5103,0.02,0.0,-10.04,3.5,18.4,-4.06
cut2019,cal,trailing-worst-gap,0.15,3.08,5103,0.02,0.0,-10.07,5.27,27.44,-5.79
cut2019,cal,trailing-worst-gap,0.2,3.99,5103,0.35,0.02,-11.76,6.89,35.62,-7.26
cut2019,cal,trailing-worst-gap,0.25,4.76,5103,0.51,0.12,-15.3,8.17,42.11,-8.25
cut2019,cal,trailing-worst-gap,0.3,5.4,5103,1.47,0.29,-18.3,9.13,46.94,-8.91
cut2019,cal,trailing-worst-gap,0.35,5.91,5103,2.9,0.63,-20.54,9.84,50.49,-9.32
cut2019,cal,trailing-worst-gap,0.4,6.29,5103,4.25,1.12,-22.29,10.31,52.86,-9.55
cut2019,cal,trailing-worst-gap,0.45,6.6,5103,5.6,1.21,-23.05,10.66,54.6,-9.71
cut2019,cal,trailing-worst-gap,0.5,6.84,5103,7.17,1.29,-23.1,10.94,55.93,-9.81
cut2019,cal,trailing-worst-gap,0.6,7.19,5103,9.6,1.55,-25.19,11.29,57.6,-9.9
cut2019,cal,trailing-worst-gap,0.7,7.42,5103,11.27,1.8,-48.4,11.48,58.52,-9.95
cut2019,cal,trailing-worst-gap,0.8,7.57,5103,12.23,1.82,-44.88,11.56,58.91,-9.98
cut2019,cal,trailing-worst-gap,0.9,7.67,5103,13.09,1.94,-41.88,11.57,58.99,-10.0
cut2019,cal,trailing-worst-gap,1.0,7.74,5103,13.6,1.96,-40.79,11.59,59.08,-10.0
cut2019,cal,trailing-worst-gap,1.1,7.8,5103,14.01,1.98,-40.79,11.55,58.9,-10.0
cut2019,cal,trailing-worst-gap,1.2,7.84,5103,14.13,2.02,-40.79,11.5,58.74,-10.0
cut2019,cal,trailing-worst-gap,1.3,7.87,5103,14.4,2.08,-40.79,11.49,58.69,-10.0
cut2019,cal,trailing-vol,0.03,2.34,5103,0.04,0.0,-10.02,3.63,19.29,-4.46
cut2019,cal,trailing-vol,0.04,3.08,5103,0.06,0.0,-10.08,4.84,25.52,-5.65
cut2019,cal,trailing-vol,0.05,3.77,5103,0.08,0.0,-10.19,6.08,31.79,-6.72
cut2019,cal,trailing-vol,0.06,4.4,5103,0.22,0.0,-10.26,7.25,37.64,-7.56
cut2019,cal,trailing-vol,0.07,4.95,5103,0.51,0.1,-12.74,8.25,42.62,-8.22
cut2019,cal,trailing-vol,0.08,5.42,5103,1.04,0.24,-14.74,9.08,46.71,-8.71
cut2019,cal,trailing-vol,0.09,5.83,5103,1.72,0.49,-16.57,9.79,50.15,-9.05
cut2019,cal,trailing-vol,0.1,6.16,5103,2.63,0.78,-18.4,10.33,52.8,-9.32
cut2019,cal,trailing-vol,0.11,6.45,5103,3.82,1.04,-21.17,10.74,54.77,-9.51
cut2019,cal,trailing-vol,0.12,6.68,5103,4.92,1.2,-20.68,11.04,56.2,-9.64
cut2019,cal,trailing-vol,0.13,6.88,5103,5.86,1.23,-20.0,11.25,57.23,-9.73
cut2019,cal,trailing-vol,0.14,7.05,5103,6.72,1.35,-20.54,11.43,58.08,-9.79
cut2019,cal,trailing-vol,0.15,7.18,5103,7.6,1.53,-22.06,11.55,58.63,-9.85
cut2019,cal,trailing-vol,0.16,7.3,5103,8.7,1.53,-23.55,11.63,59.03,-9.89
cut2019,cal,trailing-vol,0.17,7.4,5103,9.72,1.67,-23.67,11.68,59.29,-9.93
cut2019,cal,trailing-vol,0.18,7.48,5103,10.5,1.84,-23.67,11.7,59.41,-9.94
cut2019,cal,oracle (hindsight),,7.74,5103,11.8,0.0,-10.26,11.53,58.53,-9.97
cut2019,test,fixed,1.0,1.0,870,0.0,0.0,-7.08,2.62,9.96,-2.14
cut2019,test,fixed,1.5,1.5,870,0.0,0.0,-8.7,4.15,15.65,-3.26
cut2019,test,fixed,2.0,2.0,870,0.0,0.0,-9.51,6.0,22.4,-4.6
cut2019,test,fixed,2.5,2.5,870,0.0,0.0,-9.92,7.73,28.69,-5.72
cut2019,test,fixed,3.0,3.0,870,0.8,0.0,-10.19,9.35,34.6,-6.73
cut2019,test,fixed,3.5,3.5,870,1.61,0.11,-11.04,10.95,40.34,-7.5
cut2019,test,fixed,4.0,4.0,870,2.07,0.11,-11.83,12.16,44.73,-8.24
cut2019,test,fixed,4.5,4.5,870,2.53,0.57,-12.59,13.1,48.22,-8.77
cut2019,test,fixed,5.0,5.0,870,3.68,0.69,-14.97,13.8,50.85,-9.11
cut2019,test,fixed,5.5,5.5,870,4.94,0.8,-18.81,14.36,52.94,-9.44
cut2019,test,fixed,6.0,6.0,870,6.32,1.15,-15.74,14.65,54.11,-9.61
cut2019,test,fixed,6.5,6.5,870,7.7,1.03,-14.98,14.74,54.57,-9.75
cut2019,test,fixed,7.0,7.0,870,9.66,1.38,-14.81,14.95,55.43,-9.83
cut2019,test,fixed,7.5,7.5,870,11.38,1.49,-16.0,15.26,56.53,-9.91
cut2019,test,fixed,8.0,8.0,870,14.14,1.49,-17.44,15.45,57.23,-9.99
cut2019,test,trailing-worst-gap,0.1,1.73,870,0.0,0.0,-8.34,3.52,13.97,-4.16
cut2019,test,trailing-worst-gap,0.15,2.51,870,0.0,0.0,-9.44,4.84,19.39,-5.81
cut2019,test,trailing-worst-gap,0.2,3.3,870,0.34,0.0,-10.33,6.34,25.32,-7.37
cut2019,test,trailing-worst-gap,0.25,4.01,870,0.69,0.46,-12.85,7.83,30.92,-8.47
cut2019,test,trailing-worst-gap,0.3,4.65,870,0.69,0.46,-14.57,9.19,35.84,-9.04
cut2019,test,trailing-worst-gap,0.35,5.17,870,1.49,0.46,-18.17,10.62,40.82,-9.44
cut2019,test,trailing-worst-gap,0.4,5.62,870,3.1,0.57,-21.7,11.88,45.14,-9.58
cut2019,test,trailing-worst-gap,0.45,6.02,870,4.37,0.57,-18.96,12.9,48.59,-9.68
cut2019,test,trailing-worst-gap,0.5,6.34,870,5.4,0.69,-16.31,13.55,50.81,-9.78
cut2019,test,trailing-worst-gap,0.6,6.84,870,7.93,1.03,-16.49,14.49,54.0,-9.9
cut2019,test,trailing-worst-gap,0.7,7.21,870,10.0,0.8,-17.44,15.09,55.99,-9.94
cut2019,test,trailing-worst-gap,0.8,7.46,870,12.64,1.26,-17.44,15.49,57.33,-9.97
cut2019,test,trailing-worst-gap,0.9,7.63,870,12.87,1.15,-17.44,15.71,58.02,-9.97
cut2019,test,trailing-worst-gap,1.0,7.75,870,13.45,1.26,-17.44,15.74,58.16,-9.98
cut2019,test,trailing-worst-gap,1.1,7.83,870,13.68,1.26,-17.44,15.7,58.01,-9.99
cut2019,test,trailing-worst-gap,1.2,7.87,870,14.02,1.26,-17.44,15.48,57.32,-9.99
cut2019,test,trailing-worst-gap,1.3,7.9,870,13.91,1.38,-17.44,15.48,57.32,-9.99
cut2019,test,trailing-vol,0.03,2.02,870,0.0,0.0,-8.03,4.29,16.33,-3.79
cut2019,test,trailing-vol,0.04,2.66,870,0.0,0.0,-8.5,5.72,21.73,-4.98
cut2019,test,trailing-vol,0.05,3.31,870,0.0,0.0,-9.33,7.35,27.76,-6.1
cut2019,test,trailing-vol,0.06,3.92,870,0.11,0.0,-10.03,8.91,33.5,-7.06
cut2019,test,trailing-vol,0.07,4.48,870,0.23,0.0,-10.07,10.25,38.44,-7.86
cut2019,test,trailing-vol,0.08,4.99,870,1.03,0.0,-10.21,11.46,42.84,-8.48
cut2019,test,trailing-vol,0.09,5.43,870,1.72,0.23,-12.23,12.42,46.35,-8.95
cut2019,test,trailing-vol,0.1,5.83,870,2.41,1.03,-14.79,13.19,49.16,-9.28
cut2019,test,trailing-vol,0.11,6.17,870,2.53,1.03,-18.42,13.7,51.06,-9.44
cut2019,test,trailing-vol,0.12,6.45,870,4.02,1.03,-16.88,14.08,52.43,-9.58
cut2019,test,trailing-vol,0.13,6.7,870,4.6,0.92,-15.76,14.29,53.23,-9.71
cut2019,test,trailing-vol,0.14,6.91,870,6.21,1.15,-16.8,14.46,53.88,-9.76
cut2019,test,trailing-vol,0.15,7.09,870,6.55,1.15,-17.45,14.63,54.46,-9.8
cut2019,test,trailing-vol,0.16,7.24,870,7.13,1.38,-17.44,14.75,54.91,-9.86
cut2019,test,trailing-vol,0.17,7.36,870,7.93,1.26,-17.44,14.86,55.28,-9.88
cut2019,test,trailing-vol,0.18,7.46,870,9.66,1.38,-17.44,14.95,55.59,-9.89
cut2019,test,oracle (hindsight),,7.8,870,9.89,0.0,-10.18,15.56,57.41,-9.94
ALL,cal,fixed,1.0,1.0,6125,0.0,0.0,-9.88,1.97,9.96,-2.34
ALL,cal,fixed,1.5,1.5,6125,0.15,0.0,-10.33,3.13,15.62,-3.59
ALL,cal,fixed,2.0,2.0,6125,0.28,0.0,-10.83,4.47,22.06,-4.89
ALL,cal,fixed,2.5,2.5,6125,0.54,0.07,-13.92,5.85,28.51,-6.12
ALL,cal,fixed,3.0,3.0,6125,1.31,0.11,-16.91,7.09,34.34,-7.17
ALL,cal,fixed,3.5,3.5,6125,2.02,0.31,-19.17,8.18,39.42,-7.98
ALL,cal,fixed,4.0,4.0,6125,2.96,0.47,-20.51,9.07,43.61,-8.6
ALL,cal,fixed,4.5,4.5,6125,4.1,0.72,-20.84,9.81,47.11,-9.09
ALL,cal,fixed,5.0,5.0,6125,5.65,0.95,-23.45,10.44,50.08,-9.41
ALL,cal,fixed,5.5,5.5,6125,7.36,1.11,-38.15,10.94,52.49,-9.6
ALL,cal,fixed,6.0,6.0,6125,8.72,1.47,-47.75,11.29,54.19,-9.75
ALL,cal,fixed,6.5,6.5,6125,10.56,1.58,-45.08,11.52,55.4,-9.86
ALL,cal,fixed,7.0,7.0,6125,12.1,1.83,-43.16,11.76,56.56,-9.93
ALL,cal,fixed,7.5,7.5,6125,13.45,2.07,-42.2,11.87,57.23,-9.99
ALL,cal,fixed,8.0,8.0,6125,15.44,2.24,-40.79,11.92,57.58,-10.0
ALL,cal,trailing-worst-gap,0.1,2.03,6125,0.02,0.0,-10.04,3.46,17.35,-4.08
ALL,cal,trailing-worst-gap,0.15,2.98,6125,0.02,0.0,-10.07,5.1,25.46,-5.82
ALL,cal,trailing-worst-gap,0.2,3.87,6125,0.34,0.02,-11.76,6.66,33.05,-7.31
ALL,cal,trailing-worst-gap,0.25,4.64,6125,0.52,0.16,-15.3,7.95,39.27,-8.31
ALL,cal,trailing-worst-gap,0.3,5.27,6125,1.36,0.31,-18.3,8.98,44.12,-8.96
ALL,cal,trailing-worst-gap,0.35,5.78,6125,2.74,0.59,-20.54,9.79,47.92,-9.35
ALL,cal,trailing-worst-gap,0.4,6.17,6125,4.33,1.03,-22.29,10.39,50.65,-9.56
ALL,cal,trailing-worst-gap,0.45,6.49,6125,5.62,1.11,-23.05,10.84,52.69,-9.71
ALL,cal,trailing-worst-gap,0.5,6.75,6125,7.09,1.19,-23.1,11.18,54.2,-9.81
ALL,cal,trailing-worst-gap,0.6,7.12,6125,9.57,1.45,-25.19,11.62,56.17,-9.91
ALL,cal,trailing-worst-gap,0.7,7.37,6125,11.43,1.65,-48.4,11.87,57.27,-9.95
ALL,cal,trailing-worst-gap,0.8,7.54,6125,12.72,1.73,-44.88,12.0,57.84,-9.98
ALL,cal,trailing-worst-gap,0.9,7.66,6125,13.52,1.81,-41.88,12.06,58.08,-10.0
ALL,cal,trailing-worst-gap,1.0,7.74,6125,14.06,1.88,-40.79,12.09,58.21,-10.0
ALL,cal,trailing-worst-gap,1.1,7.8,6125,14.45,1.89,-40.79,12.04,58.04,-10.0
ALL,cal,trailing-worst-gap,1.2,7.84,6125,14.6,1.93,-40.79,11.98,57.8,-10.0
ALL,cal,trailing-worst-gap,1.3,7.88,6125,14.81,1.99,-40.79,11.97,57.77,-10.0
ALL,cal,trailing-vol,0.03,2.29,6125,0.03,0.0,-10.02,3.69,18.56,-4.41
ALL,cal,trailing-vol,0.04,3.01,6125,0.05,0.0,-10.08,4.91,24.54,-5.58
ALL,cal,trailing-vol,0.05,3.7,6125,0.07,0.0,-10.19,6.19,30.69,-6.65
ALL,cal,trailing-vol,0.06,4.32,6125,0.2,0.0,-10.26,7.42,36.48,-7.53
ALL,cal,trailing-vol,0.07,4.87,6125,0.47,0.08,-12.74,8.47,41.41,-8.18
ALL,cal,trailing-vol,0.08,5.35,6125,1.11,0.2,-14.74,9.35,45.51,-8.7
ALL,cal,trailing-vol,0.09,5.76,6125,1.81,0.44,-16.57,10.08,48.89,-9.05
ALL,cal,trailing-vol,0.1,6.1,6125,2.73,0.8,-18.4,10.65,51.51,-9.32
ALL,cal,trailing-vol,0.11,6.4,6125,3.8,1.01,-21.17,11.07,53.44,-9.52
ALL,cal,trailing-vol,0.12,6.64,6125,5.0,1.14,-20.68,11.37,54.84,-9.65
ALL,cal,trailing-vol,0.13,6.85,6125,5.98,1.16,-20.0,11.59,55.84,-9.73
ALL,cal,trailing-vol,0.14,7.02,6125,6.97,1.31,-20.54,11.76,56.64,-9.8
ALL,cal,trailing-vol,0.15,7.16,6125,7.77,1.45,-22.06,11.89,57.2,-9.85
ALL,cal,trailing-vol,0.16,7.28,6125,8.78,1.49,-23.55,11.98,57.59,-9.9
ALL,cal,trailing-vol,0.17,7.38,6125,9.75,1.58,-23.67,12.03,57.86,-9.93
ALL,cal,trailing-vol,0.18,7.47,6125,10.71,1.75,-23.67,12.07,58.02,-9.94
ALL,cal,oracle (hindsight),,7.73,6125,11.64,0.0,-10.26,11.98,57.52,-9.97
ALL,test,fixed,1.0,1.0,6125,0.0,0.0,-9.88,1.97,9.96,-2.34
ALL,test,fixed,1.5,1.5,6125,0.15,0.0,-10.33,3.13,15.62,-3.59
ALL,test,fixed,2.0,2.0,6125,0.28,0.0,-10.83,4.47,22.06,-4.89
ALL,test,fixed,2.5,2.5,6125,0.54,0.07,-13.92,5.85,28.51,-6.12
ALL,test,fixed,3.0,3.0,6125,1.31,0.11,-16.91,7.09,34.34,-7.17
ALL,test,fixed,3.5,3.5,6125,2.02,0.31,-19.17,8.18,39.42,-7.98
ALL,test,fixed,4.0,4.0,6125,2.96,0.47,-20.51,9.07,43.61,-8.6
ALL,test,fixed,4.5,4.5,6125,4.1,0.72,-20.84,9.81,47.11,-9.09
ALL,test,fixed,5.0,5.0,6125,5.65,0.95,-23.45,10.44,50.08,-9.41
ALL,test,fixed,5.5,5.5,6125,7.36,1.11,-38.15,10.94,52.49,-9.6
ALL,test,fixed,6.0,6.0,6125,8.72,1.47,-47.75,11.29,54.19,-9.75
ALL,test,fixed,6.5,6.5,6125,10.56,1.58,-45.08,11.52,55.4,-9.86
ALL,test,fixed,7.0,7.0,6125,12.1,1.83,-43.16,11.76,56.56,-9.93
ALL,test,fixed,7.5,7.5,6125,13.45,2.07,-42.2,11.87,57.23,-9.99
ALL,test,fixed,8.0,8.0,6125,15.44,2.24,-40.79,11.92,57.58,-10.0
ALL,test,trailing-worst-gap,0.1,2.03,6125,0.02,0.0,-10.04,3.46,17.35,-4.08
ALL,test,trailing-worst-gap,0.15,2.98,6125,0.02,0.0,-10.07,5.1,25.46,-5.82
ALL,test,trailing-worst-gap,0.2,3.87,6125,0.34,0.02,-11.76,6.66,33.05,-7.31
ALL,test,trailing-worst-gap,0.25,4.64,6125,0.52,0.16,-15.3,7.95,39.27,-8.31
ALL,test,trailing-worst-gap,0.3,5.27,6125,1.36,0.31,-18.3,8.98,44.12,-8.96
ALL,test,trailing-worst-gap,0.35,5.78,6125,2.74,0.59,-20.54,9.79,47.92,-9.35
ALL,test,trailing-worst-gap,0.4,6.17,6125,4.33,1.03,-22.29,10.39,50.65,-9.56
ALL,test,trailing-worst-gap,0.45,6.49,6125,5.62,1.11,-23.05,10.84,52.69,-9.71
ALL,test,trailing-worst-gap,0.5,6.75,6125,7.09,1.19,-23.1,11.18,54.2,-9.81
ALL,test,trailing-worst-gap,0.6,7.12,6125,9.57,1.45,-25.19,11.62,56.17,-9.91
ALL,test,trailing-worst-gap,0.7,7.37,6125,11.43,1.65,-48.4,11.87,57.27,-9.95
ALL,test,trailing-worst-gap,0.8,7.54,6125,12.72,1.73,-44.88,12.0,57.84,-9.98
ALL,test,trailing-worst-gap,0.9,7.66,6125,13.52,1.81,-41.88,12.06,58.08,-10.0
ALL,test,trailing-worst-gap,1.0,7.74,6125,14.06,1.88,-40.79,12.09,58.21,-10.0
ALL,test,trailing-worst-gap,1.1,7.8,6125,14.45,1.89,-40.79,12.04,58.04,-10.0
ALL,test,trailing-worst-gap,1.2,7.84,6125,14.6,1.93,-40.79,11.98,57.8,-10.0
ALL,test,trailing-worst-gap,1.3,7.88,6125,14.81,1.99,-40.79,11.97,57.77,-10.0
ALL,test,trailing-vol,0.03,2.29,6125,0.03,0.0,-10.02,3.69,18.56,-4.41
ALL,test,trailing-vol,0.04,3.01,6125,0.05,0.0,-10.08,4.91,24.54,-5.58
ALL,test,trailing-vol,0.05,3.7,6125,0.07,0.0,-10.19,6.19,30.69,-6.65
ALL,test,trailing-vol,0.06,4.32,6125,0.2,0.0,-10.26,7.42,36.48,-7.53
ALL,test,trailing-vol,0.07,4.87,6125,0.47,0.08,-12.74,8.47,41.41,-8.18
ALL,test,trailing-vol,0.08,5.35,6125,1.11,0.2,-14.74,9.35,45.51,-8.7
ALL,test,trailing-vol,0.09,5.76,6125,1.81,0.44,-16.57,10.08,48.89,-9.05
ALL,test,trailing-vol,0.1,6.1,6125,2.73,0.8,-18.4,10.65,51.51,-9.32
ALL,test,trailing-vol,0.11,6.4,6125,3.8,1.01,-21.17,11.07,53.44,-9.52
ALL,test,trailing-vol,0.12,6.64,6125,5.0,1.14,-20.68,11.37,54.84,-9.65
ALL,test,trailing-vol,0.13,6.85,6125,5.98,1.16,-20.0,11.59,55.84,-9.73
ALL,test,trailing-vol,0.14,7.02,6125,6.97,1.31,-20.54,11.76,56.64,-9.8
ALL,test,trailing-vol,0.15,7.16,6125,7.77,1.45,-22.06,11.89,57.2,-9.85
ALL,test,trailing-vol,0.16,7.28,6125,8.78,1.49,-23.55,11.98,57.59,-9.9
ALL,test,trailing-vol,0.17,7.38,6125,9.75,1.58,-23.67,12.03,57.86,-9.93
ALL,test,trailing-vol,0.18,7.47,6125,10.71,1.75,-23.67,12.07,58.02,-9.94
ALL,test,oracle (hindsight),,7.73,6125,11.64,0.0,-10.26,11.98,57.52,-9.97
