minTrade,basket,deposit,floor,result,first_buy_usdt,first_buy_pct_of_deposit
6,1 token,55,50,OK,55.0,100.0
6,1 token,55,51,OK,55.0,100.0
6,1 token,55,52,OK,55.0,100.0
6,1 token,55,53,OK,55.0,100.0
6,1 token,55,54,OK,55.0,100.0
6,1 token,55,55,OK,55.0,100.0
6,1 token,55,56,OK,55.0,100.0
6,1 token,55,57,OK,55.0,100.0
6,1 token,55,58,OK,55.0,100.0
6,1 token,55,59,OK,55.0,100.0
6,1 token,55,60,OK,55.0,100.0
6,1 token,55,61,OK,55.0,100.0
6,1 token,55,62,OK,55.0,100.0
6,1 token,55,63,OK,55.0,100.0
6,1 token,55,64,OK,55.0,100.0
6,1 token,55,65,OK,55.0,100.0
6,1 token,55,66,OK,55.0,100.0
6,1 token,55,67,OK,55.0,100.0
6,1 token,55,68,OK,55.0,100.0
6,1 token,55,69,OK,55.0,100.0
6,1 token,55,70,OK,55.0,100.0
6,1 token,55,71,OK,55.0,100.0
6,1 token,55,72,OK,55.0,100.0
6,1 token,55,73,OK,55.0,100.0
6,1 token,55,74,OK,55.0,100.0
6,1 token,55,75,OK,55.0,100.0
6,1 token,55,76,OK,52.8,96.0
6,1 token,55,77,OK,50.6,92.0
6,1 token,55,78,OK,48.4,88.0
6,1 token,55,79,OK,46.2,84.0
6,1 token,55,80,OK,44.0,80.0
6,1 token,55,81,OK,41.8,76.0
6,1 token,55,82,OK,39.6,72.0
6,1 token,55,83,OK,37.4,68.0
6,1 token,55,84,OK,35.2,64.0
6,1 token,55,85,OK,33.0,60.0
6,1 token,55,86,OK,30.8,56.0
6,1 token,55,87,OK,28.6,52.0
6,1 token,55,88,OK,26.4,48.0
6,1 token,55,89,OK,24.2,44.0
6,1 token,55,90,OK,22.0,40.0
6,1 token,55,91,OK,19.8,36.0
6,1 token,55,92,OK,17.6,32.0
6,1 token,55,93,OK,15.4,28.0
6,1 token,55,94,OK,13.2,24.0
6,1 token,55,95,OK,11.0,20.0
6,1 token,55,96,OK,8.8,16.0
6,1 token,55,97,OK,6.6,12.0
6,1 token,55,98,TOO_SMALL,4.4,8.0
6,1 token,125,50,OK,125.0,100.0
6,1 token,125,51,OK,125.0,100.0
6,1 token,125,52,OK,125.0,100.0
6,1 token,125,53,OK,125.0,100.0
6,1 token,125,54,OK,125.0,100.0
6,1 token,125,55,OK,125.0,100.0
6,1 token,125,56,OK,125.0,100.0
6,1 token,125,57,OK,125.0,100.0
6,1 token,125,58,OK,125.0,100.0
6,1 token,125,59,OK,125.0,100.0
6,1 token,125,60,OK,125.0,100.0
6,1 token,125,61,OK,125.0,100.0
6,1 token,125,62,OK,125.0,100.0
6,1 token,125,63,OK,125.0,100.0
6,1 token,125,64,OK,125.0,100.0
6,1 token,125,65,OK,125.0,100.0
6,1 token,125,66,OK,125.0,100.0
6,1 token,125,67,OK,125.0,100.0
6,1 token,125,68,OK,125.0,100.0
6,1 token,125,69,OK,125.0,100.0
6,1 token,125,70,OK,125.0,100.0
6,1 token,125,71,OK,125.0,100.0
6,1 token,125,72,OK,125.0,100.0
6,1 token,125,73,OK,125.0,100.0
6,1 token,125,74,OK,125.0,100.0
6,1 token,125,75,OK,125.0,100.0
6,1 token,125,76,OK,120.0,96.0
6,1 token,125,77,OK,115.0,92.0
6,1 token,125,78,OK,110.0,88.0
6,1 token,125,79,OK,105.0,84.0
6,1 token,125,80,OK,100.0,80.0
6,1 token,125,81,OK,95.0,76.0
6,1 token,125,82,OK,90.0,72.0
6,1 token,125,83,OK,85.0,68.0
6,1 token,125,84,OK,80.0,64.0
6,1 token,125,85,OK,75.0,60.0
6,1 token,125,86,OK,70.0,56.0
6,1 token,125,87,OK,65.0,52.0
6,1 token,125,88,OK,60.0,48.0
6,1 token,125,89,OK,55.0,44.0
6,1 token,125,90,OK,50.0,40.0
6,1 token,125,91,OK,45.0,36.0
6,1 token,125,92,OK,40.0,32.0
6,1 token,125,93,OK,35.0,28.0
6,1 token,125,94,OK,30.0,24.0
6,1 token,125,95,OK,25.0,20.0
6,1 token,125,96,OK,20.0,16.0
6,1 token,125,97,OK,15.0,12.0
6,1 token,125,98,OK,10.0,8.0
6,1 token,500,50,OK,500.0,100.0
6,1 token,500,51,OK,500.0,100.0
6,1 token,500,52,OK,500.0,100.0
6,1 token,500,53,OK,500.0,100.0
6,1 token,500,54,OK,500.0,100.0
6,1 token,500,55,OK,500.0,100.0
6,1 token,500,56,OK,500.0,100.0
6,1 token,500,57,OK,500.0,100.0
6,1 token,500,58,OK,500.0,100.0
6,1 token,500,59,OK,500.0,100.0
6,1 token,500,60,OK,500.0,100.0
6,1 token,500,61,OK,500.0,100.0
6,1 token,500,62,OK,500.0,100.0
6,1 token,500,63,OK,500.0,100.0
6,1 token,500,64,OK,500.0,100.0
6,1 token,500,65,OK,500.0,100.0
6,1 token,500,66,OK,500.0,100.0
6,1 token,500,67,OK,500.0,100.0
6,1 token,500,68,OK,500.0,100.0
6,1 token,500,69,OK,500.0,100.0
6,1 token,500,70,OK,500.0,100.0
6,1 token,500,71,OK,500.0,100.0
6,1 token,500,72,OK,500.0,100.0
6,1 token,500,73,OK,500.0,100.0
6,1 token,500,74,OK,500.0,100.0
6,1 token,500,75,OK,500.0,100.0
6,1 token,500,76,OK,480.0,96.0
6,1 token,500,77,OK,460.0,92.0
6,1 token,500,78,OK,440.0,88.0
6,1 token,500,79,OK,420.0,84.0
6,1 token,500,80,OK,400.0,80.0
6,1 token,500,81,OK,380.0,76.0
6,1 token,500,82,OK,360.0,72.0
6,1 token,500,83,OK,340.0,68.0
6,1 token,500,84,OK,320.0,64.0
6,1 token,500,85,OK,300.0,60.0
6,1 token,500,86,OK,280.0,56.0
6,1 token,500,87,OK,260.0,52.0
6,1 token,500,88,OK,240.0,48.0
6,1 token,500,89,OK,220.0,44.0
6,1 token,500,90,OK,200.0,40.0
6,1 token,500,91,OK,180.0,36.0
6,1 token,500,92,OK,160.0,32.0
6,1 token,500,93,OK,140.0,28.0
6,1 token,500,94,OK,120.0,24.0
6,1 token,500,95,OK,100.0,20.0
6,1 token,500,96,OK,80.0,16.0
6,1 token,500,97,OK,60.0,12.0
6,1 token,500,98,OK,40.0,8.0
6,1 token,1000,50,OK,1000.0,100.0
6,1 token,1000,51,OK,1000.0,100.0
6,1 token,1000,52,OK,1000.0,100.0
6,1 token,1000,53,OK,1000.0,100.0
6,1 token,1000,54,OK,1000.0,100.0
6,1 token,1000,55,OK,1000.0,100.0
6,1 token,1000,56,OK,1000.0,100.0
6,1 token,1000,57,OK,1000.0,100.0
6,1 token,1000,58,OK,1000.0,100.0
6,1 token,1000,59,OK,1000.0,100.0
6,1 token,1000,60,OK,1000.0,100.0
6,1 token,1000,61,OK,1000.0,100.0
6,1 token,1000,62,OK,1000.0,100.0
6,1 token,1000,63,OK,1000.0,100.0
6,1 token,1000,64,OK,1000.0,100.0
6,1 token,1000,65,OK,1000.0,100.0
6,1 token,1000,66,OK,1000.0,100.0
6,1 token,1000,67,OK,1000.0,100.0
6,1 token,1000,68,OK,1000.0,100.0
6,1 token,1000,69,OK,1000.0,100.0
6,1 token,1000,70,OK,1000.0,100.0
6,1 token,1000,71,OK,1000.0,100.0
6,1 token,1000,72,OK,1000.0,100.0
6,1 token,1000,73,OK,1000.0,100.0
6,1 token,1000,74,OK,1000.0,100.0
6,1 token,1000,75,OK,1000.0,100.0
6,1 token,1000,76,OK,960.0,96.0
6,1 token,1000,77,OK,920.0,92.0
6,1 token,1000,78,OK,880.0,88.0
6,1 token,1000,79,OK,840.0,84.0
6,1 token,1000,80,OK,800.0,80.0
6,1 token,1000,81,OK,760.0,76.0
6,1 token,1000,82,OK,720.0,72.0
6,1 token,1000,83,OK,680.0,68.0
6,1 token,1000,84,OK,640.0,64.0
6,1 token,1000,85,OK,600.0,60.0
6,1 token,1000,86,OK,560.0,56.0
6,1 token,1000,87,OK,520.0,52.0
6,1 token,1000,88,OK,480.0,48.0
6,1 token,1000,89,OK,440.0,44.0
6,1 token,1000,90,OK,400.0,40.0
6,1 token,1000,91,OK,360.0,36.0
6,1 token,1000,92,OK,320.0,32.0
6,1 token,1000,93,OK,280.0,28.0
6,1 token,1000,94,OK,240.0,24.0
6,1 token,1000,95,OK,200.0,20.0
6,1 token,1000,96,OK,160.0,16.0
6,1 token,1000,97,OK,120.0,12.0
6,1 token,1000,98,OK,80.0,8.0
6,1 token,5000,50,OK,5000.0,100.0
6,1 token,5000,51,OK,5000.0,100.0
6,1 token,5000,52,OK,5000.0,100.0
6,1 token,5000,53,OK,5000.0,100.0
6,1 token,5000,54,OK,5000.0,100.0
6,1 token,5000,55,OK,5000.0,100.0
6,1 token,5000,56,OK,5000.0,100.0
6,1 token,5000,57,OK,5000.0,100.0
6,1 token,5000,58,OK,5000.0,100.0
6,1 token,5000,59,OK,5000.0,100.0
6,1 token,5000,60,OK,5000.0,100.0
6,1 token,5000,61,OK,5000.0,100.0
6,1 token,5000,62,OK,5000.0,100.0
6,1 token,5000,63,OK,5000.0,100.0
6,1 token,5000,64,OK,5000.0,100.0
6,1 token,5000,65,OK,5000.0,100.0
6,1 token,5000,66,OK,5000.0,100.0
6,1 token,5000,67,OK,5000.0,100.0
6,1 token,5000,68,OK,5000.0,100.0
6,1 token,5000,69,OK,5000.0,100.0
6,1 token,5000,70,OK,5000.0,100.0
6,1 token,5000,71,OK,5000.0,100.0
6,1 token,5000,72,OK,5000.0,100.0
6,1 token,5000,73,OK,5000.0,100.0
6,1 token,5000,74,OK,5000.0,100.0
6,1 token,5000,75,OK,5000.0,100.0
6,1 token,5000,76,OK,4800.0,96.0
6,1 token,5000,77,OK,4600.0,92.0
6,1 token,5000,78,OK,4400.0,88.0
6,1 token,5000,79,OK,4200.0,84.0
6,1 token,5000,80,OK,4000.0,80.0
6,1 token,5000,81,OK,3800.0,76.0
6,1 token,5000,82,OK,3600.0,72.0
6,1 token,5000,83,OK,3400.0,68.0
6,1 token,5000,84,OK,3200.0,64.0
6,1 token,5000,85,OK,3000.0,60.0
6,1 token,5000,86,OK,2800.0,56.0
6,1 token,5000,87,OK,2600.0,52.0
6,1 token,5000,88,OK,2400.0,48.0
6,1 token,5000,89,OK,2200.0,44.0
6,1 token,5000,90,OK,2000.0,40.0
6,1 token,5000,91,OK,1800.0,36.0
6,1 token,5000,92,OK,1600.0,32.0
6,1 token,5000,93,OK,1400.0,28.0
6,1 token,5000,94,OK,1200.0,24.0
6,1 token,5000,95,OK,1000.0,20.0
6,1 token,5000,96,OK,800.0,16.0
6,1 token,5000,97,OK,600.0,12.0
6,1 token,5000,98,OK,400.0,8.0
6,2 tokens 50/50,55,50,OK,55.0,100.0
6,2 tokens 50/50,55,51,OK,55.0,100.0
6,2 tokens 50/50,55,52,OK,55.0,100.0
6,2 tokens 50/50,55,53,OK,55.0,100.0
6,2 tokens 50/50,55,54,OK,55.0,100.0
6,2 tokens 50/50,55,55,OK,55.0,100.0
6,2 tokens 50/50,55,56,OK,55.0,100.0
6,2 tokens 50/50,55,57,OK,55.0,100.0
6,2 tokens 50/50,55,58,OK,55.0,100.0
6,2 tokens 50/50,55,59,OK,55.0,100.0
6,2 tokens 50/50,55,60,OK,55.0,100.0
6,2 tokens 50/50,55,61,OK,55.0,100.0
6,2 tokens 50/50,55,62,OK,55.0,100.0
6,2 tokens 50/50,55,63,OK,55.0,100.0
6,2 tokens 50/50,55,64,OK,55.0,100.0
6,2 tokens 50/50,55,65,OK,55.0,100.0
6,2 tokens 50/50,55,66,OK,55.0,100.0
6,2 tokens 50/50,55,67,OK,55.0,100.0
6,2 tokens 50/50,55,68,OK,55.0,100.0
6,2 tokens 50/50,55,69,OK,55.0,100.0
6,2 tokens 50/50,55,70,OK,55.0,100.0
6,2 tokens 50/50,55,71,OK,55.0,100.0
6,2 tokens 50/50,55,72,OK,55.0,100.0
6,2 tokens 50/50,55,73,OK,55.0,100.0
6,2 tokens 50/50,55,74,OK,55.0,100.0
6,2 tokens 50/50,55,75,OK,55.0,100.0
6,2 tokens 50/50,55,76,OK,52.8,96.0
6,2 tokens 50/50,55,77,OK,50.6,92.0
6,2 tokens 50/50,55,78,OK,48.4,88.0
6,2 tokens 50/50,55,79,OK,46.2,84.0
6,2 tokens 50/50,55,80,OK,44.0,80.0
6,2 tokens 50/50,55,81,OK,41.8,76.0
6,2 tokens 50/50,55,82,OK,39.6,72.0
6,2 tokens 50/50,55,83,OK,37.4,68.0
6,2 tokens 50/50,55,84,OK,35.2,64.0
6,2 tokens 50/50,55,85,OK,33.0,60.0
6,2 tokens 50/50,55,86,OK,30.8,56.0
6,2 tokens 50/50,55,87,OK,28.6,52.0
6,2 tokens 50/50,55,88,OK,26.4,48.0
6,2 tokens 50/50,55,89,OK,24.2,44.0
6,2 tokens 50/50,55,90,OK,22.0,40.0
6,2 tokens 50/50,55,91,OK,19.8,36.0
6,2 tokens 50/50,55,92,OK,17.6,32.0
6,2 tokens 50/50,55,93,OK,15.4,28.0
6,2 tokens 50/50,55,94,OK,13.2,24.0
6,2 tokens 50/50,55,95,TOO_SMALL,11.0,20.0
6,2 tokens 50/50,55,96,TOO_SMALL,8.8,16.0
6,2 tokens 50/50,55,97,TOO_SMALL,6.6,12.0
6,2 tokens 50/50,55,98,TOO_SMALL,4.4,8.0
6,2 tokens 50/50,125,50,OK,125.0,100.0
6,2 tokens 50/50,125,51,OK,125.0,100.0
6,2 tokens 50/50,125,52,OK,125.0,100.0
6,2 tokens 50/50,125,53,OK,125.0,100.0
6,2 tokens 50/50,125,54,OK,125.0,100.0
6,2 tokens 50/50,125,55,OK,125.0,100.0
6,2 tokens 50/50,125,56,OK,125.0,100.0
6,2 tokens 50/50,125,57,OK,125.0,100.0
6,2 tokens 50/50,125,58,OK,125.0,100.0
6,2 tokens 50/50,125,59,OK,125.0,100.0
6,2 tokens 50/50,125,60,OK,125.0,100.0
6,2 tokens 50/50,125,61,OK,125.0,100.0
6,2 tokens 50/50,125,62,OK,125.0,100.0
6,2 tokens 50/50,125,63,OK,125.0,100.0
6,2 tokens 50/50,125,64,OK,125.0,100.0
6,2 tokens 50/50,125,65,OK,125.0,100.0
6,2 tokens 50/50,125,66,OK,125.0,100.0
6,2 tokens 50/50,125,67,OK,125.0,100.0
6,2 tokens 50/50,125,68,OK,125.0,100.0
6,2 tokens 50/50,125,69,OK,125.0,100.0
6,2 tokens 50/50,125,70,OK,125.0,100.0
6,2 tokens 50/50,125,71,OK,125.0,100.0
6,2 tokens 50/50,125,72,OK,125.0,100.0
6,2 tokens 50/50,125,73,OK,125.0,100.0
6,2 tokens 50/50,125,74,OK,125.0,100.0
6,2 tokens 50/50,125,75,OK,125.0,100.0
6,2 tokens 50/50,125,76,OK,120.0,96.0
6,2 tokens 50/50,125,77,OK,115.0,92.0
6,2 tokens 50/50,125,78,OK,110.0,88.0
6,2 tokens 50/50,125,79,OK,105.0,84.0
6,2 tokens 50/50,125,80,OK,100.0,80.0
6,2 tokens 50/50,125,81,OK,95.0,76.0
6,2 tokens 50/50,125,82,OK,90.0,72.0
6,2 tokens 50/50,125,83,OK,85.0,68.0
6,2 tokens 50/50,125,84,OK,80.0,64.0
6,2 tokens 50/50,125,85,OK,75.0,60.0
6,2 tokens 50/50,125,86,OK,70.0,56.0
6,2 tokens 50/50,125,87,OK,65.0,52.0
6,2 tokens 50/50,125,88,OK,60.0,48.0
6,2 tokens 50/50,125,89,OK,55.0,44.0
6,2 tokens 50/50,125,90,OK,50.0,40.0
6,2 tokens 50/50,125,91,OK,45.0,36.0
6,2 tokens 50/50,125,92,OK,40.0,32.0
6,2 tokens 50/50,125,93,OK,35.0,28.0
6,2 tokens 50/50,125,94,OK,30.0,24.0
6,2 tokens 50/50,125,95,OK,25.0,20.0
6,2 tokens 50/50,125,96,OK,20.0,16.0
6,2 tokens 50/50,125,97,OK,15.0,12.0
6,2 tokens 50/50,125,98,TOO_SMALL,10.0,8.0
6,2 tokens 50/50,500,50,OK,500.0,100.0
6,2 tokens 50/50,500,51,OK,500.0,100.0
6,2 tokens 50/50,500,52,OK,500.0,100.0
6,2 tokens 50/50,500,53,OK,500.0,100.0
6,2 tokens 50/50,500,54,OK,500.0,100.0
6,2 tokens 50/50,500,55,OK,500.0,100.0
6,2 tokens 50/50,500,56,OK,500.0,100.0
6,2 tokens 50/50,500,57,OK,500.0,100.0
6,2 tokens 50/50,500,58,OK,500.0,100.0
6,2 tokens 50/50,500,59,OK,500.0,100.0
6,2 tokens 50/50,500,60,OK,500.0,100.0
6,2 tokens 50/50,500,61,OK,500.0,100.0
6,2 tokens 50/50,500,62,OK,500.0,100.0
6,2 tokens 50/50,500,63,OK,500.0,100.0
6,2 tokens 50/50,500,64,OK,500.0,100.0
6,2 tokens 50/50,500,65,OK,500.0,100.0
6,2 tokens 50/50,500,66,OK,500.0,100.0
6,2 tokens 50/50,500,67,OK,500.0,100.0
6,2 tokens 50/50,500,68,OK,500.0,100.0
6,2 tokens 50/50,500,69,OK,500.0,100.0
6,2 tokens 50/50,500,70,OK,500.0,100.0
6,2 tokens 50/50,500,71,OK,500.0,100.0
6,2 tokens 50/50,500,72,OK,500.0,100.0
6,2 tokens 50/50,500,73,OK,500.0,100.0
6,2 tokens 50/50,500,74,OK,500.0,100.0
6,2 tokens 50/50,500,75,OK,500.0,100.0
6,2 tokens 50/50,500,76,OK,480.0,96.0
6,2 tokens 50/50,500,77,OK,460.0,92.0
6,2 tokens 50/50,500,78,OK,440.0,88.0
6,2 tokens 50/50,500,79,OK,420.0,84.0
6,2 tokens 50/50,500,80,OK,400.0,80.0
6,2 tokens 50/50,500,81,OK,380.0,76.0
6,2 tokens 50/50,500,82,OK,360.0,72.0
6,2 tokens 50/50,500,83,OK,340.0,68.0
6,2 tokens 50/50,500,84,OK,320.0,64.0
6,2 tokens 50/50,500,85,OK,300.0,60.0
6,2 tokens 50/50,500,86,OK,280.0,56.0
6,2 tokens 50/50,500,87,OK,260.0,52.0
6,2 tokens 50/50,500,88,OK,240.0,48.0
6,2 tokens 50/50,500,89,OK,220.0,44.0
6,2 tokens 50/50,500,90,OK,200.0,40.0
6,2 tokens 50/50,500,91,OK,180.0,36.0
6,2 tokens 50/50,500,92,OK,160.0,32.0
6,2 tokens 50/50,500,93,OK,140.0,28.0
6,2 tokens 50/50,500,94,OK,120.0,24.0
6,2 tokens 50/50,500,95,OK,100.0,20.0
6,2 tokens 50/50,500,96,OK,80.0,16.0
6,2 tokens 50/50,500,97,OK,60.0,12.0
6,2 tokens 50/50,500,98,OK,40.0,8.0
6,2 tokens 50/50,1000,50,OK,1000.0,100.0
6,2 tokens 50/50,1000,51,OK,1000.0,100.0
6,2 tokens 50/50,1000,52,OK,1000.0,100.0
6,2 tokens 50/50,1000,53,OK,1000.0,100.0
6,2 tokens 50/50,1000,54,OK,1000.0,100.0
6,2 tokens 50/50,1000,55,OK,1000.0,100.0
6,2 tokens 50/50,1000,56,OK,1000.0,100.0
6,2 tokens 50/50,1000,57,OK,1000.0,100.0
6,2 tokens 50/50,1000,58,OK,1000.0,100.0
6,2 tokens 50/50,1000,59,OK,1000.0,100.0
6,2 tokens 50/50,1000,60,OK,1000.0,100.0
6,2 tokens 50/50,1000,61,OK,1000.0,100.0
6,2 tokens 50/50,1000,62,OK,1000.0,100.0
6,2 tokens 50/50,1000,63,OK,1000.0,100.0
6,2 tokens 50/50,1000,64,OK,1000.0,100.0
6,2 tokens 50/50,1000,65,OK,1000.0,100.0
6,2 tokens 50/50,1000,66,OK,1000.0,100.0
6,2 tokens 50/50,1000,67,OK,1000.0,100.0
6,2 tokens 50/50,1000,68,OK,1000.0,100.0
6,2 tokens 50/50,1000,69,OK,1000.0,100.0
6,2 tokens 50/50,1000,70,OK,1000.0,100.0
6,2 tokens 50/50,1000,71,OK,1000.0,100.0
6,2 tokens 50/50,1000,72,OK,1000.0,100.0
6,2 tokens 50/50,1000,73,OK,1000.0,100.0
6,2 tokens 50/50,1000,74,OK,1000.0,100.0
6,2 tokens 50/50,1000,75,OK,1000.0,100.0
6,2 tokens 50/50,1000,76,OK,960.0,96.0
6,2 tokens 50/50,1000,77,OK,920.0,92.0
6,2 tokens 50/50,1000,78,OK,880.0,88.0
6,2 tokens 50/50,1000,79,OK,840.0,84.0
6,2 tokens 50/50,1000,80,OK,800.0,80.0
6,2 tokens 50/50,1000,81,OK,760.0,76.0
6,2 tokens 50/50,1000,82,OK,720.0,72.0
6,2 tokens 50/50,1000,83,OK,680.0,68.0
6,2 tokens 50/50,1000,84,OK,640.0,64.0
6,2 tokens 50/50,1000,85,OK,600.0,60.0
6,2 tokens 50/50,1000,86,OK,560.0,56.0
6,2 tokens 50/50,1000,87,OK,520.0,52.0
6,2 tokens 50/50,1000,88,OK,480.0,48.0
6,2 tokens 50/50,1000,89,OK,440.0,44.0
6,2 tokens 50/50,1000,90,OK,400.0,40.0
6,2 tokens 50/50,1000,91,OK,360.0,36.0
6,2 tokens 50/50,1000,92,OK,320.0,32.0
6,2 tokens 50/50,1000,93,OK,280.0,28.0
6,2 tokens 50/50,1000,94,OK,240.0,24.0
6,2 tokens 50/50,1000,95,OK,200.0,20.0
6,2 tokens 50/50,1000,96,OK,160.0,16.0
6,2 tokens 50/50,1000,97,OK,120.0,12.0
6,2 tokens 50/50,1000,98,OK,80.0,8.0
6,2 tokens 50/50,5000,50,OK,5000.0,100.0
6,2 tokens 50/50,5000,51,OK,5000.0,100.0
6,2 tokens 50/50,5000,52,OK,5000.0,100.0
6,2 tokens 50/50,5000,53,OK,5000.0,100.0
6,2 tokens 50/50,5000,54,OK,5000.0,100.0
6,2 tokens 50/50,5000,55,OK,5000.0,100.0
6,2 tokens 50/50,5000,56,OK,5000.0,100.0
6,2 tokens 50/50,5000,57,OK,5000.0,100.0
6,2 tokens 50/50,5000,58,OK,5000.0,100.0
6,2 tokens 50/50,5000,59,OK,5000.0,100.0
6,2 tokens 50/50,5000,60,OK,5000.0,100.0
6,2 tokens 50/50,5000,61,OK,5000.0,100.0
6,2 tokens 50/50,5000,62,OK,5000.0,100.0
6,2 tokens 50/50,5000,63,OK,5000.0,100.0
6,2 tokens 50/50,5000,64,OK,5000.0,100.0
6,2 tokens 50/50,5000,65,OK,5000.0,100.0
6,2 tokens 50/50,5000,66,OK,5000.0,100.0
6,2 tokens 50/50,5000,67,OK,5000.0,100.0
6,2 tokens 50/50,5000,68,OK,5000.0,100.0
6,2 tokens 50/50,5000,69,OK,5000.0,100.0
6,2 tokens 50/50,5000,70,OK,5000.0,100.0
6,2 tokens 50/50,5000,71,OK,5000.0,100.0
6,2 tokens 50/50,5000,72,OK,5000.0,100.0
6,2 tokens 50/50,5000,73,OK,5000.0,100.0
6,2 tokens 50/50,5000,74,OK,5000.0,100.0
6,2 tokens 50/50,5000,75,OK,5000.0,100.0
6,2 tokens 50/50,5000,76,OK,4800.0,96.0
6,2 tokens 50/50,5000,77,OK,4600.0,92.0
6,2 tokens 50/50,5000,78,OK,4400.0,88.0
6,2 tokens 50/50,5000,79,OK,4200.0,84.0
6,2 tokens 50/50,5000,80,OK,4000.0,80.0
6,2 tokens 50/50,5000,81,OK,3800.0,76.0
6,2 tokens 50/50,5000,82,OK,3600.0,72.0
6,2 tokens 50/50,5000,83,OK,3400.0,68.0
6,2 tokens 50/50,5000,84,OK,3200.0,64.0
6,2 tokens 50/50,5000,85,OK,3000.0,60.0
6,2 tokens 50/50,5000,86,OK,2800.0,56.0
6,2 tokens 50/50,5000,87,OK,2600.0,52.0
6,2 tokens 50/50,5000,88,OK,2400.0,48.0
6,2 tokens 50/50,5000,89,OK,2200.0,44.0
6,2 tokens 50/50,5000,90,OK,2000.0,40.0
6,2 tokens 50/50,5000,91,OK,1800.0,36.0
6,2 tokens 50/50,5000,92,OK,1600.0,32.0
6,2 tokens 50/50,5000,93,OK,1400.0,28.0
6,2 tokens 50/50,5000,94,OK,1200.0,24.0
6,2 tokens 50/50,5000,95,OK,1000.0,20.0
6,2 tokens 50/50,5000,96,OK,800.0,16.0
6,2 tokens 50/50,5000,97,OK,600.0,12.0
6,2 tokens 50/50,5000,98,OK,400.0,8.0
6,3 tokens 34/33/33,55,50,OK,55.0,100.0
6,3 tokens 34/33/33,55,51,OK,55.0,100.0
6,3 tokens 34/33/33,55,52,OK,55.0,100.0
6,3 tokens 34/33/33,55,53,OK,55.0,100.0
6,3 tokens 34/33/33,55,54,OK,55.0,100.0
6,3 tokens 34/33/33,55,55,OK,55.0,100.0
6,3 tokens 34/33/33,55,56,OK,55.0,100.0
6,3 tokens 34/33/33,55,57,OK,55.0,100.0
6,3 tokens 34/33/33,55,58,OK,55.0,100.0
6,3 tokens 34/33/33,55,59,OK,55.0,100.0
6,3 tokens 34/33/33,55,60,OK,55.0,100.0
6,3 tokens 34/33/33,55,61,OK,55.0,100.0
6,3 tokens 34/33/33,55,62,OK,55.0,100.0
6,3 tokens 34/33/33,55,63,OK,55.0,100.0
6,3 tokens 34/33/33,55,64,OK,55.0,100.0
6,3 tokens 34/33/33,55,65,OK,55.0,100.0
6,3 tokens 34/33/33,55,66,OK,55.0,100.0
6,3 tokens 34/33/33,55,67,OK,55.0,100.0
6,3 tokens 34/33/33,55,68,OK,55.0,100.0
6,3 tokens 34/33/33,55,69,OK,55.0,100.0
6,3 tokens 34/33/33,55,70,OK,55.0,100.0
6,3 tokens 34/33/33,55,71,OK,55.0,100.0
6,3 tokens 34/33/33,55,72,OK,55.0,100.0
6,3 tokens 34/33/33,55,73,OK,55.0,100.0
6,3 tokens 34/33/33,55,74,OK,55.0,100.0
6,3 tokens 34/33/33,55,75,OK,55.0,100.0
6,3 tokens 34/33/33,55,76,OK,52.8,96.0
6,3 tokens 34/33/33,55,77,OK,50.6,92.0
6,3 tokens 34/33/33,55,78,OK,48.4,88.0
6,3 tokens 34/33/33,55,79,OK,46.2,84.0
6,3 tokens 34/33/33,55,80,OK,44.0,80.0
6,3 tokens 34/33/33,55,81,OK,41.8,76.0
6,3 tokens 34/33/33,55,82,OK,39.6,72.0
6,3 tokens 34/33/33,55,83,OK,37.4,68.0
6,3 tokens 34/33/33,55,84,OK,35.2,64.0
6,3 tokens 34/33/33,55,85,OK,33.0,60.0
6,3 tokens 34/33/33,55,86,OK,30.8,56.0
6,3 tokens 34/33/33,55,87,OK,28.6,52.0
6,3 tokens 34/33/33,55,88,OK,26.4,48.0
6,3 tokens 34/33/33,55,89,OK,24.2,44.0
6,3 tokens 34/33/33,55,90,OK,22.0,40.0
6,3 tokens 34/33/33,55,91,OK,19.8,36.0
6,3 tokens 34/33/33,55,92,TOO_SMALL,17.6,32.0
6,3 tokens 34/33/33,55,93,TOO_SMALL,15.4,28.0
6,3 tokens 34/33/33,55,94,TOO_SMALL,13.2,24.0
6,3 tokens 34/33/33,55,95,TOO_SMALL,11.0,20.0
6,3 tokens 34/33/33,55,96,TOO_SMALL,8.8,16.0
6,3 tokens 34/33/33,55,97,TOO_SMALL,6.6,12.0
6,3 tokens 34/33/33,55,98,TOO_SMALL,4.4,8.0
6,3 tokens 34/33/33,125,50,OK,125.0,100.0
6,3 tokens 34/33/33,125,51,OK,125.0,100.0
6,3 tokens 34/33/33,125,52,OK,125.0,100.0
6,3 tokens 34/33/33,125,53,OK,125.0,100.0
6,3 tokens 34/33/33,125,54,OK,125.0,100.0
6,3 tokens 34/33/33,125,55,OK,125.0,100.0
6,3 tokens 34/33/33,125,56,OK,125.0,100.0
6,3 tokens 34/33/33,125,57,OK,125.0,100.0
6,3 tokens 34/33/33,125,58,OK,125.0,100.0
6,3 tokens 34/33/33,125,59,OK,125.0,100.0
6,3 tokens 34/33/33,125,60,OK,125.0,100.0
6,3 tokens 34/33/33,125,61,OK,125.0,100.0
6,3 tokens 34/33/33,125,62,OK,125.0,100.0
6,3 tokens 34/33/33,125,63,OK,125.0,100.0
6,3 tokens 34/33/33,125,64,OK,125.0,100.0
6,3 tokens 34/33/33,125,65,OK,125.0,100.0
6,3 tokens 34/33/33,125,66,OK,125.0,100.0
6,3 tokens 34/33/33,125,67,OK,125.0,100.0
6,3 tokens 34/33/33,125,68,OK,125.0,100.0
6,3 tokens 34/33/33,125,69,OK,125.0,100.0
6,3 tokens 34/33/33,125,70,OK,125.0,100.0
6,3 tokens 34/33/33,125,71,OK,125.0,100.0
6,3 tokens 34/33/33,125,72,OK,125.0,100.0
6,3 tokens 34/33/33,125,73,OK,125.0,100.0
6,3 tokens 34/33/33,125,74,OK,125.0,100.0
6,3 tokens 34/33/33,125,75,OK,125.0,100.0
6,3 tokens 34/33/33,125,76,OK,120.0,96.0
6,3 tokens 34/33/33,125,77,OK,115.0,92.0
6,3 tokens 34/33/33,125,78,OK,110.0,88.0
6,3 tokens 34/33/33,125,79,OK,105.0,84.0
6,3 tokens 34/33/33,125,80,OK,100.0,80.0
6,3 tokens 34/33/33,125,81,OK,95.0,76.0
6,3 tokens 34/33/33,125,82,OK,90.0,72.0
6,3 tokens 34/33/33,125,83,OK,85.0,68.0
6,3 tokens 34/33/33,125,84,OK,80.0,64.0
6,3 tokens 34/33/33,125,85,OK,75.0,60.0
6,3 tokens 34/33/33,125,86,OK,70.0,56.0
6,3 tokens 34/33/33,125,87,OK,65.0,52.0
6,3 tokens 34/33/33,125,88,OK,60.0,48.0
6,3 tokens 34/33/33,125,89,OK,55.0,44.0
6,3 tokens 34/33/33,125,90,OK,50.0,40.0
6,3 tokens 34/33/33,125,91,OK,45.0,36.0
6,3 tokens 34/33/33,125,92,OK,40.0,32.0
6,3 tokens 34/33/33,125,93,OK,35.0,28.0
6,3 tokens 34/33/33,125,94,OK,30.0,24.0
6,3 tokens 34/33/33,125,95,OK,25.0,20.0
6,3 tokens 34/33/33,125,96,OK,20.0,16.0
6,3 tokens 34/33/33,125,97,TOO_SMALL,15.0,12.0
6,3 tokens 34/33/33,125,98,TOO_SMALL,10.0,8.0
6,3 tokens 34/33/33,500,50,OK,500.0,100.0
6,3 tokens 34/33/33,500,51,OK,500.0,100.0
6,3 tokens 34/33/33,500,52,OK,500.0,100.0
6,3 tokens 34/33/33,500,53,OK,500.0,100.0
6,3 tokens 34/33/33,500,54,OK,500.0,100.0
6,3 tokens 34/33/33,500,55,OK,500.0,100.0
6,3 tokens 34/33/33,500,56,OK,500.0,100.0
6,3 tokens 34/33/33,500,57,OK,500.0,100.0
6,3 tokens 34/33/33,500,58,OK,500.0,100.0
6,3 tokens 34/33/33,500,59,OK,500.0,100.0
6,3 tokens 34/33/33,500,60,OK,500.0,100.0
6,3 tokens 34/33/33,500,61,OK,500.0,100.0
6,3 tokens 34/33/33,500,62,OK,500.0,100.0
6,3 tokens 34/33/33,500,63,OK,500.0,100.0
6,3 tokens 34/33/33,500,64,OK,500.0,100.0
6,3 tokens 34/33/33,500,65,OK,500.0,100.0
6,3 tokens 34/33/33,500,66,OK,500.0,100.0
6,3 tokens 34/33/33,500,67,OK,500.0,100.0
6,3 tokens 34/33/33,500,68,OK,500.0,100.0
6,3 tokens 34/33/33,500,69,OK,500.0,100.0
6,3 tokens 34/33/33,500,70,OK,500.0,100.0
6,3 tokens 34/33/33,500,71,OK,500.0,100.0
6,3 tokens 34/33/33,500,72,OK,500.0,100.0
6,3 tokens 34/33/33,500,73,OK,500.0,100.0
6,3 tokens 34/33/33,500,74,OK,500.0,100.0
6,3 tokens 34/33/33,500,75,OK,500.0,100.0
6,3 tokens 34/33/33,500,76,OK,480.0,96.0
6,3 tokens 34/33/33,500,77,OK,460.0,92.0
6,3 tokens 34/33/33,500,78,OK,440.0,88.0
6,3 tokens 34/33/33,500,79,OK,420.0,84.0
6,3 tokens 34/33/33,500,80,OK,400.0,80.0
6,3 tokens 34/33/33,500,81,OK,380.0,76.0
6,3 tokens 34/33/33,500,82,OK,360.0,72.0
6,3 tokens 34/33/33,500,83,OK,340.0,68.0
6,3 tokens 34/33/33,500,84,OK,320.0,64.0
6,3 tokens 34/33/33,500,85,OK,300.0,60.0
6,3 tokens 34/33/33,500,86,OK,280.0,56.0
6,3 tokens 34/33/33,500,87,OK,260.0,52.0
6,3 tokens 34/33/33,500,88,OK,240.0,48.0
6,3 tokens 34/33/33,500,89,OK,220.0,44.0
6,3 tokens 34/33/33,500,90,OK,200.0,40.0
6,3 tokens 34/33/33,500,91,OK,180.0,36.0
6,3 tokens 34/33/33,500,92,OK,160.0,32.0
6,3 tokens 34/33/33,500,93,OK,140.0,28.0
6,3 tokens 34/33/33,500,94,OK,120.0,24.0
6,3 tokens 34/33/33,500,95,OK,100.0,20.0
6,3 tokens 34/33/33,500,96,OK,80.0,16.0
6,3 tokens 34/33/33,500,97,OK,60.0,12.0
6,3 tokens 34/33/33,500,98,OK,40.0,8.0
6,3 tokens 34/33/33,1000,50,OK,1000.0,100.0
6,3 tokens 34/33/33,1000,51,OK,1000.0,100.0
6,3 tokens 34/33/33,1000,52,OK,1000.0,100.0
6,3 tokens 34/33/33,1000,53,OK,1000.0,100.0
6,3 tokens 34/33/33,1000,54,OK,1000.0,100.0
6,3 tokens 34/33/33,1000,55,OK,1000.0,100.0
6,3 tokens 34/33/33,1000,56,OK,1000.0,100.0
6,3 tokens 34/33/33,1000,57,OK,1000.0,100.0
6,3 tokens 34/33/33,1000,58,OK,1000.0,100.0
6,3 tokens 34/33/33,1000,59,OK,1000.0,100.0
6,3 tokens 34/33/33,1000,60,OK,1000.0,100.0
6,3 tokens 34/33/33,1000,61,OK,1000.0,100.0
6,3 tokens 34/33/33,1000,62,OK,1000.0,100.0
6,3 tokens 34/33/33,1000,63,OK,1000.0,100.0
6,3 tokens 34/33/33,1000,64,OK,1000.0,100.0
6,3 tokens 34/33/33,1000,65,OK,1000.0,100.0
6,3 tokens 34/33/33,1000,66,OK,1000.0,100.0
6,3 tokens 34/33/33,1000,67,OK,1000.0,100.0
6,3 tokens 34/33/33,1000,68,OK,1000.0,100.0
6,3 tokens 34/33/33,1000,69,OK,1000.0,100.0
6,3 tokens 34/33/33,1000,70,OK,1000.0,100.0
6,3 tokens 34/33/33,1000,71,OK,1000.0,100.0
6,3 tokens 34/33/33,1000,72,OK,1000.0,100.0
6,3 tokens 34/33/33,1000,73,OK,1000.0,100.0
6,3 tokens 34/33/33,1000,74,OK,1000.0,100.0
6,3 tokens 34/33/33,1000,75,OK,1000.0,100.0
6,3 tokens 34/33/33,1000,76,OK,960.0,96.0
6,3 tokens 34/33/33,1000,77,OK,920.0,92.0
6,3 tokens 34/33/33,1000,78,OK,880.0,88.0
6,3 tokens 34/33/33,1000,79,OK,840.0,84.0
6,3 tokens 34/33/33,1000,80,OK,800.0,80.0
6,3 tokens 34/33/33,1000,81,OK,760.0,76.0
6,3 tokens 34/33/33,1000,82,OK,720.0,72.0
6,3 tokens 34/33/33,1000,83,OK,680.0,68.0
6,3 tokens 34/33/33,1000,84,OK,640.0,64.0
6,3 tokens 34/33/33,1000,85,OK,600.0,60.0
6,3 tokens 34/33/33,1000,86,OK,560.0,56.0
6,3 tokens 34/33/33,1000,87,OK,520.0,52.0
6,3 tokens 34/33/33,1000,88,OK,480.0,48.0
6,3 tokens 34/33/33,1000,89,OK,440.0,44.0
6,3 tokens 34/33/33,1000,90,OK,400.0,40.0
6,3 tokens 34/33/33,1000,91,OK,360.0,36.0
6,3 tokens 34/33/33,1000,92,OK,320.0,32.0
6,3 tokens 34/33/33,1000,93,OK,280.0,28.0
6,3 tokens 34/33/33,1000,94,OK,240.0,24.0
6,3 tokens 34/33/33,1000,95,OK,200.0,20.0
6,3 tokens 34/33/33,1000,96,OK,160.0,16.0
6,3 tokens 34/33/33,1000,97,OK,120.0,12.0
6,3 tokens 34/33/33,1000,98,OK,80.0,8.0
6,3 tokens 34/33/33,5000,50,OK,5000.0,100.0
6,3 tokens 34/33/33,5000,51,OK,5000.0,100.0
6,3 tokens 34/33/33,5000,52,OK,5000.0,100.0
6,3 tokens 34/33/33,5000,53,OK,5000.0,100.0
6,3 tokens 34/33/33,5000,54,OK,5000.0,100.0
6,3 tokens 34/33/33,5000,55,OK,5000.0,100.0
6,3 tokens 34/33/33,5000,56,OK,5000.0,100.0
6,3 tokens 34/33/33,5000,57,OK,5000.0,100.0
6,3 tokens 34/33/33,5000,58,OK,5000.0,100.0
6,3 tokens 34/33/33,5000,59,OK,5000.0,100.0
6,3 tokens 34/33/33,5000,60,OK,5000.0,100.0
6,3 tokens 34/33/33,5000,61,OK,5000.0,100.0
6,3 tokens 34/33/33,5000,62,OK,5000.0,100.0
6,3 tokens 34/33/33,5000,63,OK,5000.0,100.0
6,3 tokens 34/33/33,5000,64,OK,5000.0,100.0
6,3 tokens 34/33/33,5000,65,OK,5000.0,100.0
6,3 tokens 34/33/33,5000,66,OK,5000.0,100.0
6,3 tokens 34/33/33,5000,67,OK,5000.0,100.0
6,3 tokens 34/33/33,5000,68,OK,5000.0,100.0
6,3 tokens 34/33/33,5000,69,OK,5000.0,100.0
6,3 tokens 34/33/33,5000,70,OK,5000.0,100.0
6,3 tokens 34/33/33,5000,71,OK,5000.0,100.0
6,3 tokens 34/33/33,5000,72,OK,5000.0,100.0
6,3 tokens 34/33/33,5000,73,OK,5000.0,100.0
6,3 tokens 34/33/33,5000,74,OK,5000.0,100.0
6,3 tokens 34/33/33,5000,75,OK,5000.0,100.0
6,3 tokens 34/33/33,5000,76,OK,4800.0,96.0
6,3 tokens 34/33/33,5000,77,OK,4600.0,92.0
6,3 tokens 34/33/33,5000,78,OK,4400.0,88.0
6,3 tokens 34/33/33,5000,79,OK,4200.0,84.0
6,3 tokens 34/33/33,5000,80,OK,4000.0,80.0
6,3 tokens 34/33/33,5000,81,OK,3800.0,76.0
6,3 tokens 34/33/33,5000,82,OK,3600.0,72.0
6,3 tokens 34/33/33,5000,83,OK,3400.0,68.0
6,3 tokens 34/33/33,5000,84,OK,3200.0,64.0
6,3 tokens 34/33/33,5000,85,OK,3000.0,60.0
6,3 tokens 34/33/33,5000,86,OK,2800.0,56.0
6,3 tokens 34/33/33,5000,87,OK,2600.0,52.0
6,3 tokens 34/33/33,5000,88,OK,2400.0,48.0
6,3 tokens 34/33/33,5000,89,OK,2200.0,44.0
6,3 tokens 34/33/33,5000,90,OK,2000.0,40.0
6,3 tokens 34/33/33,5000,91,OK,1800.0,36.0
6,3 tokens 34/33/33,5000,92,OK,1600.0,32.0
6,3 tokens 34/33/33,5000,93,OK,1400.0,28.0
6,3 tokens 34/33/33,5000,94,OK,1200.0,24.0
6,3 tokens 34/33/33,5000,95,OK,1000.0,20.0
6,3 tokens 34/33/33,5000,96,OK,800.0,16.0
6,3 tokens 34/33/33,5000,97,OK,600.0,12.0
6,3 tokens 34/33/33,5000,98,OK,400.0,8.0
20,1 token,55,50,OK,55.0,100.0
20,1 token,55,51,OK,55.0,100.0
20,1 token,55,52,OK,55.0,100.0
20,1 token,55,53,OK,55.0,100.0
20,1 token,55,54,OK,55.0,100.0
20,1 token,55,55,OK,55.0,100.0
20,1 token,55,56,OK,55.0,100.0
20,1 token,55,57,OK,55.0,100.0
20,1 token,55,58,OK,55.0,100.0
20,1 token,55,59,OK,55.0,100.0
20,1 token,55,60,OK,55.0,100.0
20,1 token,55,61,OK,55.0,100.0
20,1 token,55,62,OK,55.0,100.0
20,1 token,55,63,OK,55.0,100.0
20,1 token,55,64,OK,55.0,100.0
20,1 token,55,65,OK,55.0,100.0
20,1 token,55,66,OK,55.0,100.0
20,1 token,55,67,OK,55.0,100.0
20,1 token,55,68,OK,55.0,100.0
20,1 token,55,69,OK,55.0,100.0
20,1 token,55,70,OK,55.0,100.0
20,1 token,55,71,OK,55.0,100.0
20,1 token,55,72,OK,55.0,100.0
20,1 token,55,73,OK,55.0,100.0
20,1 token,55,74,OK,55.0,100.0
20,1 token,55,75,OK,55.0,100.0
20,1 token,55,76,OK,52.8,96.0
20,1 token,55,77,OK,50.6,92.0
20,1 token,55,78,OK,48.4,88.0
20,1 token,55,79,OK,46.2,84.0
20,1 token,55,80,OK,44.0,80.0
20,1 token,55,81,OK,41.8,76.0
20,1 token,55,82,OK,39.6,72.0
20,1 token,55,83,OK,37.4,68.0
20,1 token,55,84,OK,35.2,64.0
20,1 token,55,85,OK,33.0,60.0
20,1 token,55,86,OK,30.8,56.0
20,1 token,55,87,OK,28.6,52.0
20,1 token,55,88,OK,26.4,48.0
20,1 token,55,89,OK,24.2,44.0
20,1 token,55,90,OK,22.0,40.0
20,1 token,55,91,TOO_SMALL,19.8,36.0
20,1 token,55,92,TOO_SMALL,17.6,32.0
20,1 token,55,93,TOO_SMALL,15.4,28.0
20,1 token,55,94,TOO_SMALL,13.2,24.0
20,1 token,55,95,TOO_SMALL,11.0,20.0
20,1 token,55,96,TOO_SMALL,8.8,16.0
20,1 token,55,97,TOO_SMALL,6.6,12.0
20,1 token,55,98,TOO_SMALL,4.4,8.0
20,1 token,125,50,OK,125.0,100.0
20,1 token,125,51,OK,125.0,100.0
20,1 token,125,52,OK,125.0,100.0
20,1 token,125,53,OK,125.0,100.0
20,1 token,125,54,OK,125.0,100.0
20,1 token,125,55,OK,125.0,100.0
20,1 token,125,56,OK,125.0,100.0
20,1 token,125,57,OK,125.0,100.0
20,1 token,125,58,OK,125.0,100.0
20,1 token,125,59,OK,125.0,100.0
20,1 token,125,60,OK,125.0,100.0
20,1 token,125,61,OK,125.0,100.0
20,1 token,125,62,OK,125.0,100.0
20,1 token,125,63,OK,125.0,100.0
20,1 token,125,64,OK,125.0,100.0
20,1 token,125,65,OK,125.0,100.0
20,1 token,125,66,OK,125.0,100.0
20,1 token,125,67,OK,125.0,100.0
20,1 token,125,68,OK,125.0,100.0
20,1 token,125,69,OK,125.0,100.0
20,1 token,125,70,OK,125.0,100.0
20,1 token,125,71,OK,125.0,100.0
20,1 token,125,72,OK,125.0,100.0
20,1 token,125,73,OK,125.0,100.0
20,1 token,125,74,OK,125.0,100.0
20,1 token,125,75,OK,125.0,100.0
20,1 token,125,76,OK,120.0,96.0
20,1 token,125,77,OK,115.0,92.0
20,1 token,125,78,OK,110.0,88.0
20,1 token,125,79,OK,105.0,84.0
20,1 token,125,80,OK,100.0,80.0
20,1 token,125,81,OK,95.0,76.0
20,1 token,125,82,OK,90.0,72.0
20,1 token,125,83,OK,85.0,68.0
20,1 token,125,84,OK,80.0,64.0
20,1 token,125,85,OK,75.0,60.0
20,1 token,125,86,OK,70.0,56.0
20,1 token,125,87,OK,65.0,52.0
20,1 token,125,88,OK,60.0,48.0
20,1 token,125,89,OK,55.0,44.0
20,1 token,125,90,OK,50.0,40.0
20,1 token,125,91,OK,45.0,36.0
20,1 token,125,92,OK,40.0,32.0
20,1 token,125,93,OK,35.0,28.0
20,1 token,125,94,OK,30.0,24.0
20,1 token,125,95,OK,25.0,20.0
20,1 token,125,96,OK,20.0,16.0
20,1 token,125,97,TOO_SMALL,15.0,12.0
20,1 token,125,98,TOO_SMALL,10.0,8.0
20,1 token,500,50,OK,500.0,100.0
20,1 token,500,51,OK,500.0,100.0
20,1 token,500,52,OK,500.0,100.0
20,1 token,500,53,OK,500.0,100.0
20,1 token,500,54,OK,500.0,100.0
20,1 token,500,55,OK,500.0,100.0
20,1 token,500,56,OK,500.0,100.0
20,1 token,500,57,OK,500.0,100.0
20,1 token,500,58,OK,500.0,100.0
20,1 token,500,59,OK,500.0,100.0
20,1 token,500,60,OK,500.0,100.0
20,1 token,500,61,OK,500.0,100.0
20,1 token,500,62,OK,500.0,100.0
20,1 token,500,63,OK,500.0,100.0
20,1 token,500,64,OK,500.0,100.0
20,1 token,500,65,OK,500.0,100.0
20,1 token,500,66,OK,500.0,100.0
20,1 token,500,67,OK,500.0,100.0
20,1 token,500,68,OK,500.0,100.0
20,1 token,500,69,OK,500.0,100.0
20,1 token,500,70,OK,500.0,100.0
20,1 token,500,71,OK,500.0,100.0
20,1 token,500,72,OK,500.0,100.0
20,1 token,500,73,OK,500.0,100.0
20,1 token,500,74,OK,500.0,100.0
20,1 token,500,75,OK,500.0,100.0
20,1 token,500,76,OK,480.0,96.0
20,1 token,500,77,OK,460.0,92.0
20,1 token,500,78,OK,440.0,88.0
20,1 token,500,79,OK,420.0,84.0
20,1 token,500,80,OK,400.0,80.0
20,1 token,500,81,OK,380.0,76.0
20,1 token,500,82,OK,360.0,72.0
20,1 token,500,83,OK,340.0,68.0
20,1 token,500,84,OK,320.0,64.0
20,1 token,500,85,OK,300.0,60.0
20,1 token,500,86,OK,280.0,56.0
20,1 token,500,87,OK,260.0,52.0
20,1 token,500,88,OK,240.0,48.0
20,1 token,500,89,OK,220.0,44.0
20,1 token,500,90,OK,200.0,40.0
20,1 token,500,91,OK,180.0,36.0
20,1 token,500,92,OK,160.0,32.0
20,1 token,500,93,OK,140.0,28.0
20,1 token,500,94,OK,120.0,24.0
20,1 token,500,95,OK,100.0,20.0
20,1 token,500,96,OK,80.0,16.0
20,1 token,500,97,OK,60.0,12.0
20,1 token,500,98,OK,40.0,8.0
20,1 token,1000,50,OK,1000.0,100.0
20,1 token,1000,51,OK,1000.0,100.0
20,1 token,1000,52,OK,1000.0,100.0
20,1 token,1000,53,OK,1000.0,100.0
20,1 token,1000,54,OK,1000.0,100.0
20,1 token,1000,55,OK,1000.0,100.0
20,1 token,1000,56,OK,1000.0,100.0
20,1 token,1000,57,OK,1000.0,100.0
20,1 token,1000,58,OK,1000.0,100.0
20,1 token,1000,59,OK,1000.0,100.0
20,1 token,1000,60,OK,1000.0,100.0
20,1 token,1000,61,OK,1000.0,100.0
20,1 token,1000,62,OK,1000.0,100.0
20,1 token,1000,63,OK,1000.0,100.0
20,1 token,1000,64,OK,1000.0,100.0
20,1 token,1000,65,OK,1000.0,100.0
20,1 token,1000,66,OK,1000.0,100.0
20,1 token,1000,67,OK,1000.0,100.0
20,1 token,1000,68,OK,1000.0,100.0
20,1 token,1000,69,OK,1000.0,100.0
20,1 token,1000,70,OK,1000.0,100.0
20,1 token,1000,71,OK,1000.0,100.0
20,1 token,1000,72,OK,1000.0,100.0
20,1 token,1000,73,OK,1000.0,100.0
20,1 token,1000,74,OK,1000.0,100.0
20,1 token,1000,75,OK,1000.0,100.0
20,1 token,1000,76,OK,960.0,96.0
20,1 token,1000,77,OK,920.0,92.0
20,1 token,1000,78,OK,880.0,88.0
20,1 token,1000,79,OK,840.0,84.0
20,1 token,1000,80,OK,800.0,80.0
20,1 token,1000,81,OK,760.0,76.0
20,1 token,1000,82,OK,720.0,72.0
20,1 token,1000,83,OK,680.0,68.0
20,1 token,1000,84,OK,640.0,64.0
20,1 token,1000,85,OK,600.0,60.0
20,1 token,1000,86,OK,560.0,56.0
20,1 token,1000,87,OK,520.0,52.0
20,1 token,1000,88,OK,480.0,48.0
20,1 token,1000,89,OK,440.0,44.0
20,1 token,1000,90,OK,400.0,40.0
20,1 token,1000,91,OK,360.0,36.0
20,1 token,1000,92,OK,320.0,32.0
20,1 token,1000,93,OK,280.0,28.0
20,1 token,1000,94,OK,240.0,24.0
20,1 token,1000,95,OK,200.0,20.0
20,1 token,1000,96,OK,160.0,16.0
20,1 token,1000,97,OK,120.0,12.0
20,1 token,1000,98,OK,80.0,8.0
20,1 token,5000,50,OK,5000.0,100.0
20,1 token,5000,51,OK,5000.0,100.0
20,1 token,5000,52,OK,5000.0,100.0
20,1 token,5000,53,OK,5000.0,100.0
20,1 token,5000,54,OK,5000.0,100.0
20,1 token,5000,55,OK,5000.0,100.0
20,1 token,5000,56,OK,5000.0,100.0
20,1 token,5000,57,OK,5000.0,100.0
20,1 token,5000,58,OK,5000.0,100.0
20,1 token,5000,59,OK,5000.0,100.0
20,1 token,5000,60,OK,5000.0,100.0
20,1 token,5000,61,OK,5000.0,100.0
20,1 token,5000,62,OK,5000.0,100.0
20,1 token,5000,63,OK,5000.0,100.0
20,1 token,5000,64,OK,5000.0,100.0
20,1 token,5000,65,OK,5000.0,100.0
20,1 token,5000,66,OK,5000.0,100.0
20,1 token,5000,67,OK,5000.0,100.0
20,1 token,5000,68,OK,5000.0,100.0
20,1 token,5000,69,OK,5000.0,100.0
20,1 token,5000,70,OK,5000.0,100.0
20,1 token,5000,71,OK,5000.0,100.0
20,1 token,5000,72,OK,5000.0,100.0
20,1 token,5000,73,OK,5000.0,100.0
20,1 token,5000,74,OK,5000.0,100.0
20,1 token,5000,75,OK,5000.0,100.0
20,1 token,5000,76,OK,4800.0,96.0
20,1 token,5000,77,OK,4600.0,92.0
20,1 token,5000,78,OK,4400.0,88.0
20,1 token,5000,79,OK,4200.0,84.0
20,1 token,5000,80,OK,4000.0,80.0
20,1 token,5000,81,OK,3800.0,76.0
20,1 token,5000,82,OK,3600.0,72.0
20,1 token,5000,83,OK,3400.0,68.0
20,1 token,5000,84,OK,3200.0,64.0
20,1 token,5000,85,OK,3000.0,60.0
20,1 token,5000,86,OK,2800.0,56.0
20,1 token,5000,87,OK,2600.0,52.0
20,1 token,5000,88,OK,2400.0,48.0
20,1 token,5000,89,OK,2200.0,44.0
20,1 token,5000,90,OK,2000.0,40.0
20,1 token,5000,91,OK,1800.0,36.0
20,1 token,5000,92,OK,1600.0,32.0
20,1 token,5000,93,OK,1400.0,28.0
20,1 token,5000,94,OK,1200.0,24.0
20,1 token,5000,95,OK,1000.0,20.0
20,1 token,5000,96,OK,800.0,16.0
20,1 token,5000,97,OK,600.0,12.0
20,1 token,5000,98,OK,400.0,8.0
20,2 tokens 50/50,55,50,OK,55.0,100.0
20,2 tokens 50/50,55,51,OK,55.0,100.0
20,2 tokens 50/50,55,52,OK,55.0,100.0
20,2 tokens 50/50,55,53,OK,55.0,100.0
20,2 tokens 50/50,55,54,OK,55.0,100.0
20,2 tokens 50/50,55,55,OK,55.0,100.0
20,2 tokens 50/50,55,56,OK,55.0,100.0
20,2 tokens 50/50,55,57,OK,55.0,100.0
20,2 tokens 50/50,55,58,OK,55.0,100.0
20,2 tokens 50/50,55,59,OK,55.0,100.0
20,2 tokens 50/50,55,60,OK,55.0,100.0
20,2 tokens 50/50,55,61,OK,55.0,100.0
20,2 tokens 50/50,55,62,OK,55.0,100.0
20,2 tokens 50/50,55,63,OK,55.0,100.0
20,2 tokens 50/50,55,64,OK,55.0,100.0
20,2 tokens 50/50,55,65,OK,55.0,100.0
20,2 tokens 50/50,55,66,OK,55.0,100.0
20,2 tokens 50/50,55,67,OK,55.0,100.0
20,2 tokens 50/50,55,68,OK,55.0,100.0
20,2 tokens 50/50,55,69,OK,55.0,100.0
20,2 tokens 50/50,55,70,OK,55.0,100.0
20,2 tokens 50/50,55,71,OK,55.0,100.0
20,2 tokens 50/50,55,72,OK,55.0,100.0
20,2 tokens 50/50,55,73,OK,55.0,100.0
20,2 tokens 50/50,55,74,OK,55.0,100.0
20,2 tokens 50/50,55,75,OK,55.0,100.0
20,2 tokens 50/50,55,76,OK,52.8,96.0
20,2 tokens 50/50,55,77,OK,50.6,92.0
20,2 tokens 50/50,55,78,OK,48.4,88.0
20,2 tokens 50/50,55,79,OK,46.2,84.0
20,2 tokens 50/50,55,80,OK,44.0,80.0
20,2 tokens 50/50,55,81,OK,41.8,76.0
20,2 tokens 50/50,55,82,TOO_SMALL,39.6,72.0
20,2 tokens 50/50,55,83,TOO_SMALL,37.4,68.0
20,2 tokens 50/50,55,84,TOO_SMALL,35.2,64.0
20,2 tokens 50/50,55,85,TOO_SMALL,33.0,60.0
20,2 tokens 50/50,55,86,TOO_SMALL,30.8,56.0
20,2 tokens 50/50,55,87,TOO_SMALL,28.6,52.0
20,2 tokens 50/50,55,88,TOO_SMALL,26.4,48.0
20,2 tokens 50/50,55,89,TOO_SMALL,24.2,44.0
20,2 tokens 50/50,55,90,TOO_SMALL,22.0,40.0
20,2 tokens 50/50,55,91,TOO_SMALL,19.8,36.0
20,2 tokens 50/50,55,92,TOO_SMALL,17.6,32.0
20,2 tokens 50/50,55,93,TOO_SMALL,15.4,28.0
20,2 tokens 50/50,55,94,TOO_SMALL,13.2,24.0
20,2 tokens 50/50,55,95,TOO_SMALL,11.0,20.0
20,2 tokens 50/50,55,96,TOO_SMALL,8.8,16.0
20,2 tokens 50/50,55,97,TOO_SMALL,6.6,12.0
20,2 tokens 50/50,55,98,TOO_SMALL,4.4,8.0
20,2 tokens 50/50,125,50,OK,125.0,100.0
20,2 tokens 50/50,125,51,OK,125.0,100.0
20,2 tokens 50/50,125,52,OK,125.0,100.0
20,2 tokens 50/50,125,53,OK,125.0,100.0
20,2 tokens 50/50,125,54,OK,125.0,100.0
20,2 tokens 50/50,125,55,OK,125.0,100.0
20,2 tokens 50/50,125,56,OK,125.0,100.0
20,2 tokens 50/50,125,57,OK,125.0,100.0
20,2 tokens 50/50,125,58,OK,125.0,100.0
20,2 tokens 50/50,125,59,OK,125.0,100.0
20,2 tokens 50/50,125,60,OK,125.0,100.0
20,2 tokens 50/50,125,61,OK,125.0,100.0
20,2 tokens 50/50,125,62,OK,125.0,100.0
20,2 tokens 50/50,125,63,OK,125.0,100.0
20,2 tokens 50/50,125,64,OK,125.0,100.0
20,2 tokens 50/50,125,65,OK,125.0,100.0
20,2 tokens 50/50,125,66,OK,125.0,100.0
20,2 tokens 50/50,125,67,OK,125.0,100.0
20,2 tokens 50/50,125,68,OK,125.0,100.0
20,2 tokens 50/50,125,69,OK,125.0,100.0
20,2 tokens 50/50,125,70,OK,125.0,100.0
20,2 tokens 50/50,125,71,OK,125.0,100.0
20,2 tokens 50/50,125,72,OK,125.0,100.0
20,2 tokens 50/50,125,73,OK,125.0,100.0
20,2 tokens 50/50,125,74,OK,125.0,100.0
20,2 tokens 50/50,125,75,OK,125.0,100.0
20,2 tokens 50/50,125,76,OK,120.0,96.0
20,2 tokens 50/50,125,77,OK,115.0,92.0
20,2 tokens 50/50,125,78,OK,110.0,88.0
20,2 tokens 50/50,125,79,OK,105.0,84.0
20,2 tokens 50/50,125,80,OK,100.0,80.0
20,2 tokens 50/50,125,81,OK,95.0,76.0
20,2 tokens 50/50,125,82,OK,90.0,72.0
20,2 tokens 50/50,125,83,OK,85.0,68.0
20,2 tokens 50/50,125,84,OK,80.0,64.0
20,2 tokens 50/50,125,85,OK,75.0,60.0
20,2 tokens 50/50,125,86,OK,70.0,56.0
20,2 tokens 50/50,125,87,OK,65.0,52.0
20,2 tokens 50/50,125,88,OK,60.0,48.0
20,2 tokens 50/50,125,89,OK,55.0,44.0
20,2 tokens 50/50,125,90,OK,50.0,40.0
20,2 tokens 50/50,125,91,OK,45.0,36.0
20,2 tokens 50/50,125,92,OK,40.0,32.0
20,2 tokens 50/50,125,93,TOO_SMALL,35.0,28.0
20,2 tokens 50/50,125,94,TOO_SMALL,30.0,24.0
20,2 tokens 50/50,125,95,TOO_SMALL,25.0,20.0
20,2 tokens 50/50,125,96,TOO_SMALL,20.0,16.0
20,2 tokens 50/50,125,97,TOO_SMALL,15.0,12.0
20,2 tokens 50/50,125,98,TOO_SMALL,10.0,8.0
20,2 tokens 50/50,500,50,OK,500.0,100.0
20,2 tokens 50/50,500,51,OK,500.0,100.0
20,2 tokens 50/50,500,52,OK,500.0,100.0
20,2 tokens 50/50,500,53,OK,500.0,100.0
20,2 tokens 50/50,500,54,OK,500.0,100.0
20,2 tokens 50/50,500,55,OK,500.0,100.0
20,2 tokens 50/50,500,56,OK,500.0,100.0
20,2 tokens 50/50,500,57,OK,500.0,100.0
20,2 tokens 50/50,500,58,OK,500.0,100.0
20,2 tokens 50/50,500,59,OK,500.0,100.0
20,2 tokens 50/50,500,60,OK,500.0,100.0
20,2 tokens 50/50,500,61,OK,500.0,100.0
20,2 tokens 50/50,500,62,OK,500.0,100.0
20,2 tokens 50/50,500,63,OK,500.0,100.0
20,2 tokens 50/50,500,64,OK,500.0,100.0
20,2 tokens 50/50,500,65,OK,500.0,100.0
20,2 tokens 50/50,500,66,OK,500.0,100.0
20,2 tokens 50/50,500,67,OK,500.0,100.0
20,2 tokens 50/50,500,68,OK,500.0,100.0
20,2 tokens 50/50,500,69,OK,500.0,100.0
20,2 tokens 50/50,500,70,OK,500.0,100.0
20,2 tokens 50/50,500,71,OK,500.0,100.0
20,2 tokens 50/50,500,72,OK,500.0,100.0
20,2 tokens 50/50,500,73,OK,500.0,100.0
20,2 tokens 50/50,500,74,OK,500.0,100.0
20,2 tokens 50/50,500,75,OK,500.0,100.0
20,2 tokens 50/50,500,76,OK,480.0,96.0
20,2 tokens 50/50,500,77,OK,460.0,92.0
20,2 tokens 50/50,500,78,OK,440.0,88.0
20,2 tokens 50/50,500,79,OK,420.0,84.0
20,2 tokens 50/50,500,80,OK,400.0,80.0
20,2 tokens 50/50,500,81,OK,380.0,76.0
20,2 tokens 50/50,500,82,OK,360.0,72.0
20,2 tokens 50/50,500,83,OK,340.0,68.0
20,2 tokens 50/50,500,84,OK,320.0,64.0
20,2 tokens 50/50,500,85,OK,300.0,60.0
20,2 tokens 50/50,500,86,OK,280.0,56.0
20,2 tokens 50/50,500,87,OK,260.0,52.0
20,2 tokens 50/50,500,88,OK,240.0,48.0
20,2 tokens 50/50,500,89,OK,220.0,44.0
20,2 tokens 50/50,500,90,OK,200.0,40.0
20,2 tokens 50/50,500,91,OK,180.0,36.0
20,2 tokens 50/50,500,92,OK,160.0,32.0
20,2 tokens 50/50,500,93,OK,140.0,28.0
20,2 tokens 50/50,500,94,OK,120.0,24.0
20,2 tokens 50/50,500,95,OK,100.0,20.0
20,2 tokens 50/50,500,96,OK,80.0,16.0
20,2 tokens 50/50,500,97,OK,60.0,12.0
20,2 tokens 50/50,500,98,OK,40.0,8.0
20,2 tokens 50/50,1000,50,OK,1000.0,100.0
20,2 tokens 50/50,1000,51,OK,1000.0,100.0
20,2 tokens 50/50,1000,52,OK,1000.0,100.0
20,2 tokens 50/50,1000,53,OK,1000.0,100.0
20,2 tokens 50/50,1000,54,OK,1000.0,100.0
20,2 tokens 50/50,1000,55,OK,1000.0,100.0
20,2 tokens 50/50,1000,56,OK,1000.0,100.0
20,2 tokens 50/50,1000,57,OK,1000.0,100.0
20,2 tokens 50/50,1000,58,OK,1000.0,100.0
20,2 tokens 50/50,1000,59,OK,1000.0,100.0
20,2 tokens 50/50,1000,60,OK,1000.0,100.0
20,2 tokens 50/50,1000,61,OK,1000.0,100.0
20,2 tokens 50/50,1000,62,OK,1000.0,100.0
20,2 tokens 50/50,1000,63,OK,1000.0,100.0
20,2 tokens 50/50,1000,64,OK,1000.0,100.0
20,2 tokens 50/50,1000,65,OK,1000.0,100.0
20,2 tokens 50/50,1000,66,OK,1000.0,100.0
20,2 tokens 50/50,1000,67,OK,1000.0,100.0
20,2 tokens 50/50,1000,68,OK,1000.0,100.0
20,2 tokens 50/50,1000,69,OK,1000.0,100.0
20,2 tokens 50/50,1000,70,OK,1000.0,100.0
20,2 tokens 50/50,1000,71,OK,1000.0,100.0
20,2 tokens 50/50,1000,72,OK,1000.0,100.0
20,2 tokens 50/50,1000,73,OK,1000.0,100.0
20,2 tokens 50/50,1000,74,OK,1000.0,100.0
20,2 tokens 50/50,1000,75,OK,1000.0,100.0
20,2 tokens 50/50,1000,76,OK,960.0,96.0
20,2 tokens 50/50,1000,77,OK,920.0,92.0
20,2 tokens 50/50,1000,78,OK,880.0,88.0
20,2 tokens 50/50,1000,79,OK,840.0,84.0
20,2 tokens 50/50,1000,80,OK,800.0,80.0
20,2 tokens 50/50,1000,81,OK,760.0,76.0
20,2 tokens 50/50,1000,82,OK,720.0,72.0
20,2 tokens 50/50,1000,83,OK,680.0,68.0
20,2 tokens 50/50,1000,84,OK,640.0,64.0
20,2 tokens 50/50,1000,85,OK,600.0,60.0
20,2 tokens 50/50,1000,86,OK,560.0,56.0
20,2 tokens 50/50,1000,87,OK,520.0,52.0
20,2 tokens 50/50,1000,88,OK,480.0,48.0
20,2 tokens 50/50,1000,89,OK,440.0,44.0
20,2 tokens 50/50,1000,90,OK,400.0,40.0
20,2 tokens 50/50,1000,91,OK,360.0,36.0
20,2 tokens 50/50,1000,92,OK,320.0,32.0
20,2 tokens 50/50,1000,93,OK,280.0,28.0
20,2 tokens 50/50,1000,94,OK,240.0,24.0
20,2 tokens 50/50,1000,95,OK,200.0,20.0
20,2 tokens 50/50,1000,96,OK,160.0,16.0
20,2 tokens 50/50,1000,97,OK,120.0,12.0
20,2 tokens 50/50,1000,98,OK,80.0,8.0
20,2 tokens 50/50,5000,50,OK,5000.0,100.0
20,2 tokens 50/50,5000,51,OK,5000.0,100.0
20,2 tokens 50/50,5000,52,OK,5000.0,100.0
20,2 tokens 50/50,5000,53,OK,5000.0,100.0
20,2 tokens 50/50,5000,54,OK,5000.0,100.0
20,2 tokens 50/50,5000,55,OK,5000.0,100.0
20,2 tokens 50/50,5000,56,OK,5000.0,100.0
20,2 tokens 50/50,5000,57,OK,5000.0,100.0
20,2 tokens 50/50,5000,58,OK,5000.0,100.0
20,2 tokens 50/50,5000,59,OK,5000.0,100.0
20,2 tokens 50/50,5000,60,OK,5000.0,100.0
20,2 tokens 50/50,5000,61,OK,5000.0,100.0
20,2 tokens 50/50,5000,62,OK,5000.0,100.0
20,2 tokens 50/50,5000,63,OK,5000.0,100.0
20,2 tokens 50/50,5000,64,OK,5000.0,100.0
20,2 tokens 50/50,5000,65,OK,5000.0,100.0
20,2 tokens 50/50,5000,66,OK,5000.0,100.0
20,2 tokens 50/50,5000,67,OK,5000.0,100.0
20,2 tokens 50/50,5000,68,OK,5000.0,100.0
20,2 tokens 50/50,5000,69,OK,5000.0,100.0
20,2 tokens 50/50,5000,70,OK,5000.0,100.0
20,2 tokens 50/50,5000,71,OK,5000.0,100.0
20,2 tokens 50/50,5000,72,OK,5000.0,100.0
20,2 tokens 50/50,5000,73,OK,5000.0,100.0
20,2 tokens 50/50,5000,74,OK,5000.0,100.0
20,2 tokens 50/50,5000,75,OK,5000.0,100.0
20,2 tokens 50/50,5000,76,OK,4800.0,96.0
20,2 tokens 50/50,5000,77,OK,4600.0,92.0
20,2 tokens 50/50,5000,78,OK,4400.0,88.0
20,2 tokens 50/50,5000,79,OK,4200.0,84.0
20,2 tokens 50/50,5000,80,OK,4000.0,80.0
20,2 tokens 50/50,5000,81,OK,3800.0,76.0
20,2 tokens 50/50,5000,82,OK,3600.0,72.0
20,2 tokens 50/50,5000,83,OK,3400.0,68.0
20,2 tokens 50/50,5000,84,OK,3200.0,64.0
20,2 tokens 50/50,5000,85,OK,3000.0,60.0
20,2 tokens 50/50,5000,86,OK,2800.0,56.0
20,2 tokens 50/50,5000,87,OK,2600.0,52.0
20,2 tokens 50/50,5000,88,OK,2400.0,48.0
20,2 tokens 50/50,5000,89,OK,2200.0,44.0
20,2 tokens 50/50,5000,90,OK,2000.0,40.0
20,2 tokens 50/50,5000,91,OK,1800.0,36.0
20,2 tokens 50/50,5000,92,OK,1600.0,32.0
20,2 tokens 50/50,5000,93,OK,1400.0,28.0
20,2 tokens 50/50,5000,94,OK,1200.0,24.0
20,2 tokens 50/50,5000,95,OK,1000.0,20.0
20,2 tokens 50/50,5000,96,OK,800.0,16.0
20,2 tokens 50/50,5000,97,OK,600.0,12.0
20,2 tokens 50/50,5000,98,OK,400.0,8.0
20,3 tokens 34/33/33,55,50,TOO_SMALL,55.0,100.0
20,3 tokens 34/33/33,55,51,TOO_SMALL,55.0,100.0
20,3 tokens 34/33/33,55,52,TOO_SMALL,55.0,100.0
20,3 tokens 34/33/33,55,53,TOO_SMALL,55.0,100.0
20,3 tokens 34/33/33,55,54,TOO_SMALL,55.0,100.0
20,3 tokens 34/33/33,55,55,TOO_SMALL,55.0,100.0
20,3 tokens 34/33/33,55,56,TOO_SMALL,55.0,100.0
20,3 tokens 34/33/33,55,57,TOO_SMALL,55.0,100.0
20,3 tokens 34/33/33,55,58,TOO_SMALL,55.0,100.0
20,3 tokens 34/33/33,55,59,TOO_SMALL,55.0,100.0
20,3 tokens 34/33/33,55,60,TOO_SMALL,55.0,100.0
20,3 tokens 34/33/33,55,61,TOO_SMALL,55.0,100.0
20,3 tokens 34/33/33,55,62,TOO_SMALL,55.0,100.0
20,3 tokens 34/33/33,55,63,TOO_SMALL,55.0,100.0
20,3 tokens 34/33/33,55,64,TOO_SMALL,55.0,100.0
20,3 tokens 34/33/33,55,65,TOO_SMALL,55.0,100.0
20,3 tokens 34/33/33,55,66,TOO_SMALL,55.0,100.0
20,3 tokens 34/33/33,55,67,TOO_SMALL,55.0,100.0
20,3 tokens 34/33/33,55,68,TOO_SMALL,55.0,100.0
20,3 tokens 34/33/33,55,69,TOO_SMALL,55.0,100.0
20,3 tokens 34/33/33,55,70,TOO_SMALL,55.0,100.0
20,3 tokens 34/33/33,55,71,TOO_SMALL,55.0,100.0
20,3 tokens 34/33/33,55,72,TOO_SMALL,55.0,100.0
20,3 tokens 34/33/33,55,73,TOO_SMALL,55.0,100.0
20,3 tokens 34/33/33,55,74,TOO_SMALL,55.0,100.0
20,3 tokens 34/33/33,55,75,TOO_SMALL,55.0,100.0
20,3 tokens 34/33/33,55,76,TOO_SMALL,52.8,96.0
20,3 tokens 34/33/33,55,77,TOO_SMALL,50.6,92.0
20,3 tokens 34/33/33,55,78,TOO_SMALL,48.4,88.0
20,3 tokens 34/33/33,55,79,TOO_SMALL,46.2,84.0
20,3 tokens 34/33/33,55,80,TOO_SMALL,44.0,80.0
20,3 tokens 34/33/33,55,81,TOO_SMALL,41.8,76.0
20,3 tokens 34/33/33,55,82,TOO_SMALL,39.6,72.0
20,3 tokens 34/33/33,55,83,TOO_SMALL,37.4,68.0
20,3 tokens 34/33/33,55,84,TOO_SMALL,35.2,64.0
20,3 tokens 34/33/33,55,85,TOO_SMALL,33.0,60.0
20,3 tokens 34/33/33,55,86,TOO_SMALL,30.8,56.0
20,3 tokens 34/33/33,55,87,TOO_SMALL,28.6,52.0
20,3 tokens 34/33/33,55,88,TOO_SMALL,26.4,48.0
20,3 tokens 34/33/33,55,89,TOO_SMALL,24.2,44.0
20,3 tokens 34/33/33,55,90,TOO_SMALL,22.0,40.0
20,3 tokens 34/33/33,55,91,TOO_SMALL,19.8,36.0
20,3 tokens 34/33/33,55,92,TOO_SMALL,17.6,32.0
20,3 tokens 34/33/33,55,93,TOO_SMALL,15.4,28.0
20,3 tokens 34/33/33,55,94,TOO_SMALL,13.2,24.0
20,3 tokens 34/33/33,55,95,TOO_SMALL,11.0,20.0
20,3 tokens 34/33/33,55,96,TOO_SMALL,8.8,16.0
20,3 tokens 34/33/33,55,97,TOO_SMALL,6.6,12.0
20,3 tokens 34/33/33,55,98,TOO_SMALL,4.4,8.0
20,3 tokens 34/33/33,125,50,OK,125.0,100.0
20,3 tokens 34/33/33,125,51,OK,125.0,100.0
20,3 tokens 34/33/33,125,52,OK,125.0,100.0
20,3 tokens 34/33/33,125,53,OK,125.0,100.0
20,3 tokens 34/33/33,125,54,OK,125.0,100.0
20,3 tokens 34/33/33,125,55,OK,125.0,100.0
20,3 tokens 34/33/33,125,56,OK,125.0,100.0
20,3 tokens 34/33/33,125,57,OK,125.0,100.0
20,3 tokens 34/33/33,125,58,OK,125.0,100.0
20,3 tokens 34/33/33,125,59,OK,125.0,100.0
20,3 tokens 34/33/33,125,60,OK,125.0,100.0
20,3 tokens 34/33/33,125,61,OK,125.0,100.0
20,3 tokens 34/33/33,125,62,OK,125.0,100.0
20,3 tokens 34/33/33,125,63,OK,125.0,100.0
20,3 tokens 34/33/33,125,64,OK,125.0,100.0
20,3 tokens 34/33/33,125,65,OK,125.0,100.0
20,3 tokens 34/33/33,125,66,OK,125.0,100.0
20,3 tokens 34/33/33,125,67,OK,125.0,100.0
20,3 tokens 34/33/33,125,68,OK,125.0,100.0
20,3 tokens 34/33/33,125,69,OK,125.0,100.0
20,3 tokens 34/33/33,125,70,OK,125.0,100.0
20,3 tokens 34/33/33,125,71,OK,125.0,100.0
20,3 tokens 34/33/33,125,72,OK,125.0,100.0
20,3 tokens 34/33/33,125,73,OK,125.0,100.0
20,3 tokens 34/33/33,125,74,OK,125.0,100.0
20,3 tokens 34/33/33,125,75,OK,125.0,100.0
20,3 tokens 34/33/33,125,76,OK,120.0,96.0
20,3 tokens 34/33/33,125,77,OK,115.0,92.0
20,3 tokens 34/33/33,125,78,OK,110.0,88.0
20,3 tokens 34/33/33,125,79,OK,105.0,84.0
20,3 tokens 34/33/33,125,80,OK,100.0,80.0
20,3 tokens 34/33/33,125,81,OK,95.0,76.0
20,3 tokens 34/33/33,125,82,OK,90.0,72.0
20,3 tokens 34/33/33,125,83,OK,85.0,68.0
20,3 tokens 34/33/33,125,84,OK,80.0,64.0
20,3 tokens 34/33/33,125,85,OK,75.0,60.0
20,3 tokens 34/33/33,125,86,OK,70.0,56.0
20,3 tokens 34/33/33,125,87,OK,65.0,52.0
20,3 tokens 34/33/33,125,88,TOO_SMALL,60.0,48.0
20,3 tokens 34/33/33,125,89,TOO_SMALL,55.0,44.0
20,3 tokens 34/33/33,125,90,TOO_SMALL,50.0,40.0
20,3 tokens 34/33/33,125,91,TOO_SMALL,45.0,36.0
20,3 tokens 34/33/33,125,92,TOO_SMALL,40.0,32.0
20,3 tokens 34/33/33,125,93,TOO_SMALL,35.0,28.0
20,3 tokens 34/33/33,125,94,TOO_SMALL,30.0,24.0
20,3 tokens 34/33/33,125,95,TOO_SMALL,25.0,20.0
20,3 tokens 34/33/33,125,96,TOO_SMALL,20.0,16.0
20,3 tokens 34/33/33,125,97,TOO_SMALL,15.0,12.0
20,3 tokens 34/33/33,125,98,TOO_SMALL,10.0,8.0
20,3 tokens 34/33/33,500,50,OK,500.0,100.0
20,3 tokens 34/33/33,500,51,OK,500.0,100.0
20,3 tokens 34/33/33,500,52,OK,500.0,100.0
20,3 tokens 34/33/33,500,53,OK,500.0,100.0
20,3 tokens 34/33/33,500,54,OK,500.0,100.0
20,3 tokens 34/33/33,500,55,OK,500.0,100.0
20,3 tokens 34/33/33,500,56,OK,500.0,100.0
20,3 tokens 34/33/33,500,57,OK,500.0,100.0
20,3 tokens 34/33/33,500,58,OK,500.0,100.0
20,3 tokens 34/33/33,500,59,OK,500.0,100.0
20,3 tokens 34/33/33,500,60,OK,500.0,100.0
20,3 tokens 34/33/33,500,61,OK,500.0,100.0
20,3 tokens 34/33/33,500,62,OK,500.0,100.0
20,3 tokens 34/33/33,500,63,OK,500.0,100.0
20,3 tokens 34/33/33,500,64,OK,500.0,100.0
20,3 tokens 34/33/33,500,65,OK,500.0,100.0
20,3 tokens 34/33/33,500,66,OK,500.0,100.0
20,3 tokens 34/33/33,500,67,OK,500.0,100.0
20,3 tokens 34/33/33,500,68,OK,500.0,100.0
20,3 tokens 34/33/33,500,69,OK,500.0,100.0
20,3 tokens 34/33/33,500,70,OK,500.0,100.0
20,3 tokens 34/33/33,500,71,OK,500.0,100.0
20,3 tokens 34/33/33,500,72,OK,500.0,100.0
20,3 tokens 34/33/33,500,73,OK,500.0,100.0
20,3 tokens 34/33/33,500,74,OK,500.0,100.0
20,3 tokens 34/33/33,500,75,OK,500.0,100.0
20,3 tokens 34/33/33,500,76,OK,480.0,96.0
20,3 tokens 34/33/33,500,77,OK,460.0,92.0
20,3 tokens 34/33/33,500,78,OK,440.0,88.0
20,3 tokens 34/33/33,500,79,OK,420.0,84.0
20,3 tokens 34/33/33,500,80,OK,400.0,80.0
20,3 tokens 34/33/33,500,81,OK,380.0,76.0
20,3 tokens 34/33/33,500,82,OK,360.0,72.0
20,3 tokens 34/33/33,500,83,OK,340.0,68.0
20,3 tokens 34/33/33,500,84,OK,320.0,64.0
20,3 tokens 34/33/33,500,85,OK,300.0,60.0
20,3 tokens 34/33/33,500,86,OK,280.0,56.0
20,3 tokens 34/33/33,500,87,OK,260.0,52.0
20,3 tokens 34/33/33,500,88,OK,240.0,48.0
20,3 tokens 34/33/33,500,89,OK,220.0,44.0
20,3 tokens 34/33/33,500,90,OK,200.0,40.0
20,3 tokens 34/33/33,500,91,OK,180.0,36.0
20,3 tokens 34/33/33,500,92,OK,160.0,32.0
20,3 tokens 34/33/33,500,93,OK,140.0,28.0
20,3 tokens 34/33/33,500,94,OK,120.0,24.0
20,3 tokens 34/33/33,500,95,OK,100.0,20.0
20,3 tokens 34/33/33,500,96,OK,80.0,16.0
20,3 tokens 34/33/33,500,97,TOO_SMALL,60.0,12.0
20,3 tokens 34/33/33,500,98,TOO_SMALL,40.0,8.0
20,3 tokens 34/33/33,1000,50,OK,1000.0,100.0
20,3 tokens 34/33/33,1000,51,OK,1000.0,100.0
20,3 tokens 34/33/33,1000,52,OK,1000.0,100.0
20,3 tokens 34/33/33,1000,53,OK,1000.0,100.0
20,3 tokens 34/33/33,1000,54,OK,1000.0,100.0
20,3 tokens 34/33/33,1000,55,OK,1000.0,100.0
20,3 tokens 34/33/33,1000,56,OK,1000.0,100.0
20,3 tokens 34/33/33,1000,57,OK,1000.0,100.0
20,3 tokens 34/33/33,1000,58,OK,1000.0,100.0
20,3 tokens 34/33/33,1000,59,OK,1000.0,100.0
20,3 tokens 34/33/33,1000,60,OK,1000.0,100.0
20,3 tokens 34/33/33,1000,61,OK,1000.0,100.0
20,3 tokens 34/33/33,1000,62,OK,1000.0,100.0
20,3 tokens 34/33/33,1000,63,OK,1000.0,100.0
20,3 tokens 34/33/33,1000,64,OK,1000.0,100.0
20,3 tokens 34/33/33,1000,65,OK,1000.0,100.0
20,3 tokens 34/33/33,1000,66,OK,1000.0,100.0
20,3 tokens 34/33/33,1000,67,OK,1000.0,100.0
20,3 tokens 34/33/33,1000,68,OK,1000.0,100.0
20,3 tokens 34/33/33,1000,69,OK,1000.0,100.0
20,3 tokens 34/33/33,1000,70,OK,1000.0,100.0
20,3 tokens 34/33/33,1000,71,OK,1000.0,100.0
20,3 tokens 34/33/33,1000,72,OK,1000.0,100.0
20,3 tokens 34/33/33,1000,73,OK,1000.0,100.0
20,3 tokens 34/33/33,1000,74,OK,1000.0,100.0
20,3 tokens 34/33/33,1000,75,OK,1000.0,100.0
20,3 tokens 34/33/33,1000,76,OK,960.0,96.0
20,3 tokens 34/33/33,1000,77,OK,920.0,92.0
20,3 tokens 34/33/33,1000,78,OK,880.0,88.0
20,3 tokens 34/33/33,1000,79,OK,840.0,84.0
20,3 tokens 34/33/33,1000,80,OK,800.0,80.0
20,3 tokens 34/33/33,1000,81,OK,760.0,76.0
20,3 tokens 34/33/33,1000,82,OK,720.0,72.0
20,3 tokens 34/33/33,1000,83,OK,680.0,68.0
20,3 tokens 34/33/33,1000,84,OK,640.0,64.0
20,3 tokens 34/33/33,1000,85,OK,600.0,60.0
20,3 tokens 34/33/33,1000,86,OK,560.0,56.0
20,3 tokens 34/33/33,1000,87,OK,520.0,52.0
20,3 tokens 34/33/33,1000,88,OK,480.0,48.0
20,3 tokens 34/33/33,1000,89,OK,440.0,44.0
20,3 tokens 34/33/33,1000,90,OK,400.0,40.0
20,3 tokens 34/33/33,1000,91,OK,360.0,36.0
20,3 tokens 34/33/33,1000,92,OK,320.0,32.0
20,3 tokens 34/33/33,1000,93,OK,280.0,28.0
20,3 tokens 34/33/33,1000,94,OK,240.0,24.0
20,3 tokens 34/33/33,1000,95,OK,200.0,20.0
20,3 tokens 34/33/33,1000,96,OK,160.0,16.0
20,3 tokens 34/33/33,1000,97,OK,120.0,12.0
20,3 tokens 34/33/33,1000,98,OK,80.0,8.0
20,3 tokens 34/33/33,5000,50,OK,5000.0,100.0
20,3 tokens 34/33/33,5000,51,OK,5000.0,100.0
20,3 tokens 34/33/33,5000,52,OK,5000.0,100.0
20,3 tokens 34/33/33,5000,53,OK,5000.0,100.0
20,3 tokens 34/33/33,5000,54,OK,5000.0,100.0
20,3 tokens 34/33/33,5000,55,OK,5000.0,100.0
20,3 tokens 34/33/33,5000,56,OK,5000.0,100.0
20,3 tokens 34/33/33,5000,57,OK,5000.0,100.0
20,3 tokens 34/33/33,5000,58,OK,5000.0,100.0
20,3 tokens 34/33/33,5000,59,OK,5000.0,100.0
20,3 tokens 34/33/33,5000,60,OK,5000.0,100.0
20,3 tokens 34/33/33,5000,61,OK,5000.0,100.0
20,3 tokens 34/33/33,5000,62,OK,5000.0,100.0
20,3 tokens 34/33/33,5000,63,OK,5000.0,100.0
20,3 tokens 34/33/33,5000,64,OK,5000.0,100.0
20,3 tokens 34/33/33,5000,65,OK,5000.0,100.0
20,3 tokens 34/33/33,5000,66,OK,5000.0,100.0
20,3 tokens 34/33/33,5000,67,OK,5000.0,100.0
20,3 tokens 34/33/33,5000,68,OK,5000.0,100.0
20,3 tokens 34/33/33,5000,69,OK,5000.0,100.0
20,3 tokens 34/33/33,5000,70,OK,5000.0,100.0
20,3 tokens 34/33/33,5000,71,OK,5000.0,100.0
20,3 tokens 34/33/33,5000,72,OK,5000.0,100.0
20,3 tokens 34/33/33,5000,73,OK,5000.0,100.0
20,3 tokens 34/33/33,5000,74,OK,5000.0,100.0
20,3 tokens 34/33/33,5000,75,OK,5000.0,100.0
20,3 tokens 34/33/33,5000,76,OK,4800.0,96.0
20,3 tokens 34/33/33,5000,77,OK,4600.0,92.0
20,3 tokens 34/33/33,5000,78,OK,4400.0,88.0
20,3 tokens 34/33/33,5000,79,OK,4200.0,84.0
20,3 tokens 34/33/33,5000,80,OK,4000.0,80.0
20,3 tokens 34/33/33,5000,81,OK,3800.0,76.0
20,3 tokens 34/33/33,5000,82,OK,3600.0,72.0
20,3 tokens 34/33/33,5000,83,OK,3400.0,68.0
20,3 tokens 34/33/33,5000,84,OK,3200.0,64.0
20,3 tokens 34/33/33,5000,85,OK,3000.0,60.0
20,3 tokens 34/33/33,5000,86,OK,2800.0,56.0
20,3 tokens 34/33/33,5000,87,OK,2600.0,52.0
20,3 tokens 34/33/33,5000,88,OK,2400.0,48.0
20,3 tokens 34/33/33,5000,89,OK,2200.0,44.0
20,3 tokens 34/33/33,5000,90,OK,2000.0,40.0
20,3 tokens 34/33/33,5000,91,OK,1800.0,36.0
20,3 tokens 34/33/33,5000,92,OK,1600.0,32.0
20,3 tokens 34/33/33,5000,93,OK,1400.0,28.0
20,3 tokens 34/33/33,5000,94,OK,1200.0,24.0
20,3 tokens 34/33/33,5000,95,OK,1000.0,20.0
20,3 tokens 34/33/33,5000,96,OK,800.0,16.0
20,3 tokens 34/33/33,5000,97,OK,600.0,12.0
20,3 tokens 34/33/33,5000,98,OK,400.0,8.0
