term,floor,cost,n,med_ret,med_lo,med_hi,med_hold,medh_lo,medh_hi,mean_ret,mean_lo,mean_hi,mean_hold
7,80,6,80733,0.0007208585739135742,2.1472573280334506e-06,0.0012882381677627563,0.003389656473161473,0.0026667177710354485,0.004066675820397597,0.0017347969566523728,0.0007611734347376779,0.0025274479553127204,0.0035353563587710466
7,80,25,80733,-0.002438843250274658,-0.003170357644557953,-0.0018835023045539858,0.003389656473161473,0.0026667177710354485,0.004066675820397597,-0.001526719609856474,-0.00249014775427695,-0.0007452701250079347,0.0035353563587710466
7,85,6,80733,0.0005435943603515625,-5.274266004562371e-06,0.0009708672761917114,0.003389656473161473,0.0026667177710354485,0.004066675820397597,0.0012948571274975815,0.000559175250651299,0.0018937287413768168,0.0035353563587710466
7,85,25,80733,-0.0018231868743896484,-0.002375859022140503,-0.0013999298214912414,0.003389656473161473,0.0026667177710354485,0.004066675820397597,-0.0011541296789222162,-0.0018910090200747528,-0.0005658641153313181,0.0035353563587710466
7,90,6,80733,0.0003859996795654297,3.37138772010804e-06,0.0006655126810073852,0.003389656473161473,0.0026667177710354485,0.004066675820397597,0.0008618609083345124,0.0003685519810423622,0.0012636394978484352,0.0035353563587710466
7,90,25,80733,-0.0011852383613586426,-0.0015698447823524475,-0.0009004727005958558,0.003389656473161473,0.0026667177710354485,0.004066675820397597,-0.0007598279796283904,-0.0012568850319606142,-0.00036681590187052535,0.0035353563587710466
7,95,6,80733,0.00024259090423583984,5.994737148284912e-05,0.0003857612609863281,0.003389656473161473,0.0026667177710354485,0.004066675820397597,0.0004325671540205823,0.00018658590057030742,0.0006344792718899318,0.0035353563587710466
7,95,25,80733,-0.0005341768264770508,-0.0007144331932067872,-0.0003886982798576356,0.003389656473161473,0.0026667177710354485,0.004066675820397597,-0.0003616337108294299,-0.0006086725591845818,-0.00016353503936049907,0.0035353563587710466
7,98,6,80733,0.00014269351959228516,6.971359252929687e-05,0.0002005696296691894,0.003389656473161473,0.0026667177710354485,0.004066675820397597,0.00017315988156264316,7.672579746857355e-05,0.00025083282865018985,0.0035353563587710466
7,98,25,80733,-0.000164031982421875,-0.0002362683415412903,-0.00010637044906616213,0.003389656473161473,0.0026667177710354485,0.004066675820397597,-0.00013590687817011536,-0.00023244975853116214,-5.935395451466933e-05,0.0035353563587710466
14,80,6,40356,0.0016996264457702637,0.0001619964838027954,0.002974709868431091,0.00623889729243865,0.0046810677859998205,0.007629181648480582,0.004261755121511633,0.0024126968442837416,0.006226399083397321,0.007026337976782817
14,80,25,40356,-0.0017009973526000977,-0.0032509684562683104,-0.0004257984459400178,0.00623889729243865,0.0046810677859998205,0.007629181648480582,0.0007299468481029057,-0.0011234342324571655,0.0026762590599676986,0.007026337976782817
14,85,6,40356,0.0012341737747192383,4.272609949111939e-05,0.0021930724382400505,0.00623889729243865,0.0046810677859998205,0.007629181648480582,0.0031964616049315556,0.0017609757802902505,0.00472160494443137,0.007026337976782817
14,85,25,40356,-0.0013051033020019531,-0.0024753764271736147,-0.0003148727118968964,0.00623889729243865,0.0046810677859998205,0.007629181648480582,0.0005226659150316902,-0.0009016252150228649,0.0020318139088702685,0.007026337976782817
14,90,6,40356,0.0008425116539001465,5.6853890419006356e-05,0.001452481746673584,0.00623889729243865,0.0046810677859998205,0.007629181648480582,0.0021345284619290242,0.0011689271520341719,0.003170833803884442,0.007026337976782817
14,90,25,40356,-0.0008099973201751709,-0.00158940851688385,-0.00018957927823066715,0.00623889729243865,0.0046810677859998205,0.007629181648480582,0.00036938513739634367,-0.0005875628338065382,0.0014066090153059506,0.007026337976782817
14,95,6,40356,0.00047963857650756836,9.241104125976563e-05,0.0008052378892898556,0.00623889729243865,0.0046810677859998205,0.007629181648480582,0.0010680526639723024,0.0005903313480640906,0.0015894556762488328,0.007026337976782817
14,95,25,40356,-0.0003082454204559326,-0.000707535445690155,6.3911080360412205e-06,0.00623889729243865,0.0046810677859998205,0.007629181648480582,0.00021775095358111363,-0.00025593079854445124,0.0007384194722868203,0.007026337976782817
14,98,6,40356,0.0002874135971069336,0.0001394331455230713,0.00041297078132629395,0.00623889729243865,0.0046810677859998205,0.007629181648480582,0.00043515087101549067,0.00023804550880507204,0.0006539547772782796,0.007026337976782817
14,98,25,40356,-2.0325183868408203e-05,-0.00017192065715789794,0.00010270476341247553,0.00623889729243865,0.0046810677859998205,0.007629181648480582,0.00011476800946038947,-7.951121436134732e-05,0.0003306283767006959,0.007026337976782817
30,80,6,19209,0.004220724105834961,0.0011179983615875245,0.006825658679008479,0.013060460244274985,0.009857111615352503,0.016300548362382147,0.010291829155239733,0.00614882355025378,0.013823280390357177,0.014811140239096767
30,80,25,19209,0.00022840499877929688,-0.0026887431740760803,0.0030532807111740084,0.013060460244274985,0.009857111615352503,0.016300548362382147,0.006239465150078988,0.0021486836752283253,0.009751907468377008,0.014811140239096767
30,85,6,19209,0.002908468246459961,0.000675778090953827,0.004947572946548459,0.013060460244274985,0.009857111615352503,0.016300548362382147,0.007810823126383864,0.004608390231642765,0.010562215576025585,0.014811140239096767
30,85,25,19209,5.340576171875e-05,-0.0021476805210113525,0.0019832879304885853,0.013060460244274985,0.009857111615352503,0.016300548362382147,0.004653865877484424,0.0015033243518325448,0.007379271770737112,0.014811140239096767
30,90,6,19209,0.0019439458847045898,0.0004161268472671509,0.003300568461418151,0.013060460244274985,0.009857111615352503,0.016300548362382147,0.0052081779622170235,0.003053201168917717,0.007054904575383337,0.014811140239096767
30,90,25,19209,9.167194366455078e-05,-0.0013851046562194825,0.0014281153678894043,0.013060460244274985,0.009857111615352503,0.016300548362382147,0.003119989125730717,0.000986769359179494,0.0049491434666128625,0.014811140239096767
30,95,6,19209,0.0010371208190917969,0.00025950372219085693,0.0017533540725708004,0.013060460244274985,0.009857111615352503,0.016300548362382147,0.002560726563247489,0.0015035233516396316,0.0034570617772011615,0.014811140239096767
30,95,25,19209,0.00013339519500732422,-0.0006112799048423768,0.0008572578430175781,0.013060460244274985,0.009857111615352503,0.016300548362382147,0.0015743979838508948,0.0005295949806338633,0.002462514696091279,0.014811140239096767
30,98,6,19209,0.0005811452865600586,0.00028836727142333984,0.0008428573608398437,0.013060460244274985,0.009857111615352503,0.016300548362382147,0.0009993407831664163,0.0006033752709651593,0.0013432426744570832,0.014811140239096767
30,98,25,19209,0.0002614259719848633,-4.5013427734374996e-05,0.0005138814449310302,0.013060460244274985,0.009857111615352503,0.016300548362382147,0.0006482315849144533,0.00025829856255972874,0.0009862605476943826,0.014811140239096767
90,80,6,6391,0.012763142585754395,0.0013438850641250613,0.021980464458465576,0.03523938468105281,0.024530276360785086,0.04662008552912885,0.0341790639968046,0.021545363414319018,0.04703789524204069,0.045539004933758884
90,80,25,6391,0.006859421730041504,-0.004183933138847351,0.016261208057403564,0.03523938468105281,0.024530276360785086,0.04662008552912885,0.028505084016964367,0.0160220939729488,0.041208063916689595,0.045539004933758884
90,85,6,6391,0.007926344871520996,-0.00018144845962524408,0.014266651868820188,0.03523938468105281,0.024530276360785086,0.04662008552912885,0.026967761830309155,0.017087637119005284,0.03756133413172684,0.045539004933758884
90,85,25,6391,0.003441452980041504,-0.004064685106277466,0.010113078355789184,0.03523938468105281,0.024530276360785086,0.04662008552912885,0.02212615749716964,0.012408990788462488,0.03249556675989801,0.045539004933758884
90,90,6,6391,0.005107522010803223,-0.00027758926153182984,0.009423136711120599,0.03523938468105281,0.024530276360785086,0.04662008552912885,0.0184696227092919,0.011857056479034499,0.025973157223132773,0.045539004933758884
90,90,25,6391,0.002304673194885254,-0.0028040334582328796,0.006581333279609674,0.03523938468105281,0.024530276360785086,0.04662008552912885,0.015104377862900155,0.008601309709244413,0.022449295433477304,0.045539004933758884
90,95,6,6391,0.00255584716796875,-0.00011689811944961546,0.004702275991439819,0.03523938468105281,0.024530276360785086,0.04662008552912885,0.00930060812088082,0.005846214033636891,0.013195395055639323,0.045539004933758884
90,95,25,6391,0.001328587532043457,-0.001237349212169647,0.0035831913352012625,0.03523938468105281,0.024530276360785086,0.04662008552912885,0.007726310182113898,0.004356677847631588,0.011509342008830215,0.045539004933758884
90,98,6,6391,0.0012122392654418945,0.00020705312490463257,0.0020598143339157103,0.03523938468105281,0.024530276360785086,0.04662008552912885,0.0035670336153450903,0.0022215659201935928,0.005001439304947535,0.045539004933758884
90,98,25,6391,0.0008213520050048828,-0.00015062615275382993,0.0016376003623008722,0.03523938468105281,0.024530276360785086,0.04662008552912885,0.003031468292559243,0.0017250473379786945,0.004429482475507018,0.045539004933758884
180,80,6,3188,0.022757232189178467,0.006916780769824982,0.04011340439319607,0.06715918362379714,0.05004689286462872,0.0863639459567103,0.07027767632282812,0.0497050517500932,0.0927001115239283,0.09492904184627467
180,80,25,3188,0.01391911506652832,-0.001445202529430389,0.032343074679374674,0.06715918362379714,0.05004689286462872,0.0863639459567103,0.06259882610894207,0.04221006435635742,0.08487547228400313,0.09492904184627467
180,85,6,3188,0.013768255710601807,0.0014151230454444888,0.026023437082767463,0.06715918362379714,0.05004689286462872,0.0863639459567103,0.057464714125827085,0.040112203249045096,0.07544966617031172,0.09492904184627467
180,85,25,3188,0.0076500773429870605,-0.005142634361982344,0.019276767969131445,0.06715918362379714,0.05004689286462872,0.0863639459567103,0.0503042830128592,0.03321095727266807,0.06777301771885402,0.09492904184627467
180,90,6,3188,0.008425116539001465,-0.00016767457127571075,0.01564884483814238,0.06715918362379714,0.05004689286462872,0.0863639459567103,0.04110533172916738,0.0286767105555198,0.054655043034524634,0.09492904184627467
180,90,25,3188,0.0043444037437438965,-0.003818044811487198,0.01177107542753219,0.06715918362379714,0.05004689286462872,0.0863639459567103,0.03579291512481541,0.023696764019710045,0.04890623061338009,0.09492904184627467
180,95,6,3188,0.004164218902587891,-0.00036029070615768423,0.0076917976140975924,0.06715918362379714,0.05004689286462872,0.0863639459567103,0.02145331209920431,0.014825756938657838,0.029235211857359566,0.09492904184627467
180,95,25,3188,0.002601444721221924,-0.0016293689608573912,0.006105375289916988,0.06715918362379714,0.05004689286462872,0.0863639459567103,0.018784775675614474,0.012380346024419063,0.026234676489291387,0.09492904184627467
180,98,6,3188,0.0017839670181274414,2.9025971889495966e-05,0.0031460255384445188,0.06715918362379714,0.05004689286462872,0.0863639459567103,0.008626739121739807,0.005854507801607755,0.012017752132199851,0.09492904184627467
180,98,25,3188,0.0013415813446044922,-0.000365684926509857,0.0026489078998565667,0.06715918362379714,0.05004689286462872,0.0863639459567103,0.007728445055045029,0.0050525318033094995,0.010990803171646675,0.09492904184627467
365,80,6,1581,0.06078934669494629,0.017457064986228944,0.09136599600315093,0.13696212611363423,0.09551145266568191,0.17077014473192845,0.14578512931156581,0.09369985066665336,0.19076500029168397,0.20319162531760965
365,80,25,1581,0.04604446887969971,0.004474832117557526,0.07574057579040527,0.13696212611363423,0.09551145266568191,0.17077014473192845,0.13419090159553126,0.08299461431461766,0.17871453673411913,0.20319162531760965
365,85,6,1581,0.027921199798583984,0.002049961686134339,0.05229449272155761,0.13696212611363423,0.09551145266568191,0.17077014473192845,0.12113799704244663,0.0765005945525395,0.15997189131942502,0.20319162531760965
365,85,25,1581,0.015198707580566406,-0.008394749462604522,0.04189766198396682,0.13696212611363423,0.09551145266568191,0.17077014473192845,0.10905180269219618,0.06581906245160539,0.14717271837991747,0.20319162531760965
365,90,6,1581,0.015599608421325684,-0.0008703783154487609,0.03339375257492064,0.13696212611363423,0.09551145266568191,0.17077014473192845,0.08751893265951592,0.05231045267556688,0.11863485850809692,0.20319162531760965
365,90,25,1581,0.008849501609802246,-0.008350047469139098,0.02599421143531799,0.13696212611363423,0.09551145266568191,0.17077014473192845,0.0779135323716899,0.04423250388185748,0.1085087174652006,0.20319162531760965
365,95,6,1581,0.006703376770019531,-0.0015118464827537537,0.015991650521755215,0.13696212611363423,0.09551145266568191,0.17077014473192845,0.04871872902519713,0.028015472115827847,0.06983761289611956,0.20319162531760965
365,95,25,1581,0.0040073394775390625,-0.0036143764853477475,0.01290129870176314,0.13696212611363423,0.09551145266568191,0.17077014473192845,0.04347453544895382,0.023797840051297616,0.06386258956608486,0.20319162531760965
365,98,6,1581,0.003078460693359375,-0.0005607739090919495,0.006354835629463195,0.13696212611363423,0.09551145266568191,0.17077014473192845,0.021112608276236896,0.01068835744422985,0.03283428065691691,0.20319162531760965
365,98,25,1581,0.00245511531829834,-0.0012903161346912383,0.00557679533958435,0.13696212611363423,0.09551145266568191,0.17077014473192845,0.01940729363970482,0.00945387651614216,0.030874119902595656,0.20319162531760965
