term,regime,floor,n,n_years,lock,lock_lo,lock_hi,breach_mat,breach_mat_lo,breach_mat_hi,breach_any,med_ret,mean_ret,med_hold,mean_hold,capture_up,p10_ret,p10_hold,worst_ret,worst_hold,pct_loss
7,all starts,80,401292,99,0.00039871215972409117,0.00018797342271920342,0.0006781983218953453,0.0002940502177965172,0.0001426245604693654,0.0004739616277127307,0.00039871215972409117,0.0006878972053527832,0.0017594439567443082,0.003333326025754757,0.0035559826506131533,0.7628407816111843,-0.036952906847000117,-0.044576749865861964,-0.48670244216918945,-0.8828571195263827,0.48813582129721
7,all starts,90,401292,99,0.0004136638657137446,0.0001981253657272057,0.0006978853712573463,0.00023673534483617913,9.965054397758559e-05,0.00038587586757259096,0.0004136638657137446,0.00037425756454467773,0.0008829646547372792,0.003333326025754757,0.0035559826506131533,0.38085436099661607,-0.018455487489700315,-0.044576749865861964,-0.24746596813201904,-0.8828571195263827,0.48749538989065316
7,all starts,95,401292,99,0.00041117191471546906,0.00018431256472315963,0.0006890330462485558,0.00016197681488791204,7.729731725964044e-05,0.00025664534650849036,0.00041117191471546906,0.00024330615997314453,0.0004415128134574174,0.003333326025754757,0.0035559826506131533,0.18976792485579774,-0.00922088623046875,-0.044576749865861964,-0.15978342294692993,-0.8828571195263827,0.48410882848399667
7,all starts,98,401292,99,0.000446059228691327,0.000209019422893283,0.0007301325671668442,5.731487296033811e-05,1.6404541431622546e-05,0.00010882656163024195,0.000446059228691327,0.0001398324966430664,0.00017689823181629206,0.003333326025754757,0.0035559826506131533,0.07602839276736367,-0.003759139776229858,-0.044576749865861964,-0.12179964780807495,-0.8828571195263827,0.4765532330572252
7,calm start (20d vol in bottom half),80,200691,94,9.467290511283515e-05,2.2100586492579937e-05,0.00019391212851978712,8.969012063321226e-05,2.0335969474741084e-05,0.00018172143041722067,9.467290511283515e-05,0.0009238719940185547,0.001449298670287018,0.003026485648804922,0.002995490223148363,0.7595205921316507,-0.027895867824554443,-0.03368303831453756,-0.3040439486503601,-0.4308826448509302,0.4805048557234754
7,calm start (20d vol in bottom half),90,200691,94,9.467290511283515e-05,1.8060100619781234e-05,0.00019002718059412557,4.982784479622903e-05,0.0,0.0001242114982670511,9.467290511283515e-05,0.0005015134811401367,0.0007250207913455847,0.003026485648804922,0.002995490223148363,0.3788407977736287,-0.013938963413238525,-0.03368303831453756,-0.15202200412750244,-0.4308826448509302,0.47931895301732513
7,calm start (20d vol in bottom half),95,200691,94,7.972455167396645e-05,1.8624161176228336e-05,0.0001716169814985898,3.487949135736032e-05,0.0,9.97868464784936e-05,7.972455167396645e-05,0.0002932548522949219,0.00036052329069654845,0.003026485648804922,0.002995490223148363,0.18895947560144133,-0.006981611251831055,-0.03368303831453756,-0.07601100206375122,-0.4308826448509302,0.4756366752868838
7,calm start (20d vol in bottom half),98,200691,94,8.470733615358935e-05,1.5505811107541617e-05,0.0001749081814035991,4.982784479622903e-06,0.0,1.7038736841625514e-05,8.470733615358935e-05,0.0001398324966430664,0.00014290408221948666,0.003026485648804922,0.002995490223148363,0.07580850180087201,-0.0028399229049682617,-0.03368303831453756,-0.030404388904571533,-0.4308826448509302,0.47039976879880013
7,high-vol start (20d vol in top 10%),80,40096,79,0.0017458100558659217,0.00035658935775640836,0.003326541980725704,0.0008978451715881883,0.0002326698907696057,0.0014711261590887236,0.0017458100558659217,-0.0017319321632385254,0.00297365101843668,0.003986167369841143,0.005884740217192145,0.76053780804666,-0.06595835089683533,-0.08083590132259483,-0.48670244216918945,-0.8828571195263827,0.5148144453312051
7,high-vol start (20d vol in top 10%),90,40096,79,0.0018954509177972864,0.00041940722777645265,0.0034530656506220917,0.000823024740622506,0.00026284843210101105,0.001329408492709593,0.0018954509177972864,-0.000990450382232666,0.001523327592281656,0.003986167369841143,0.005884740217192145,0.38155865345758616,-0.033024221658706665,-0.08083590132259483,-0.24746596813201904,-0.8828571195263827,0.516884477254589
7,high-vol start (20d vol in top 10%),95,40096,79,0.001970271348762969,0.0005338645720337927,0.0036810282034245734,0.0006484437350359138,0.00015071035307481802,0.0010860003767775568,0.001970271348762969,-0.0004093945026397705,0.0007762459997929103,0.003986167369841143,0.005884740217192145,0.19029555420089225,-0.01650044322013855,-0.08083590132259483,-0.15978342294692993,-0.8828571195263827,0.5142408220271348
7,high-vol start (20d vol in top 10%),98,40096,79,0.002144852354349561,0.00045260240915349074,0.003992287680823281,0.00034916201117318437,0.0,0.0006671569626234275,0.002144852354349561,-3.358721733093262e-05,0.0003175979698669977,0.003986167369841143,0.005884740217192145,0.07586664542445941,-0.006656527519226074,-0.08083590132259483,-0.12179964780807495,-0.8828571195263827,0.502419193934557
7,start >=20% below 1y peak,80,90501,81,0.0013812002077325113,0.0007115355045920201,0.002153439641165059,0.0009281665395962476,0.000511070214716851,0.0013417886193746672,0.0013812002077325113,-0.0015015602111816406,0.002731280841031373,0.002918381336261877,0.004987666828745586,0.7692012721468273,-0.05732285976409912,-0.07062265215098329,-0.48670244216918945,-0.8828571195263827,0.5148672390360327
7,start >=20% below 1y peak,90,90501,81,0.0014364482160418117,0.0006864640330906544,0.0022231974663581818,0.0007845217179920663,0.0003832320203404489,0.0011404266567322133,0.0014364482160418117,-0.0007646679878234863,0.001377414510934543,0.002918381336261877,0.004987666828745586,0.3846672652631055,-0.02868586778640747,-0.07062265215098329,-0.24746596813201904,-0.8828571195263827,0.5155523143390681
7,start >=20% below 1y peak,95,90501,81,0.0014143490127180914,0.0006233303596264647,0.002271086690557909,0.0006298272947260252,0.0003282294558017169,0.000955054312118793,0.0014143490127180914,-0.0002459883689880371,0.0006920816653317582,0.002918381336261877,0.004987666828745586,0.19151612239104798,-0.014316320419311523,-0.07062265215098329,-0.15978342294692993,-0.8828571195263827,0.5133202948033724
7,start >=20% below 1y peak,98,90501,81,0.0015358946309985526,0.0007382059435406085,0.002482713337497867,0.00025414083822278207,7.49373496545036e-05,0.0004511200344401257,0.0015358946309985526,-2.8848648071289062e-05,0.00027435972282746114,0.002918381336261877,0.004987666828745586,0.07633590928743428,-0.005773723125457764,-0.07062265215098329,-0.12179964780807495,-0.8828571195263827,0.5021159987182462
7,start within 5% of 1y peak,80,155387,95,3.2177724005225666e-05,0.0,0.00010036195193024291,3.2177724005225666e-05,0.0,8.888267747632289e-05,3.2177724005225666e-05,0.0011310577392578125,0.0014217013490698937,0.0032754524174161137,0.0030289692532894895,0.7549185553104112,-0.02657386064529419,-0.03192112894580521,-0.2371882200241089,-0.4172922318533179,0.47453776699466493
7,start within 5% of 1y peak,90,155387,95,3.861326880627079e-05,0.0,0.00010388072249651781,3.2177724005225666e-05,0.0,9.880849499027161e-05,3.861326880627079e-05,0.000601649284362793,0.0007069481159714627,0.0032754524174161137,0.0030289692532894895,0.376298287165408,-0.013279914855957031,-0.03192112894580521,-0.11859411001205444,-0.4172922318533179,0.4731927381312465
7,start within 5% of 1y peak,95,155387,95,5.791990320940619e-05,0.0,0.0001545292493925498,1.2871089602090265e-05,0.0,4.1907558688998754e-05,5.791990320940619e-05,0.0003374814987182617,0.0003502533969730502,0.0032754524174161137,0.0030289692532894895,0.1876263180121432,-0.006652438640594482,-0.03192112894580521,-0.06588077545166016,-0.4172922318533179,0.4696145752218654
7,start within 5% of 1y peak,98,155387,95,5.791990320940619e-05,0.0,0.0001553276663558699,0.0,0.0,0.0,5.791990320940619e-05,0.00015664100646972656,0.0001401657816106904,0.0032754524174161137,0.0030289692532894895,0.07532019364342177,-0.0026999711990356445,-0.03192112894580521,-0.026493310928344727,-0.4172922318533179,0.4641507976857781
14,all starts,80,80239,99,0.0007976171188574135,0.0003666312610493916,0.0012782485976041327,0.0005234362342501776,0.0002350222715723827,0.0008957778732951075,0.0007976171188574135,0.001755356788635254,0.004348196991538343,0.00630031912056217,0.0070601987346310385,0.7669955954482955,-0.05018486976623535,-0.06073022370794381,-0.48670244216918945,-0.8276633551834367,0.4790937075486983
14,all starts,90,80239,99,0.0008350054213038548,0.00036243541235388783,0.001420242880945742,0.00039880855942870676,0.00018486513335958955,0.0006266801103831643,0.0008350054213038548,0.0008685588836669922,0.0021624097173191586,0.00630031912056217,0.0070601987346310385,0.3823652273284592,-0.025093507766723634,-0.06073022370794381,-0.24335122108459473,-0.8276633551834367,0.47918094692107327
14,all starts,95,80239,99,0.0008599309562681489,0.0003882488929101064,0.0014434668145939873,0.00023679258216079463,9.094714022949048e-05,0.0004070802193451534,0.0008599309562681489,0.0004932880401611328,0.001078619509513818,0.00630031912056217,0.0070601987346310385,0.19001563493408738,-0.012489140033721924,-0.06073022370794381,-0.12167561054229736,-0.8276633551834367,0.47626465933025086
14,all starts,98,80239,99,0.0009720958636074727,0.0004428368664860044,0.0016234356928011117,0.00012462767482147085,3.515408866946929e-05,0.0002299036705684514,0.0009720958636074727,0.00029206275939941406,0.00043518650821327377,0.00630031912056217,0.0070601987346310385,0.07584306739257297,-0.005025756359100342,-0.06073022370794381,-0.04867023229598999,-0.8276633551834367,0.4651478707361757
14,calm start (20d vol in bottom half),80,40106,93,0.00017453747568942302,4.323357261451146e-05,0.00035338176189744715,0.00014960355059093404,2.780854235385798e-05,0.00031603467428653424,0.00017453747568942302,0.0020371675491333008,0.003940193911879959,0.005499219702215008,0.006097930683041833,0.7749253728127012,-0.03881913423538208,-0.04693093339093668,-0.291412353515625,-0.508546933577833,0.4697551488555328
14,calm start (20d vol in bottom half),90,40106,93,0.00014960355059093404,2.9952862398036332e-05,0.00031197070657577284,9.973570039395601e-05,0.0,0.00023566229844713146,0.00014960355059093404,0.0010537505149841309,0.0019887890719668335,0.005499219702215008,0.006097930683041833,0.3872877103068576,-0.01936352252960205,-0.04693093339093668,-0.1457061767578125,-0.508546933577833,0.46905699895277514
14,calm start (20d vol in bottom half),95,40106,93,0.00014960355059093404,2.6759205566257263e-05,0.00031105599795661873,7.480177529546702e-05,0.0,0.00016772075495407075,0.00014960355059093404,0.000585019588470459,0.0009890671490445872,0.005499219702215008,0.006097930683041833,0.19242557777345778,-0.009670227766036987,-0.04693093339093668,-0.07134866714477539,-0.508546933577833,0.4656659851393806
14,calm start (20d vol in bottom half),98,40106,93,0.00019947140078791203,4.869791015416371e-05,0.0003872233180407069,0.0,0.0,0.0,0.00019947140078791203,0.0003033876419067383,0.00039202235544351474,0.005499219702215008,0.006097930683041833,0.07691357897217714,-0.00392642617225647,-0.04693093339093668,-0.0298309326171875,-0.508546933577833,0.45574228295018204
14,high-vol start (20d vol in top 10%),80,8032,78,0.0034860557768924302,0.0008818396505399057,0.006457368023121256,0.001245019920318725,0.00044115474112430415,0.0020085662658084285,0.0034860557768924302,-0.0020273327827453613,0.005989965518929094,0.009257162396876906,0.011311606747927578,0.74180993623983,-0.0882257580757141,-0.10855488008265303,-0.48670244216918945,-0.8276633551834367,0.5134462151394422
14,high-vol start (20d vol in top 10%),90,8032,78,0.003859561752988048,0.0006720120176572737,0.007428762886117064,0.0011205179282868527,0.0003991598976693385,0.001768635156129331,0.003859561752988048,-0.0013161003589630127,0.002780134229367948,0.009257162396876906,0.011311606747927578,0.3671001254492711,-0.044145727157592775,-0.10855488008265303,-0.24335122108459473,-0.8276633551834367,0.5169322709163346
14,high-vol start (20d vol in top 10%),95,8032,78,0.00398406374501992,0.0005294448475518218,0.007567733433558988,0.000747011952191235,0.00017927542763982804,0.0012325733042292447,0.00398406374501992,-0.0006055235862731934,0.0014343652206350607,0.009257162396876906,0.011311606747927578,0.18356346905019644,-0.021886950731277464,-0.10855488008265303,-0.12167561054229736,-0.8276633551834367,0.5164342629482072
14,high-vol start (20d vol in top 10%),98,8032,78,0.004855577689243028,0.0010657891484920723,0.008912841823228948,0.00049800796812749,0.0,0.0009943358766632405,0.004855577689243028,-8.174777030944824e-05,0.0006207214126667653,0.009257162396876906,0.011311606747927578,0.07334476570106307,-0.008774250745773315,-0.10855488008265303,-0.04867023229598999,-0.8276633551834367,0.5041085657370518
14,start >=20% below 1y peak,80,18108,78,0.0025955378838082616,0.001200868143321321,0.0041816465097721635,0.0014910536779324055,0.0008025896829897745,0.0021619756394594034,0.0025955378838082616,-0.0021555423736572266,0.005974324015636752,0.007054815949813498,0.00965539065541894,0.7632835310494592,-0.07857180237770081,-0.09722236465897949,-0.48670244216918945,-0.8276633551834367,0.5130329136293351
14,start >=20% below 1y peak,90,18108,78,0.0028164347249834327,0.001297436844708898,0.004417502450313192,0.0013253810470510272,0.0006467110035145481,0.002060879611186359,0.0028164347249834327,-0.0012015700340270996,0.002921450488978673,0.007054815949813498,0.00965539065541894,0.38003666122647617,-0.03925028443336487,-0.09722236465897949,-0.24335122108459473,-0.8276633551834367,0.5152971062513806
14,start >=20% below 1y peak,95,18108,78,0.0028716589352772255,0.0012151056090024133,0.004809481994696649,0.0009388115749944776,0.00037929654603335595,0.001531436002823706,0.0028716589352772255,-0.0005008578300476074,0.0014710832121410668,0.007054815949813498,0.00965539065541894,0.18928196808301834,-0.019644922018051146,-0.09722236465897949,-0.12167561054229736,-0.8276633551834367,0.5144687430969738
14,start >=20% below 1y peak,98,18108,78,0.0031477799867461894,0.001296954896722374,0.005153135463092618,0.0004970178926441351,0.00012306556771659889,0.0009169215730478779,0.0031477799867461894,-7.292628288269043e-05,0.0006029176111644747,0.007054815949813498,0.00965539065541894,0.07524943978743659,-0.007805484533309937,-0.09722236465897949,-0.04867023229598999,-0.8276633551834367,0.5039761431411531
14,start within 5% of 1y peak,80,31008,95,0.00012899896800825592,0.0,0.0003878308125023555,0.00012899896800825592,0.0,0.0003657638843220398,0.00012899896800825592,0.0025849342346191406,0.004006527748700881,0.006101319381752401,0.006488422159132013,0.7668279978346206,-0.03597414493560791,-0.04316810142611338,-0.2372327446937561,-0.4328261152295486,0.4588815789473684
14,start within 5% of 1y peak,90,31008,95,0.00012899896800825592,0.0,0.0003627997604318577,9.674922600619196e-05,0.0,0.0002667171528494459,0.00012899896800825592,0.0013148784637451172,0.0019922906742407195,0.006101319381752401,0.006488422159132013,0.3818057681858348,-0.017954134941101072,-0.04316810142611338,-0.11876708269119263,-0.4328261152295486,0.45804308565531476
14,start within 5% of 1y peak,95,31008,95,0.00016124871001031992,0.0,0.00041631752666388495,0.0,0.0,0.0,0.00016124871001031992,0.0007089972496032715,0.0009924616410913114,0.006101319381752401,0.006488422159132013,0.18977399758765,-0.008955556154251098,-0.04316810142611338,-0.05894613265991211,-0.4328261152295486,0.45426986584107326
14,start within 5% of 1y peak,98,31008,95,0.00016124871001031992,0.0,0.0004166820975459763,0.0,0.0,0.0,0.00016124871001031992,0.0003504753112792969,0.00039757818552608705,0.006101319381752401,0.006488422159132013,0.07603688716934962,-0.0036602497100830076,-0.04316810142611338,-0.0235784649848938,-0.4328261152295486,0.44465944272445823
30,all starts,80,80157,99,0.0017216213181631048,0.000734522255062081,0.002857569270711961,0.0009980413438626695,0.00045238203887166357,0.0016284021122568992,0.0017216213181631048,0.004230856895446777,0.010498214052357532,0.013100145331844226,0.015102778330310738,0.7691700615487851,-0.07106114625930786,-0.08507735251291701,-0.48670244216918945,-0.8825988563354161,0.4662225382686478
30,all starts,90,80157,99,0.0017216213181631048,0.0008119377679937967,0.002882052227226183,0.0007610065246952855,0.00037106444222707906,0.0012603793854706502,0.0017216213181631048,0.001968860626220703,0.00533711524914932,0.013100145331844226,0.015102778330310738,0.3865282207910689,-0.035561561584472656,-0.08507735251291701,-0.24335122108459473,-0.8825988563354161,0.4678817820028195
30,all starts,95,80157,99,0.0017340968349613883,0.0007995895660035874,0.0028734530947565635,0.0003992165375450678,0.00015429343189722405,0.0006788593663680565,0.0017340968349613883,0.0010395050048828125,0.0026566119464224804,0.013100145331844226,0.015102778330310738,0.1917222820015963,-0.017656052112579347,-0.08507735251291701,-0.12167561054229736,-0.8825988563354161,0.466010454483077
30,all starts,98,80157,99,0.0022081664732961563,0.0010270711802390948,0.003564870656743777,0.00018713275197425054,4.115416776016635e-05,0.0003726806060074676,0.002195690956497873,0.0005775690078735352,0.0010513451462956052,0.013100145331844226,0.015102778330310738,0.07558616675805957,-0.007000124454498291,-0.08507735251291701,-0.04867023229598999,-0.8825988563354161,0.45341018251681076
30,calm start (20d vol in bottom half),80,40064,93,0.0005990415335463259,0.00017205728092183322,0.001169527185462955,0.0004492811501597444,6.11662893345644e-05,0.0009683923279923809,0.0005990415335463259,0.004822850227355957,0.009157760497242116,0.011430216257381276,0.01249039806717641,0.7866453791375211,-0.05579012632369995,-0.06794360665983422,-0.291412353515625,-0.5304203105943691,0.45437300319488816
30,calm start (20d vol in bottom half),90,40064,93,0.0005241613418530351,0.00013473330672730008,0.001113430713934093,0.0003244808306709265,2.4432689062242424e-05,0.0007319194648430326,0.0005241613418530351,0.002387821674346924,0.004713497856578317,0.011430216257381276,0.01249039806717641,0.39671909695685514,-0.027821326255798338,-0.06794360665983422,-0.1457061767578125,-0.5304203105943691,0.4538987619808307
30,calm start (20d vol in bottom half),95,40064,93,0.0004992012779552715,8.429540572077515e-05,0.00103542466543404,0.00014976038338658146,2.3183480414217896e-05,0.00033307651535860276,0.0004992012779552715,0.001277327537536621,0.0023313231763248438,0.011430216257381276,0.01249039806717641,0.19638284711445064,-0.013839405775070191,-0.06794360665983422,-0.07134866714477539,-0.5304203105943691,0.4518270766773163
30,calm start (20d vol in bottom half),98,40064,93,0.0007737619808306709,0.000278473615354783,0.0014712090791951875,0.0,0.0,0.0,0.0007737619808306709,0.0006333589553833008,0.0009168969592252097,0.011430216257381276,0.01249039806717641,0.0776497030238121,-0.005531156063079834,-0.06794360665983422,-0.0298309326171875,-0.5304203105943691,0.4383985623003195
30,high-vol start (20d vol in top 10%),80,8023,78,0.007104574348747351,0.0013946246759796953,0.013625111841730578,0.001994266483858906,0.0006239759901630637,0.0032963036350744128,0.007104574348747351,-0.003447234630584717,0.013486408101164698,0.017739723752411285,0.02374405334069557,0.7204917865073208,-0.11811400651931761,-0.14735507162169517,-0.48670244216918945,-0.8825988563354161,0.5166396609746977
30,high-vol start (20d vol in top 10%),90,8023,78,0.0069799326935061695,0.00117248661730174,0.013291563106394297,0.0016203415181353608,0.0004812077077458514,0.0026012438481253335,0.0069799326935061695,-0.0029650330543518066,0.006464076988658123,0.017739723752411285,0.02374405334069557,0.357414795081671,-0.05966747999191284,-0.14735507162169517,-0.24335122108459473,-0.8825988563354161,0.5273588433254394
30,high-vol start (20d vol in top 10%),95,8023,78,0.0069799326935061695,0.0011364417932318422,0.013777351830546713,0.0008724915866882712,0.0002155902273298971,0.0015283296129112384,0.0069799326935061695,-0.0014169812202453613,0.0032562175757507874,0.017739723752411285,0.02374405334069557,0.17787196418992166,-0.02962315082550049,-0.14735507162169517,-0.12167561054229736,-0.8825988563354161,0.5249906518758569
30,high-vol start (20d vol in top 10%),98,8023,78,0.00934812414308862,0.0025984112803649796,0.01663996273846321,0.0007478499314470896,0.0,0.0014815819386421215,0.00934812414308862,-0.00035178661346435547,0.0012634686515558009,0.017739723752411285,0.02374405334069557,0.06906810595002291,-0.011656737327575684,-0.14735507162169517,-0.04867023229598999,-0.8825988563354161,0.5166396609746977
30,start >=20% below 1y peak,80,18090,78,0.005362078496406855,0.002316626456243903,0.008780866852436689,0.0026533996683250414,0.0012867972539207086,0.004168770101344222,0.005362078496406855,-0.0020858347415924072,0.013572003315534955,0.01620991223034496,0.020155101219399216,0.7516428108753817,-0.10803729891777039,-0.13655744114106277,-0.48670244216918945,-0.8825988563354161,0.5097291321171918
30,start >=20% below 1y peak,90,18090,78,0.00552791597567717,0.0024922904433336214,0.009125107349770309,0.002155887230514096,0.000897286168891274,0.0035062937114526678,0.00552791597567717,-0.0016505122184753418,0.006782619537339809,0.01620991223034496,0.020155101219399216,0.37652029368230105,-0.054264068603515625,-0.13655744114106277,-0.24335122108459473,-0.8825988563354161,0.515975677169707
30,start >=20% below 1y peak,95,18090,78,0.005583195135433942,0.0025814666646356097,0.00894015451212969,0.0014372581536760641,0.0005416412495979474,0.0025492786048092538,0.005583195135433942,-0.0007905960083007812,0.0033587397034488507,0.01620991223034496,0.020155101219399216,0.1866662022226756,-0.02697741985321045,-0.13655744114106277,-0.12167561054229736,-0.8825988563354161,0.5147042564953013
30,start >=20% below 1y peak,98,18090,78,0.00652294085129906,0.002929113650728934,0.010383509903442476,0.0006080707573244887,0.00015963481275109496,0.0011508412820348676,0.00652294085129906,-9.617209434509277e-05,0.0013072195568422113,0.01620991223034496,0.020155101219399216,0.07294352188961369,-0.01063656210899353,-0.13655744114106277,-0.04867023229598999,-0.8825988563354161,0.5053620784964069
30,start within 5% of 1y peak,80,30979,95,0.00035507924723199584,0.0,0.0010277139235049778,0.0002905193840989057,0.0,0.0009165101880348525,0.00035507924723199584,0.005757689476013184,0.009381442062465111,0.012349986791317491,0.01334148480989887,0.7755599653481133,-0.051013052463531494,-0.06086572579457976,-0.25328946113586426,-0.5791938434411146,0.44120210465153814
30,start within 5% of 1y peak,90,30979,95,0.00035507924723199584,0.0,0.0010224482590553002,0.00025823945253236066,0.0,0.000725868488175956,0.00035507924723199584,0.002845287322998047,0.004707604320559001,0.012349986791317491,0.01334148480989887,0.3874964180070235,-0.02544410228729248,-0.06086572579457976,-0.1256883144378662,-0.5791938434411146,0.44084702540430615
30,start within 5% of 1y peak,95,30979,95,0.00038735917879854096,0.0,0.0011196090298921844,3.227993156654508e-05,0.0,0.00011362600807349058,0.00038735917879854096,0.0014711618423461914,0.0023418341213554974,0.012349986791317491,0.01334148480989887,0.19204285000745766,-0.012602198123931884,-0.06086572579457976,-0.060127079486846924,-0.5791938434411146,0.4383614706736822
30,start within 5% of 1y peak,98,30979,95,0.0006778785628974467,7.204564267431652e-05,0.0016276480007655554,6.455986313309016e-05,0.0,0.00021139165908871666,0.0006455986313309016,0.0007305145263671875,0.0009251525309022815,0.012349986791317491,0.01334148480989887,0.07601791272616724,-0.005030775070190429,-0.06086572579457976,-0.034895479679107666,-0.5791938434411146,0.42532037832079794
90,all starts,80,79829,99,0.005161031705270015,0.0025366118100064294,0.00883999748278753,0.0023675606609127008,0.0009882520206833804,0.004433818170409286,0.005148504929286349,0.01165914535522461,0.034169419816884025,0.03508761168474228,0.04582422098732329,0.7645828017761167,-0.11390788555145263,-0.13576427874227012,-0.48670244216918945,-0.9398968961871115,0.45067581956431874
90,all starts,90,79829,99,0.005749790176502274,0.002662802139902449,0.009454562943489836,0.001778802189680442,0.0008171252311163935,0.003091910423574368,0.005712209848551278,0.004719257354736328,0.01862805455851775,0.03508761168474228,0.04582422098732329,0.40122809529290365,-0.05727177858352661,-0.13576427874227012,-0.24335122108459473,-0.9398968961871115,0.45855516165804405
90,all starts,95,79829,99,0.006401182527652858,0.003269629586372723,0.010649769286042082,0.0010146688546768718,0.00036414608911109684,0.0018174651228775366,0.006363602199701863,0.0023986101150512695,0.009477282719087134,0.03508761168474228,0.04582422098732329,0.20140668761006558,-0.028399908542633058,-0.13576427874227012,-0.12167561054229736,-0.9398968961871115,0.4574903856994325
90,all starts,98,79829,99,0.009921206579062746,0.005550053130752375,0.015659333736613174,0.0003382229515589573,5.9485508777007677e-05,0.0007314566124282865,0.00988362625111175,0.0011354684829711914,0.0037244067379457934,0.03508761168474228,0.04582422098732329,0.07884464334099843,-0.011026597023010254,-0.13576427874227012,-0.04867023229598999,-0.9398968961871115,0.4493605080860339
90,calm start (20d vol in bottom half),80,39902,93,0.00230564883965716,0.0007247984002351938,0.004772727272727272,0.0014786226254323092,0.00016270129618509786,0.0032710021460574936,0.00230564883965716,0.013424456119537354,0.028005492959988814,0.030416401816387717,0.035927349994747455,0.7901152561135014,-0.09195466041564941,-0.10962019175137486,-0.291412353515625,-0.6994148432357807,0.4316826224249411
90,calm start (20d vol in bottom half),90,39902,93,0.002355771640519272,0.0006979139037415314,0.004727908010318813,0.0009523332163801313,0.00011385007217891671,0.002273894494063674,0.002355771640519272,0.0060732364654541016,0.014953858647380674,0.030416401816387717,0.035927349994747455,0.40946719877631094,-0.04615398049354553,-0.10962019175137486,-0.1457061767578125,-0.6994148432357807,0.43616861310210014
90,calm start (20d vol in bottom half),95,39902,93,0.0024058944413813846,0.0008392511650384486,0.005028145719338991,0.0004511052077590096,2.707868820726895e-05,0.0011930239442706915,0.0024058944413813846,0.0030342936515808105,0.00746602329070882,0.030416401816387717,0.035927349994747455,0.20346925538460697,-0.022954410314559935,-0.10962019175137486,-0.07134866714477539,-0.6994148432357807,0.4343641922710641
90,calm start (20d vol in bottom half),98,39902,93,0.004536113478021152,0.0020278612703896245,0.007915430110920567,0.0,0.0,0.0,0.004511052077590096,0.0013840198516845703,0.0029170655987924886,0.030416401816387717,0.035927349994747455,0.07948763695472859,-0.008928775787353516,-0.10962019175137486,-0.0298309326171875,-0.6994148432357807,0.4260438073279535
90,high-vol start (20d vol in top 10%),80,7992,78,0.019644644644644646,0.004901478231866065,0.039576403822592504,0.004754754754754755,0.0024412146079669634,0.007279092380702456,0.019644644644644646,-0.004221051931381226,0.046300077790373914,0.05116805864244023,0.07257713624137234,0.6882137136980634,-0.163980370759964,-0.21747341447057827,-0.48670244216918945,-0.9398968961871115,0.5112612612612613
90,high-vol start (20d vol in top 10%),90,7992,78,0.022022022022022022,0.006382505906644195,0.04113597606891973,0.0043793793793793796,0.0017029434992180716,0.007343104338842975,0.022022022022022022,-0.006401687860488892,0.02527399073253284,0.05116805864244023,0.07257713624137234,0.36147329141111784,-0.08213111758232117,-0.21747341447057827,-0.24335122108459473,-0.9398968961871115,0.5325325325325325
90,high-vol start (20d vol in top 10%),95,7992,78,0.025775775775775774,0.007944619823289473,0.04753919016079132,0.0021271271271271273,0.0006572591522732146,0.0040752056200502075,0.025775775775775774,-0.0032594799995422363,0.01318442545555256,0.05116805864244023,0.07257713624137234,0.18377303106663426,-0.04066541790962219,-0.21747341447057827,-0.12167561054229736,-0.9398968961871115,0.5349099099099099
90,high-vol start (20d vol in top 10%),98,7992,78,0.03490990990990991,0.013773721311338694,0.05904039320267806,0.0016266266266266266,0.00014786026043790018,0.0036712448459622357,0.03490990990990991,-0.0008715391159057617,0.005211899879279437,0.05116805864244023,0.07257713624137234,0.07201091730603565,-0.01593942046165466,-0.21747341447057827,-0.04867023229598999,-0.9398968961871115,0.5265265265265265
90,start >=20% below 1y peak,80,18021,78,0.015426446923034237,0.006874802333633171,0.025529886562287104,0.005493590810720826,0.002536696299150801,0.009457290440493375,0.015426446923034237,-0.005892038345336914,0.04319918852893357,0.04263850410174386,0.05951091145449514,0.7301822504801918,-0.15915453433990479,-0.2259686146674429,-0.48670244216918945,-0.9398968961871115,0.5132345596803729
90,start >=20% below 1y peak,90,18021,78,0.017757061206370345,0.008281131262127983,0.02910182651338387,0.004661228566672216,0.0019469997430443767,0.008438897321297779,0.017590588757560623,-0.006142258644104004,0.024458436591929106,0.04263850410174386,0.05951091145449514,0.38994431583823985,-0.07988178730010986,-0.2259686146674429,-0.24335122108459473,-0.9398968961871115,0.5301592586426946
90,start >=20% below 1y peak,95,18021,78,0.01997669385716664,0.01001003945220751,0.031404724149523465,0.0027745408134953664,0.0011777031743552431,0.004881886277191265,0.019810221408356917,-0.0031437277793884277,0.01261559845002667,0.04263850410174386,0.05951091145449514,0.19718261127488346,-0.03965979814529419,-0.2259686146674429,-0.12167561054229736,-0.9398968961871115,0.5322124188446812
90,start >=20% below 1y peak,98,18021,78,0.02741246323733422,0.014978152585519577,0.042195770174844986,0.0012762887742078686,0.00019836433551494767,0.0027473740045690295,0.027356972421064312,-0.0009576678276062012,0.004891682981578195,0.04263850410174386,0.05951091145449514,0.07687633406427101,-0.015574157238006592,-0.2259686146674429,-0.04867023229598999,-0.9398968961871115,0.5259419566061817
90,start within 5% of 1y peak,80,30868,95,0.001133860308410004,0.0,0.003205679512182912,0.0008099002202928599,0.0,0.002607551321606271,0.001133860308410004,0.014829874038696289,0.02943636650200009,0.03163899016763372,0.03971326109271665,0.7793675036153219,-0.08386287689208984,-0.09596546340794314,-0.26396965980529785,-0.6167817638483617,0.41577037708954256
90,start within 5% of 1y peak,90,30868,95,0.0010366722819748608,0.0,0.0031907565523592164,0.0005507321497991447,0.0,0.0016897100300900072,0.0010366722819748608,0.0067275166511535645,0.015340428376994912,0.03163899016763372,0.03971326109271665,0.39936765360477106,-0.042164570093154906,-0.09596546340794314,-0.12889206409454346,-0.6167817638483617,0.42092134249060514
90,start within 5% of 1y peak,95,30868,95,0.0014254243877154335,0.0002313367001975541,0.003756925329491903,0.000323960088117144,0.0,0.0011150695736920502,0.0014254243877154335,0.003453075885772705,0.00775024569627765,0.03163899016763372,0.03971326109271665,0.19960277654804168,-0.020804548263549803,-0.09596546340794314,-0.06447231769561768,-0.6167817638483617,0.4178437216534923
90,start within 5% of 1y peak,98,30868,95,0.0034015809252300115,0.0012669216978198749,0.0066300074571092864,6.47920176234288e-05,0.0,0.000207505389202173,0.003336788907606583,0.0015488266944885254,0.00304746876707407,0.03163899016763372,0.03971326109271665,0.07802122328018943,-0.008146065473556518,-0.09596546340794314,-0.034895479679107666,-0.6167817638483617,0.40854606712453023
365,all starts,80,78391,98,0.024020614611371203,0.013871782761367295,0.036149875350615715,0.005727698332716766,0.0026073583077090828,0.00953859764927854,0.023944075212715746,0.05175888538360596,0.15528331011588103,0.13151737777097705,0.20566438623152275,0.7460025522219714,-0.17642736434936523,-0.22405647860852285,-0.48670244216918945,-0.9916973469041748,0.41993341072316975
365,all starts,90,78391,98,0.03050095036419997,0.017587102250105943,0.04612870962241236,0.004528581087114592,0.00186235120882177,0.00878698703841713,0.030373384699774207,0.014305830001831055,0.09660704237386375,0.13151737777097705,0.20566438623152275,0.44574861133247884,-0.08828973770141602,-0.22405647860852285,-0.38898932933807373,-0.9916973469041748,0.44898011251291603
365,all starts,95,78391,98,0.039111632712938986,0.023617433003053193,0.058963850307195545,0.0028574708831370947,0.0011037106320963737,0.005183132485785589,0.03894579734918549,0.006575465202331543,0.05430207975854392,0.13151737777097705,0.20566438623152275,0.24517416575173498,-0.04362970590591431,-0.22405647860852285,-0.1768088936805725,-0.9916973469041748,0.4517482874309551
365,all starts,98,78391,98,0.05839956117411438,0.03740967339864267,0.08263683134340061,0.0008546899516526132,0.00030613360053724926,0.0016155096995762563,0.05824648237680346,0.0027604103088378906,0.02313946993905035,0.13151737777097705,0.20566438623152275,0.10308792272463013,-0.01749056577682495,-0.22405647860852285,-0.08198726177215576,-0.9916973469041748,0.446390529525073
365,calm start (20d vol in bottom half),80,39181,92,0.011995610117148617,0.006396335877047699,0.01950489698848129,0.0036497281845792604,0.0008336351115563197,0.008033628188767152,0.011995610117148617,0.056928157806396484,0.13082890190515561,0.11992393274722923,0.1705692057104312,0.7700771856212936,-0.1512933373451233,-0.1655509452604642,-0.3386537432670593,-0.9703524792998809,0.39437482453229883
365,calm start (20d vol in bottom half),90,39181,92,0.014088461243970292,0.007415530068414039,0.022261114562327794,0.0025522574717337485,0.0006199390398207675,0.0062362884411255376,0.014088461243970292,0.019353389739990234,0.07836553691335976,0.11992393274722923,0.1705692057104312,0.4464167739117062,-0.07662975788116455,-0.1655509452604642,-0.1945490837097168,-0.9703524792998809,0.4190806768586815
365,calm start (20d vol in bottom half),95,39181,92,0.018478344095352338,0.010142830036670158,0.02724089186488937,0.0014803093336055741,0.00029711714075452724,0.0031592642344221143,0.018427298945917665,0.009485006332397461,0.0422930141532924,0.11992393274722923,0.1705692057104312,0.23726609536024024,-0.038091063499450684,-0.1655509452604642,-0.08279800415039062,-0.9703524792998809,0.4198208315254843
365,calm start (20d vol in bottom half),98,39181,92,0.029784844695132845,0.018260155184124778,0.043220163395560646,5.104514943467497e-05,0.0,0.00017513155648532847,0.029682754396263496,0.0038224458694458008,0.017200520526869628,0.11992393274722923,0.1705692057104312,0.09577635168471153,-0.014775276184082031,-0.1655509452604642,-0.08198726177215576,-0.9703524792998809,0.41374645874275795
365,high-vol start (20d vol in top 10%),80,7847,77,0.07009048043838409,0.02334343668884867,0.11739005947961785,0.01019497897285587,0.004528438553605435,0.017202459271193907,0.0699630432012234,0.021068930625915527,0.2082698206256207,0.18743097791577368,0.3012208525699558,0.6738216910257908,-0.19722867012023926,-0.3567574982342839,-0.48670244216918945,-0.9916973469041748,0.4791640117242258
365,high-vol start (20d vol in top 10%),90,7847,77,0.08958837772397095,0.03584788008638424,0.14649095797985054,0.009430355549891679,0.003809544331115509,0.015491062089172395,0.08933350324964955,-0.00539165735244751,0.13401590769072466,0.18743097791577368,0.3012208525699558,0.4142193008120723,-0.09923393726348877,-0.3567574982342839,-0.38898932933807373,-0.9916973469041748,0.5136995029947751
365,high-vol start (20d vol in top 10%),95,7847,77,0.11036064738116477,0.04476161996963465,0.17675589095678795,0.006116987383713521,0.001493868919324967,0.011611523428528286,0.10997833566968268,-0.004020869731903076,0.07658760265376106,0.18743097791577368,0.3012208525699558,0.2313530344545459,-0.050028097629547116,-0.3567574982342839,-0.12167561054229736,-0.9916973469041748,0.5198164903784886
365,high-vol start (20d vol in top 10%),98,7847,77,0.1478271951064101,0.07280611019281419,0.21472212952080133,0.0038231171148209505,0.0006137892187615945,0.007787927653765115,0.14769975786924938,-0.001363992691040039,0.033306976268287526,0.18743097791577368,0.3012208525699558,0.09917124242507787,-0.020076537132263185,-0.3567574982342839,-0.07564389705657959,-0.9916973469041748,0.5168854339237925
365,start >=20% below 1y peak,80,17875,77,0.054937062937062936,0.02623542333299997,0.0877543405031054,0.010461538461538461,0.00508423475197646,0.016861011689543813,0.05465734265734266,0.026328086853027344,0.2194607346508053,0.18082235328113772,0.29915381241966305,0.7095561707575462,-0.19539858102798463,-0.35197725933087143,-0.48670244216918945,-0.9916973469041748,0.47602797202797204
365,start >=20% below 1y peak,90,17875,77,0.07015384615384615,0.03771524595744505,0.10848775396763613,0.008839160839160838,0.004712715318312596,0.013923215910647801,0.06959440559440559,-0.007160186767578125,0.14411921331432315,0.18082235328113772,0.29915381241966305,0.4440878144217929,-0.09776864051818847,-0.35197725933087143,-0.24335122108459473,-0.9916973469041748,0.5164195804195805
365,start >=20% below 1y peak,95,17875,77,0.09197202797202797,0.053468726181307186,0.13218962283150534,0.005538461538461538,0.002383830921089601,0.00994464454106256,0.09146853146853147,-0.00484853982925415,0.08542808073550671,0.18082235328113772,0.29915381241966305,0.2562596369490859,-0.04954663515090942,-0.35197725933087143,-0.1768088936805725,-0.9916973469041748,0.5236363636363637
365,start >=20% below 1y peak,98,17875,77,0.13303496503496504,0.0868641183523593,0.18799177162956404,0.002013986013986014,0.0005051240075323976,0.004024635570322612,0.1326993006993007,-0.0019975900650024414,0.03837510194978514,0.18082235328113772,0.29915381241966305,0.11324286586872728,-0.0200519323348999,-0.35197725933087143,-0.04867023229598999,-0.9916973469041748,0.5243076923076923
365,start within 5% of 1y peak,80,30202,94,0.009337129991391298,0.005243133397700977,0.015477574109522127,0.003145487053837494,0.0007295952949439875,0.007368953051329901,0.009337129991391298,0.05986952781677246,0.12830763074208804,0.12102535854920582,0.17195561867071152,0.7596348568985892,-0.14144930839538572,-0.14312598808755364,-0.3831300139427185,-0.9481928143948334,0.38202768028607376
365,start within 5% of 1y peak,90,30202,94,0.011456194953976559,0.005420214228062182,0.018434090246586647,0.0027150519833123634,0.00040020114302288107,0.0066700062402168655,0.011456194953976559,0.02156078815460205,0.07394903079814985,0.12102535854920582,0.17195561867071152,0.42736678825050434,-0.07221202254295349,-0.14312598808755364,-0.16470295190811157,-0.9481928143948334,0.4046089662936229
365,start within 5% of 1y peak,95,30202,94,0.015561883318985498,0.008126188951655634,0.025474995296296217,0.0019204026223428913,6.735569108145139e-05,0.004911830830702786,0.015561883318985498,0.0106278657913208,0.039573209487904805,0.12102535854920582,0.17195561867071152,0.22546426337245173,-0.035636764764785764,-0.14312598808755364,-0.11502808332443237,-0.9481928143948334,0.4050062909741077
365,start within 5% of 1y peak,98,30202,94,0.023971922389245746,0.01443144674835865,0.03729164890994076,0.0005628766306867095,7.398930177526187e-05,0.0012336041195807957,0.023905701609164956,0.0043182373046875,0.01607424000637175,0.12102535854920582,0.17195561867071152,0.09079468956677086,-0.013820028305053708,-0.14312598808755364,-0.08198726177215576,-0.9481928143948334,0.3956029402026356
