series,start,event,term,floor,hold,vault,locked,lock_at,end_vs_floor_pts
GSPC,1987-10-12,Oct 1987 crash week,7,80,-0.09120131947538845,-0.06844341645096008,False,,13.155658354903988
GSPC,1987-10-12,Oct 1987 crash week,7,90,-0.09120131947538845,-0.03386246044590091,False,,6.613753955409907
GSPC,1987-10-12,Oct 1987 crash week,7,95,-0.09120131947538845,-0.01693123022295051,False,,3.3068769777049534
GSPC,1987-10-12,Oct 1987 crash week,7,98,-0.09120131947538845,-0.006859405586915113,False,,1.3140594413084905
GSPC,1987-10-12,Oct 1987 crash week,30,80,-0.21827886828222354,-0.17307677457067094,False,,2.692322542932901
GSPC,1987-10-12,Oct 1987 crash week,30,90,-0.21827886828222354,-0.08733785477717249,False,,1.2662145222827492
GSPC,1987-10-12,Oct 1987 crash week,30,95,-0.21827886828222354,-0.04211076893429799,False,,0.7889231065702051
GSPC,1987-10-12,Oct 1987 crash week,30,98,-0.21827886828222354,-0.016865051914803142,False,,0.3134948085196876
GSPC,1987-10-12,Oct 1987 crash week,90,80,-0.2043912956377928,-0.1740398596744982,False,,2.5960140325501757
GSPC,1987-10-12,Oct 1987 crash week,90,90,-0.2043912956377928,-0.08658045861574115,False,,1.3419541384258826
GSPC,1987-10-12,Oct 1987 crash week,90,95,-0.2043912956377928,-0.041650083948228,False,,0.8349916051772044
GSPC,1987-10-12,Oct 1987 crash week,90,98,-0.2043912956377928,-0.016681989263355956,False,,0.33180107366440614
GSPC,1987-10-12,Oct 1987 crash week,365,80,-0.1060854445076902,-0.1628200650261281,False,,3.717993497387184
GSPC,1987-10-12,Oct 1987 crash week,365,90,-0.1060854445076902,-0.08122027311864999,False,,1.877972688134999
GSPC,1987-10-12,Oct 1987 crash week,365,95,-0.1060854445076902,-0.03838903676467831,False,,1.1610963235321736
GSPC,1987-10-12,Oct 1987 crash week,365,98,-0.1060854445076902,-0.01538614511395675,False,,0.4613854886043267
GSPC,2000-03-10,Nasdaq 2000 peak,7,80,0.04050826621464543,0.029218978555443753,False,,22.921897855544373
GSPC,2000-03-10,Nasdaq 2000 peak,7,90,0.04050826621464543,0.014545566830533874,False,,11.454556683053385
GSPC,2000-03-10,Nasdaq 2000 peak,7,95,0.04050826621464543,0.006496657658320526,False,,5.649665765832057
GSPC,2000-03-10,Nasdaq 2000 peak,7,98,0.04050826621464543,0.003140802470253057,False,,2.3140802470253075
GSPC,2000-03-10,Nasdaq 2000 peak,30,80,0.0818012820043883,0.06521258581132017,False,,26.521258581132013
GSPC,2000-03-10,Nasdaq 2000 peak,30,90,0.0818012820043883,0.03235240432917008,False,,13.235240432917006
GSPC,2000-03-10,Nasdaq 2000 peak,30,95,0.0818012820043883,0.014900547470135361,False,,6.490054747013541
GSPC,2000-03-10,Nasdaq 2000 peak,30,98,0.0818012820043883,0.006261015697358374,False,,2.626101569735839
GSPC,2000-03-10,Nasdaq 2000 peak,90,80,0.042791276991605454,0.009412492183177967,False,,20.941249218317793
GSPC,2000-03-10,Nasdaq 2000 peak,90,90,0.042791276991605454,0.004780567037603323,False,,10.47805670376033
GSPC,2000-03-10,Nasdaq 2000 peak,90,95,0.042791276991605454,0.000908343009607071,False,,5.0908343009607115
GSPC,2000-03-10,Nasdaq 2000 peak,90,98,0.042791276991605454,0.0008264339963950373,False,,2.0826433996395055
GSPC,2000-03-10,Nasdaq 2000 peak,365,80,-0.12004787399139094,-0.11088187152374351,False,,8.911812847625644
GSPC,2000-03-10,Nasdaq 2000 peak,365,90,-0.12004787399139094,-0.05453904381121333,False,,4.546095618878665
GSPC,2000-03-10,Nasdaq 2000 peak,365,95,-0.12004787399139094,-0.02764664692736052,False,,2.2353353072639526
GSPC,2000-03-10,Nasdaq 2000 peak,365,98,-0.12004787399139094,-0.010471654027911503,False,,0.9528345972088514
GSPC,2008-09-02,Sep 2008 (Lehman month),7,80,-0.011724014489373547,-0.012121277606789937,False,,18.787872239321
GSPC,2008-09-02,Sep 2008 (Lehman month),7,90,-0.011724014489373547,-0.006257670970133078,False,,9.37423290298669
GSPC,2008-09-02,Sep 2008 (Lehman month),7,95,-0.011724014489373547,-0.0031288354850665945,False,,4.687116451493345
GSPC,2008-09-02,Sep 2008 (Lehman month),7,98,-0.011724014489373547,-0.001032767191410544,False,,1.8967232808589474
GSPC,2008-09-02,Sep 2008 (Lehman month),30,80,-0.09079143354379215,-0.08439438469553595,False,,11.5605615304464
GSPC,2008-09-02,Sep 2008 (Lehman month),30,90,-0.09079143354379215,-0.040262258952401764,False,,5.973774104759821
GSPC,2008-09-02,Sep 2008 (Lehman month),30,95,-0.09079143354379215,-0.02051396984363396,False,,2.9486030156366083
GSPC,2008-09-02,Sep 2008 (Lehman month),30,98,-0.09079143354379215,-0.006920306150174138,False,,1.307969384982588
GSPC,2008-09-02,Sep 2008 (Lehman month),90,80,-0.30135713934312935,-0.17927324389493904,False,,2.0726756105060917
GSPC,2008-09-02,Sep 2008 (Lehman month),90,90,-0.30135713934312935,-0.089255472046331,False,,1.074452795366898
GSPC,2008-09-02,Sep 2008 (Lehman month),90,95,-0.30135713934312935,-0.04213743823618443,False,,0.7862561763815612
GSPC,2008-09-02,Sep 2008 (Lehman month),90,98,-0.30135713934312935,-0.01655889826241752,False,,0.3441101737582497
GSPC,2008-09-02,Sep 2008 (Lehman month),365,80,-0.20439962420578373,-0.1792478590278549,False,,2.075214097214506
GSPC,2008-09-02,Sep 2008 (Lehman month),365,90,-0.20439962420578373,-0.08546169474584597,False,,1.4538305254154005
GSPC,2008-09-02,Sep 2008 (Lehman month),365,95,-0.20439962420578373,-0.04377464957946431,False,,0.6225350420535736
GSPC,2008-09-02,Sep 2008 (Lehman month),365,98,-0.20439962420578373,-0.01919074442744273,False,,0.08092555725572881
GSPC,2020-02-19,Feb 2020 (Covid peak),7,80,-0.0718276692270493,-0.05447356577535334,False,,14.552643422464662
GSPC,2020-02-19,Feb 2020 (Covid peak),7,90,-0.0718276692270493,-0.027236782887676725,False,,7.276321711232326
GSPC,2020-02-19,Feb 2020 (Covid peak),7,95,-0.0718276692270493,-0.013799859706057127,False,,3.6200140293942917
GSPC,2020-02-19,Feb 2020 (Covid peak),7,98,-0.0718276692270493,-0.00551994388242294,False,,1.4480056117577078
GSPC,2020-02-19,Feb 2020 (Covid peak),30,80,-0.2884588359275694,-0.16740156210151713,False,,3.2598437898482824
GSPC,2020-02-19,Feb 2020 (Covid peak),30,90,-0.2884588359275694,-0.08300145364048994,False,,1.6998546359510036
GSPC,2020-02-19,Feb 2020 (Covid peak),30,95,-0.2884588359275694,-0.039334476065702395,False,,1.066552393429765
GSPC,2020-02-19,Feb 2020 (Covid peak),30,98,-0.2884588359275694,-0.016206819279642515,False,,0.3793180720357503
GSPC,2020-02-19,Feb 2020 (Covid peak),90,80,-0.12354430097326219,-0.13857388541474036,False,,6.142611458525959
GSPC,2020-02-19,Feb 2020 (Covid peak),90,90,-0.12354430097326219,-0.07021070094047499,False,,2.9789299059524987
GSPC,2020-02-19,Feb 2020 (Covid peak),90,95,-0.12354430097326219,-0.02975065059927251,False,,2.0249349400727534
GSPC,2020-02-19,Feb 2020 (Covid peak),90,98,-0.12354430097326219,-0.012729155753253951,False,,0.7270844246746067
GSPC,2020-02-19,Feb 2020 (Covid peak),365,80,0.16646639682635822,-0.03798339912778248,False,,16.201660087221747
GSPC,2020-02-19,Feb 2020 (Covid peak),365,90,0.16646639682635822,-0.024182322025549152,False,,7.581767797445083
GSPC,2020-02-19,Feb 2020 (Covid peak),365,95,0.16646639682635822,0.002228664067878361,False,,5.2228664067878405
GSPC,2020-02-19,Feb 2020 (Covid peak),365,98,0.16646639682635822,-0.0038319141910473364,False,,1.6168085808952681
GSPC,2022-01-03,Jan 2022 bear start,7,80,-0.018704788181950427,-0.015733082681188892,False,,18.426691731881107
GSPC,2022-01-03,Jan 2022 bear start,7,90,-0.018704788181950427,-0.00786654134059439,False,,9.213345865940559
GSPC,2022-01-03,Jan 2022 bear start,7,95,-0.018704788181950427,-0.00397639783397119,False,,4.602360216602886
GSPC,2022-01-03,Jan 2022 bear start,7,98,-0.018704788181950427,-0.0015905591335885205,False,,1.8409440866411497
GSPC,2022-01-03,Jan 2022 bear start,30,80,-0.04608305364426246,-0.037893179286478285,False,,16.210682071352167
GSPC,2022-01-03,Jan 2022 bear start,30,90,-0.04608305364426246,-0.01896633044124163,False,,8.103366955875835
GSPC,2022-01-03,Jan 2022 bear start,30,95,-0.04608305364426246,-0.009764129027392987,False,,4.023587097260705
GSPC,2022-01-03,Jan 2022 bear start,30,98,-0.04608305364426246,-0.0038143209307612835,False,,1.6185679069238734
GSPC,2022-01-03,Jan 2022 bear start,90,80,-0.04622576242911003,-0.04675164961957057,False,,15.324835038042938
GSPC,2022-01-03,Jan 2022 bear start,90,90,-0.04622576242911003,-0.02307477483952136,False,,7.692522516047862
GSPC,2022-01-03,Jan 2022 bear start,90,95,-0.04622576242911003,-0.011311332955555198,False,,3.8688667044444847
GSPC,2022-01-03,Jan 2022 bear start,90,98,-0.04622576242911003,-0.004814498185137572,False,,1.5185501814862445
GSPC,2022-01-03,Jan 2022 bear start,365,80,-0.19765100110776035,-0.1407482732749512,False,,5.925172672504875
GSPC,2022-01-03,Jan 2022 bear start,365,90,-0.19765100110776035,-0.06766915458621303,False,,3.2330845413786946
GSPC,2022-01-03,Jan 2022 bear start,365,95,-0.19765100110776035,-0.03483678314943839,False,,1.5163216850561656
GSPC,2022-01-03,Jan 2022 bear start,365,98,-0.19765100110776035,-0.012535619140857324,False,,0.7464380859142694
GSPC,2025-04-02,Apr 2025 tariff shock,7,80,-0.11544323521281585,-0.08323114578836133,False,,11.676885421163863
GSPC,2025-04-02,Apr 2025 tariff shock,7,90,-0.11544323521281585,-0.0416155728941805,False,,5.838442710581948
GSPC,2025-04-02,Apr 2025 tariff shock,7,95,-0.11544323521281585,-0.02080778644709036,False,,2.9192213552909685
GSPC,2025-04-02,Apr 2025 tariff shock,7,98,-0.11544323521281585,-0.008323114578836166,False,,1.1676885421163852
GSPC,2025-04-02,Apr 2025 tariff shock,30,80,-0.005135687716069093,-0.02515997507741663,False,,17.484002492258334
GSPC,2025-04-02,Apr 2025 tariff shock,30,90,-0.005135687716069093,-0.01344531226891521,False,,8.655468773108478
GSPC,2025-04-02,Apr 2025 tariff shock,30,95,-0.005135687716069093,-0.005446171680870582,False,,4.455382831912946
GSPC,2025-04-02,Apr 2025 tariff shock,30,98,-0.005135687716069093,-0.0021439021557602134,False,,1.7856097844239804
GSPC,2025-04-02,Apr 2025 tariff shock,90,80,0.1055108699524554,0.06050434751346345,False,,26.05043475134634
GSPC,2025-04-02,Apr 2025 tariff shock,90,90,0.1055108699524554,0.028479546602260042,False,,12.847954660226002
GSPC,2025-04-02,Apr 2025 tariff shock,90,95,0.1055108699524554,0.016108745903650634,False,,6.610874590365068
GSPC,2025-04-02,Apr 2025 tariff shock,90,98,0.1055108699524554,0.005530557660518021,False,,2.553055766051804
GSPC,2025-04-02,Apr 2025 tariff shock,365,80,0.1685795040396476,0.1198193302416608,False,,31.981933024166075
GSPC,2025-04-02,Apr 2025 tariff shock,365,90,0.1685795040396476,0.049322385923142864,False,,14.932238592314285
GSPC,2025-04-02,Apr 2025 tariff shock,365,95,0.1685795040396476,0.025915714883242513,False,,7.591571488324256
GSPC,2025-04-02,Apr 2025 tariff shock,365,98,0.1685795040396476,0.009637822856298328,False,,2.9637822856298346
NDX,1987-10-12,Oct 1987 crash week,7,80,-0.09473238842615594,-0.06958563067085399,False,,13.041436932914596
NDX,1987-10-12,Oct 1987 crash week,7,90,-0.09473238842615594,-0.034792815335426996,False,,6.520718466457298
NDX,1987-10-12,Oct 1987 crash week,7,95,-0.09473238842615594,-0.017464641457698882,False,,3.2535358542301163
NDX,1987-10-12,Oct 1987 crash week,7,98,-0.09473238842615594,-0.007094409445739691,False,,1.2905590554260327
NDX,1987-10-12,Oct 1987 crash week,30,80,-0.2764922171243611,-0.17133346693188,False,,2.866653306811995
NDX,1987-10-12,Oct 1987 crash week,30,90,-0.2764922171243611,-0.08761076143177904,False,,1.238923856822094
NDX,1987-10-12,Oct 1987 crash week,30,95,-0.2764922171243611,-0.04202735590626605,False,,0.7972644093733994
NDX,1987-10-12,Oct 1987 crash week,30,98,-0.2764922171243611,-0.017244929023113587,False,,0.2755070976886431
NDX,1987-10-12,Oct 1987 crash week,90,80,-0.21529645680156984,-0.16640654135831023,False,,3.359345864168972
NDX,1987-10-12,Oct 1987 crash week,90,90,-0.21529645680156984,-0.08626930327772842,False,,1.3730696722271563
NDX,1987-10-12,Oct 1987 crash week,90,95,-0.21529645680156984,-0.040054273668497675,False,,0.9945726331502369
NDX,1987-10-12,Oct 1987 crash week,90,98,-0.21529645680156984,-0.016085249834130733,False,,0.3914750165869285
NDX,1987-10-12,Oct 1987 crash week,365,80,-0.13071393483604266,-0.15577823906365795,False,,4.4221760936342
NDX,1987-10-12,Oct 1987 crash week,365,90,-0.13071393483604266,-0.08327598531826153,False,,1.6724014681738453
NDX,1987-10-12,Oct 1987 crash week,365,95,-0.13071393483604266,-0.036672327203333355,False,,1.332767279666669
NDX,1987-10-12,Oct 1987 crash week,365,98,-0.13071393483604266,-0.01448238404804203,False,,0.5517615951957988
NDX,2000-03-10,Nasdaq 2000 peak,7,80,-0.050788594498257233,-0.045024062616536464,False,,15.49759373834635
NDX,2000-03-10,Nasdaq 2000 peak,7,90,-0.050788594498257233,-0.022512031308268177,False,,7.74879686917318
NDX,2000-03-10,Nasdaq 2000 peak,7,95,-0.050788594498257233,-0.010729774785840362,False,,3.927022521415968
NDX,2000-03-10,Nasdaq 2000 peak,7,98,-0.050788594498257233,-0.004719741623293916,False,,1.5280258376706102
NDX,2000-03-10,Nasdaq 2000 peak,30,80,-0.06426369100978868,-0.0711003239430642,False,,12.889967605693576
NDX,2000-03-10,Nasdaq 2000 peak,30,90,-0.06426369100978868,-0.03438281661212694,False,,6.561718338787303
NDX,2000-03-10,Nasdaq 2000 peak,30,95,-0.06426369100978868,-0.0163373293973319,False,,3.3662670602668143
NDX,2000-03-10,Nasdaq 2000 peak,30,98,-0.06426369100978868,-0.005519808679193883,False,,1.4480191320806135
NDX,2000-03-10,Nasdaq 2000 peak,90,80,-0.19164847870571322,-0.16142242933986573,False,,3.857757066013423
NDX,2000-03-10,Nasdaq 2000 peak,90,90,-0.19164847870571322,-0.0827107535260303,False,,1.7289246473969677
NDX,2000-03-10,Nasdaq 2000 peak,90,95,-0.19164847870571322,-0.038793321777485956,False,,1.1206678222514088
NDX,2000-03-10,Nasdaq 2000 peak,90,98,-0.19164847870571322,-0.01536081585373017,False,,0.4639184146269848
NDX,2000-03-10,Nasdaq 2000 peak,365,80,-0.6046844025015281,-0.19947480886258773,False,,0.05251911374122287
NDX,2000-03-10,Nasdaq 2000 peak,365,90,-0.6046844025015281,-0.09986851133583396,False,,0.01314886641660129
NDX,2000-03-10,Nasdaq 2000 peak,365,95,-0.6046844025015281,-0.050198295700548456,True,0.7896825396825397,-0.019829570054841206
NDX,2000-03-10,Nasdaq 2000 peak,365,98,-0.6046844025015281,-0.020195832806031988,True,0.7896825396825397,-0.01958328060319703
NDX,2008-09-02,Sep 2008 (Lehman month),7,80,-0.05852483023299848,-0.045032652982697985,False,,15.496734701730198
NDX,2008-09-02,Sep 2008 (Lehman month),7,90,-0.05852483023299848,-0.022516326491349048,False,,7.748367350865093
NDX,2008-09-02,Sep 2008 (Lehman month),7,95,-0.05852483023299848,-0.011317657459785746,False,,3.86823425402143
NDX,2008-09-02,Sep 2008 (Lehman month),7,98,-0.05852483023299848,-0.0046879629957474744,False,,1.5312037004252543
NDX,2008-09-02,Sep 2008 (Lehman month),30,80,-0.14841340018493,-0.11411640102062792,False,,8.588359897937202
NDX,2008-09-02,Sep 2008 (Lehman month),30,90,-0.14841340018493,-0.05662264513722037,False,,4.3377354862779605
NDX,2008-09-02,Sep 2008 (Lehman month),30,95,-0.14841340018493,-0.02837522151529326,False,,2.1624778484706786
NDX,2008-09-02,Sep 2008 (Lehman month),30,98,-0.14841340018493,-0.011025844697595266,False,,0.8974155302404752
NDX,2008-09-02,Sep 2008 (Lehman month),90,80,-0.36676921440160337,-0.18305821341922046,False,,1.6941786580779494
NDX,2008-09-02,Sep 2008 (Lehman month),90,90,-0.36676921440160337,-0.09336516600940681,False,,0.663483399059317
NDX,2008-09-02,Sep 2008 (Lehman month),90,95,-0.36676921440160337,-0.04547321772930879,False,,0.4526782270691254
NDX,2008-09-02,Sep 2008 (Lehman month),90,98,-0.36676921440160337,-0.017921815375375072,False,,0.20781846246249458
NDX,2008-09-02,Sep 2008 (Lehman month),365,80,-0.1320933558142161,-0.15953071241108352,False,,4.046928758891644
NDX,2008-09-02,Sep 2008 (Lehman month),365,90,-0.1320933558142161,-0.08376334918351802,False,,1.6236650816481957
NDX,2008-09-02,Sep 2008 (Lehman month),365,95,-0.1320933558142161,-0.03992070410985771,False,,1.0079295890142337
NDX,2008-09-02,Sep 2008 (Lehman month),365,98,-0.1320933558142161,-0.013916700575113405,False,,0.6083299424886612
NDX,2020-02-19,Feb 2020 (Covid peak),7,80,-0.08254893181819323,-0.06168119557692042,False,,13.831880442307954
NDX,2020-02-19,Feb 2020 (Covid peak),7,90,-0.08254893181819323,-0.03077798067916071,False,,6.922201932083927
NDX,2020-02-19,Feb 2020 (Covid peak),7,95,-0.08254893181819323,-0.015388990339580522,False,,3.4611009660419523
NDX,2020-02-19,Feb 2020 (Covid peak),7,98,-0.08254893181819323,-0.006318901194016124,False,,1.3681098805983893
NDX,2020-02-19,Feb 2020 (Covid peak),30,80,-0.25489830304794225,-0.16058743086878136,False,,3.94125691312186
NDX,2020-02-19,Feb 2020 (Covid peak),30,90,-0.25489830304794225,-0.0796835912225442,False,,2.0316408777455774
NDX,2020-02-19,Feb 2020 (Covid peak),30,95,-0.25489830304794225,-0.03721224502539122,False,,1.2787754974608823
NDX,2020-02-19,Feb 2020 (Covid peak),30,98,-0.25489830304794225,-0.015377948125935625,False,,0.46220518740643923
NDX,2020-02-19,Feb 2020 (Covid peak),90,80,-0.030932119382430345,-0.10623335728653005,False,,9.376664271346991
NDX,2020-02-19,Feb 2020 (Covid peak),90,90,-0.030932119382430345,-0.05079456099133928,False,,4.92054390086607
NDX,2020-02-19,Feb 2020 (Covid peak),90,95,-0.030932119382430345,-0.018607009643473282,False,,3.139299035652676
NDX,2020-02-19,Feb 2020 (Covid peak),90,98,-0.030932119382430345,-0.009582449102035095,False,,1.0417550897964922
NDX,2020-02-19,Feb 2020 (Covid peak),365,80,0.42263704737339314,0.13748788107650456,False,,33.748788107650455
NDX,2020-02-19,Feb 2020 (Covid peak),365,90,0.42263704737339314,0.07512212869237422,False,,17.51221286923742
NDX,2020-02-19,Feb 2020 (Covid peak),365,95,0.42263704737339314,0.061104782855511575,False,,11.110478285551162
NDX,2020-02-19,Feb 2020 (Covid peak),365,98,0.42263704737339314,0.013644326325719325,False,,3.3644326325719343
NDX,2022-01-03,Jan 2022 bear start,7,80,-0.04460086255416995,-0.03575532011381799,False,,16.424467988618197
NDX,2022-01-03,Jan 2022 bear start,7,90,-0.04460086255416995,-0.01783208703534822,False,,8.216791296465175
NDX,2022-01-03,Jan 2022 bear start,7,95,-0.04460086255416995,-0.008916043517674166,False,,4.108395648232587
NDX,2022-01-03,Jan 2022 bear start,7,98,-0.04460086255416995,-0.0036597598060332803,False,,1.6340240193966737
NDX,2022-01-03,Jan 2022 bear start,30,80,-0.07968100550977175,-0.06276229734096805,False,,13.723770265903191
NDX,2022-01-03,Jan 2022 bear start,30,90,-0.07968100550977175,-0.031827380264122684,False,,6.81726197358773
NDX,2022-01-03,Jan 2022 bear start,30,95,-0.07968100550977175,-0.016201054114761027,False,,3.379894588523902
NDX,2022-01-03,Jan 2022 bear start,30,98,-0.07968100550977175,-0.006651441950166315,False,,1.3348558049833703
NDX,2022-01-03,Jan 2022 bear start,90,80,-0.089391112678603,-0.08291407213435886,False,,11.70859278656411
NDX,2022-01-03,Jan 2022 bear start,90,90,-0.089391112678603,-0.041801951942328164,False,,5.819804805767181
NDX,2022-01-03,Jan 2022 bear start,90,95,-0.089391112678603,-0.019417355209785603,False,,3.058264479021444
NDX,2022-01-03,Jan 2022 bear start,90,98,-0.089391112678603,-0.008401861956036427,False,,1.159813804396359
NDX,2022-01-03,Jan 2022 bear start,365,80,-0.3344003462950229,-0.17840369932711175,False,,2.1596300672888202
NDX,2022-01-03,Jan 2022 bear start,365,90,-0.3344003462950229,-0.08678053294926569,False,,1.321946705073429
NDX,2022-01-03,Jan 2022 bear start,365,95,-0.3344003462950229,-0.04381057522176546,False,,0.6189424778234587
NDX,2022-01-03,Jan 2022 bear start,365,98,-0.3344003462950229,-0.01704497666713689,False,,0.2955023332863127
NDX,2025-04-02,Apr 2025 tariff shock,7,80,-0.12070224561312548,-0.08649021147759528,False,,11.350978852240468
NDX,2025-04-02,Apr 2025 tariff shock,7,90,-0.12070224561312548,-0.043245105738797696,False,,5.675489426120228
NDX,2025-04-02,Apr 2025 tariff shock,7,95,-0.12070224561312548,-0.02162255286939896,False,,2.8377447130601086
NDX,2025-04-02,Apr 2025 tariff shock,7,98,-0.12070224561312548,-0.008649021147759561,False,,1.1350978852240456
NDX,2025-04-02,Apr 2025 tariff shock,30,80,0.01802240417901002,-0.015207457667359647,False,,18.47925423326403
NDX,2025-04-02,Apr 2025 tariff shock,30,90,0.01802240417901002,-0.00865275481408656,False,,9.13472451859134
NDX,2025-04-02,Apr 2025 tariff shock,30,95,0.01802240417901002,-0.0036978249584799228,False,,4.630217504152013
NDX,2025-04-02,Apr 2025 tariff shock,30,98,0.01802240417901002,-0.001057881457011911,False,,1.8942118542988107
NDX,2025-04-02,Apr 2025 tariff shock,90,80,0.16492084015520558,0.10685111958877247,False,,30.685111958877243
NDX,2025-04-02,Apr 2025 tariff shock,90,90,0.16492084015520558,0.05149902811535623,False,,15.14990281153562
NDX,2025-04-02,Apr 2025 tariff shock,90,95,0.16492084015520558,0.027170437313690954,False,,7.7170437313691
NDX,2025-04-02,Apr 2025 tariff shock,90,98,0.16492084015520558,0.010809254309991578,False,,3.0809254309991596
NDX,2025-04-02,Apr 2025 tariff shock,365,80,0.23713777503914568,0.1754681384232104,False,,37.546813842321036
NDX,2025-04-02,Apr 2025 tariff shock,365,90,0.23713777503914568,0.06976480574675614,False,,16.976480574675612
NDX,2025-04-02,Apr 2025 tariff shock,365,95,0.23713777503914568,0.03871999631207923,False,,8.871999631207927
NDX,2025-04-02,Apr 2025 tariff shock,365,98,0.23713777503914568,0.014697975979527156,False,,3.4697975979527174
NVDA,2000-03-10,Nasdaq 2000 peak,7,80,-0.061071644115786805,-0.07546101538382166,False,,12.453898461617829
NVDA,2000-03-10,Nasdaq 2000 peak,7,90,-0.061071644115786805,-0.08963476728616104,False,,1.0365232713838934
NVDA,2000-03-10,Nasdaq 2000 peak,7,95,-0.061071644115786805,-0.0589461202038708,True,0.6,-0.8946120203870755
NVDA,2000-03-10,Nasdaq 2000 peak,7,98,-0.061071644115786805,-0.023578448081548298,True,0.6,-0.357844808154828
NVDA,2000-03-10,Nasdaq 2000 peak,30,80,0.02258853643938208,-0.09294119475546958,False,,10.705880524453038
NVDA,2000-03-10,Nasdaq 2000 peak,30,90,0.02258853643938208,-0.09190502070217144,False,,0.8094979297828542
NVDA,2000-03-10,Nasdaq 2000 peak,30,95,0.02258853643938208,-0.0589461202038708,True,0.14285714285714285,-0.8946120203870755
NVDA,2000-03-10,Nasdaq 2000 peak,30,98,0.02258853643938208,-0.023578448081548298,True,0.14285714285714285,-0.357844808154828
NVDA,2000-03-10,Nasdaq 2000 peak,90,80,0.2257352824802792,-0.12608544712727676,False,,7.391455287272319
NVDA,2000-03-10,Nasdaq 2000 peak,90,90,0.2257352824802792,-0.08781674490713054,False,,1.2183255092869438
NVDA,2000-03-10,Nasdaq 2000 peak,90,95,0.2257352824802792,-0.0589461202038708,True,0.047619047619047616,-0.8946120203870755
NVDA,2000-03-10,Nasdaq 2000 peak,90,98,0.2257352824802792,-0.023578448081548298,True,0.047619047619047616,-0.357844808154828
NVDA,2000-03-10,Nasdaq 2000 peak,365,80,-0.0017134286825174483,-0.20007900890017427,True,0.7341269841269841,-0.00790089001743155
NVDA,2000-03-10,Nasdaq 2000 peak,365,90,-0.0017134286825174483,-0.10080341761309908,True,0.7341269841269841,-0.08034176130991
NVDA,2000-03-10,Nasdaq 2000 peak,365,95,-0.0017134286825174483,-0.0589461202038708,True,0.011904761904761904,-0.8946120203870755
NVDA,2000-03-10,Nasdaq 2000 peak,365,98,-0.0017134286825174483,-0.023578448081548298,True,0.011904761904761904,-0.357844808154828
NVDA,2008-09-02,Sep 2008 (Lehman month),7,80,-0.11471513921732712,-0.08263780267888632,False,,11.736219732111364
NVDA,2008-09-02,Sep 2008 (Lehman month),7,90,-0.11471513921732712,-0.040821243020414344,False,,5.917875697958563
NVDA,2008-09-02,Sep 2008 (Lehman month),7,95,-0.11471513921732712,-0.020568666263928725,False,,2.943133373607132
NVDA,2008-09-02,Sep 2008 (Lehman month),7,98,-0.11471513921732712,-0.0085072239673738,False,,1.1492776032626217
NVDA,2008-09-02,Sep 2008 (Lehman month),30,80,-0.1526900811811086,-0.13369112687015872,False,,6.6308873129841235
NVDA,2008-09-02,Sep 2008 (Lehman month),30,90,-0.1526900811811086,-0.06769478254066408,False,,3.23052174593359
NVDA,2008-09-02,Sep 2008 (Lehman month),30,95,-0.1526900811811086,-0.03132631483260484,False,,1.8673685167395204
NVDA,2008-09-02,Sep 2008 (Lehman month),30,98,-0.1526900811811086,-0.01313496720709817,False,,0.6865032792901848
NVDA,2008-09-02,Sep 2008 (Lehman month),90,80,-0.4090191092916202,-0.19387895152528167,False,,0.6121048474718283
NVDA,2008-09-02,Sep 2008 (Lehman month),90,90,-0.4090191092916202,-0.096048192028242,False,,0.3951807971757981
NVDA,2008-09-02,Sep 2008 (Lehman month),90,95,-0.4090191092916202,-0.04998141141623591,False,,0.0018588583764134192
NVDA,2008-09-02,Sep 2008 (Lehman month),90,98,-0.4090191092916202,-0.01946839295331515,False,,0.05316070466848677
NVDA,2008-09-02,Sep 2008 (Lehman month),365,80,0.14873428717398274,-0.18242013038569238,False,,1.7579869614307575
NVDA,2008-09-02,Sep 2008 (Lehman month),365,90,0.14873428717398274,-0.08266545024825778,False,,1.73345497517422
NVDA,2008-09-02,Sep 2008 (Lehman month),365,95,0.14873428717398274,-0.049922443795491156,False,,0.007755620450888845
NVDA,2008-09-02,Sep 2008 (Lehman month),365,98,0.14873428717398274,-0.01760453197212486,False,,0.23954680278751583
NVDA,2020-02-19,Feb 2020 (Covid peak),7,80,-0.11639756902681608,-0.08908188580823728,False,,11.091811419176267
NVDA,2020-02-19,Feb 2020 (Covid peak),7,90,-0.11639756902681608,-0.0445409429041187,False,,5.545905709588128
NVDA,2020-02-19,Feb 2020 (Covid peak),7,95,-0.11639756902681608,-0.022270471452059182,False,,2.7729528547940863
NVDA,2020-02-19,Feb 2020 (Covid peak),7,98,-0.11639756902681608,-0.00861711161278822,False,,1.1382888387211798
NVDA,2020-02-19,Feb 2020 (Covid peak),30,80,-0.3157055379901236,-0.18558462602047743,False,,1.4415373979522528
NVDA,2020-02-19,Feb 2020 (Covid peak),30,90,-0.3157055379901236,-0.09197484942665679,False,,0.8025150573343187
NVDA,2020-02-19,Feb 2020 (Covid peak),30,95,-0.3157055379901236,-0.04280362023657547,False,,0.7196379763424576
NVDA,2020-02-19,Feb 2020 (Covid peak),30,98,-0.3157055379901236,-0.016974866213444795,False,,0.3025133786555223
NVDA,2020-02-19,Feb 2020 (Covid peak),90,80,0.1808991560023825,-0.12248645879373787,False,,7.751354120626209
NVDA,2020-02-19,Feb 2020 (Covid peak),90,90,0.1808991560023825,-0.05566097443372087,False,,4.4339025566279116
NVDA,2020-02-19,Feb 2020 (Covid peak),90,95,0.1808991560023825,-0.01007222404838215,False,,3.9927775951617894
NVDA,2020-02-19,Feb 2020 (Covid peak),90,98,0.1808991560023825,-0.0030247100426122886,False,,1.697528995738773
NVDA,2020-02-19,Feb 2020 (Covid peak),365,80,1.0137701705057398,0.17980380172660282,False,,37.980380172660276
NVDA,2020-02-19,Feb 2020 (Covid peak),365,90,1.0137701705057398,0.06089683585634065,False,,16.089683585634063
NVDA,2020-02-19,Feb 2020 (Covid peak),365,95,1.0137701705057398,0.09927055801887463,False,,14.927055801887468
NVDA,2020-02-19,Feb 2020 (Covid peak),365,98,1.0137701705057398,0.04444850138272427,False,,6.444850138272429
NVDA,2022-01-03,Jan 2022 bear start,7,80,-0.07357789566887529,-0.059670346175842215,False,,14.032965382415775
NVDA,2022-01-03,Jan 2022 bear start,7,90,-0.07357789566887529,-0.029201598053029576,False,,7.07984019469704
NVDA,2022-01-03,Jan 2022 bear start,7,95,-0.07357789566887529,-0.014457014808236468,False,,3.5542985191763576
NVDA,2022-01-03,Jan 2022 bear start,7,98,-0.07357789566887529,-0.005782805923294609,False,,1.4217194076705408
NVDA,2022-01-03,Jan 2022 bear start,30,80,-0.16228634771375328,-0.11545623591081966,False,,8.45437640891803
NVDA,2022-01-03,Jan 2022 bear start,30,90,-0.16228634771375328,-0.05757808814664167,False,,4.24219118533583
NVDA,2022-01-03,Jan 2022 bear start,30,95,-0.16228634771375328,-0.029262418549785618,False,,2.0737581450214426
NVDA,2022-01-03,Jan 2022 bear start,30,98,-0.16228634771375328,-0.011639276215322014,False,,0.8360723784678004
NVDA,2022-01-03,Jan 2022 bear start,90,80,-0.09161373561906405,-0.12977041683045354,False,,7.022958316954641
NVDA,2022-01-03,Jan 2022 bear start,90,90,-0.09161373561906405,-0.06425742826136949,False,,3.574257173863049
NVDA,2022-01-03,Jan 2022 bear start,90,95,-0.09161373561906405,-0.031423086542476164,False,,1.857691345752388
NVDA,2022-01-03,Jan 2022 bear start,90,98,-0.09161373561906405,-0.00918826190753208,False,,1.0811738092467937
NVDA,2022-01-03,Jan 2022 bear start,365,80,-0.5128222145297389,-0.1978999076058453,False,,0.21000923941546512
NVDA,2022-01-03,Jan 2022 bear start,365,90,-0.5128222145297389,-0.09943893605618692,False,,0.0561063943813056
NVDA,2022-01-03,Jan 2022 bear start,365,95,-0.5128222145297389,-0.05002073254362438,True,0.7698412698412699,-0.002073254362433552
NVDA,2022-01-03,Jan 2022 bear start,365,98,-0.5128222145297389,-0.02039080497646084,True,0.49603174603174605,-0.039080497646082346
NVDA,2025-04-02,Apr 2025 tariff shock,7,80,-0.12573753090093986,-0.09474340283345883,False,,10.525659716654111
NVDA,2025-04-02,Apr 2025 tariff shock,7,90,-0.12573753090093986,-0.04737170141672942,False,,5.262829858327056
NVDA,2025-04-02,Apr 2025 tariff shock,7,95,-0.12573753090093986,-0.023532331923151295,False,,2.646766807684875
NVDA,2025-04-02,Apr 2025 tariff shock,7,98,-0.12573753090093986,-0.009412932769260474,False,,1.0587067230739544
NVDA,2025-04-02,Apr 2025 tariff shock,30,80,0.013254672629014808,-0.05262198617805958,False,,14.737801382194037
NVDA,2025-04-02,Apr 2025 tariff shock,30,90,0.013254672629014808,-0.024543269802544287,False,,7.5456730197455695
NVDA,2025-04-02,Apr 2025 tariff shock,30,95,0.013254672629014808,-0.013260402706433916,False,,3.673959729356613
NVDA,2025-04-02,Apr 2025 tariff shock,30,98,0.013254672629014808,-0.006657124112816715,False,,1.3342875887183303
NVDA,2025-04-02,Apr 2025 tariff shock,90,80,0.4276978939552569,0.2798880013246894,False,,47.98880013246893
NVDA,2025-04-02,Apr 2025 tariff shock,90,90,0.4276978939552569,0.16731693649112156,False,,26.731693649112152
NVDA,2025-04-02,Apr 2025 tariff shock,90,95,0.4276978939552569,0.07633365689733984,False,,12.633365689733989
NVDA,2025-04-02,Apr 2025 tariff shock,90,98,0.4276978939552569,0.023444272532300747,False,,4.3444272532300765
NVDA,2025-04-02,Apr 2025 tariff shock,365,80,0.6108199136172858,0.4419010248959332,False,,64.19010248959331
NVDA,2025-04-02,Apr 2025 tariff shock,365,90,0.6108199136172858,0.31402682202123744,False,,41.40268220212374
NVDA,2025-04-02,Apr 2025 tariff shock,365,95,0.6108199136172858,0.07006579277235847,False,,12.00657927723585
NVDA,2025-04-02,Apr 2025 tariff shock,365,98,0.6108199136172858,0.02374400149352951,False,,4.374400149352953
TSLA,2020-02-19,Feb 2020 (Covid peak),7,80,-0.06813840925387626,-0.0615148014981729,False,,13.848519850182706
TSLA,2020-02-19,Feb 2020 (Covid peak),7,90,-0.06813840925387626,-0.030757400749086505,False,,6.924259925091347
TSLA,2020-02-19,Feb 2020 (Covid peak),7,95,-0.06813840925387626,-0.015378700374543142,False,,3.4621299625456903
TSLA,2020-02-19,Feb 2020 (Covid peak),7,98,-0.06813840925387626,-0.005540504615407893,False,,1.4459495384592125
TSLA,2020-02-19,Feb 2020 (Covid peak),30,80,-0.5791938434411146,-0.19928161554870716,False,,0.07183844512927973
TSLA,2020-02-19,Feb 2020 (Covid peak),30,90,-0.5791938434411146,-0.09957219019772667,False,,0.042780980227330456
TSLA,2020-02-19,Feb 2020 (Covid peak),30,95,-0.5791938434411146,-0.04968097249738124,False,,0.03190275026188072
TSLA,2020-02-19,Feb 2020 (Covid peak),30,98,-0.5791938434411146,-0.020733972050453908,True,1.0,-0.07339720504538905
TSLA,2020-02-19,Feb 2020 (Covid peak),90,80,-0.05215514290549872,-0.18745677313386944,False,,1.254322686613052
TSLA,2020-02-19,Feb 2020 (Covid peak),90,90,-0.05215514290549872,-0.09235602331297532,False,,0.7643976687024656
TSLA,2020-02-19,Feb 2020 (Covid peak),90,95,-0.05215514290549872,-0.04426177412340426,False,,0.5738225876595782
TSLA,2020-02-19,Feb 2020 (Covid peak),90,98,-0.05215514290549872,-0.020733972050453797,True,0.3333333333333333,-0.07339720504537794
TSLA,2020-02-19,Feb 2020 (Covid peak),365,80,3.6490562656970518,0.28695861200886386,False,,48.695861200886384
TSLA,2020-02-19,Feb 2020 (Covid peak),365,90,3.6490562656970518,0.1299673275399682,False,,22.996732753996817
TSLA,2020-02-19,Feb 2020 (Covid peak),365,95,3.6490562656970518,0.08966973107372622,False,,13.966973107372628
TSLA,2020-02-19,Feb 2020 (Covid peak),365,98,3.6490562656970518,-0.020733972050453797,True,0.08333333333333333,-0.07339720504537794
TSLA,2022-01-03,Jan 2022 bear start,7,80,-0.028217799823544554,-0.039477936338280784,False,,16.052206366171916
TSLA,2022-01-03,Jan 2022 bear start,7,90,-0.028217799823544554,-0.021375789974340642,False,,7.862421002565934
TSLA,2022-01-03,Jan 2022 bear start,7,95,-0.028217799823544554,-0.010687894987170377,False,,3.931210501282967
TSLA,2022-01-03,Jan 2022 bear start,7,98,-0.028217799823544554,-0.004460629783707537,False,,1.553937021629248
TSLA,2022-01-03,Jan 2022 bear start,30,80,-0.11878542017677407,-0.11882362453511974,False,,8.117637546488021
TSLA,2022-01-03,Jan 2022 bear start,30,90,-0.11878542017677407,-0.05822473516466675,False,,4.177526483533322
TSLA,2022-01-03,Jan 2022 bear start,30,95,-0.11878542017677407,-0.030573599929285433,False,,1.9426400070714611
TSLA,2022-01-03,Jan 2022 bear start,30,98,-0.11878542017677407,-0.01196167981395957,False,,0.8038320186040449
TSLA,2022-01-03,Jan 2022 bear start,90,80,0.026315757556016672,-0.10158336669019419,False,,9.841663330980577
TSLA,2022-01-03,Jan 2022 bear start,90,90,0.026315757556016672,-0.05142716942687653,False,,4.857283057312345
TSLA,2022-01-03,Jan 2022 bear start,90,95,0.026315757556016672,-0.0225730388213623,False,,2.7426961178637743
TSLA,2022-01-03,Jan 2022 bear start,90,98,0.026315757556016672,-0.00812932780649367,False,,1.1870672193506349
TSLA,2022-01-03,Jan 2022 bear start,365,80,-0.6931244095915254,-0.20016286325483557,True,0.9603174603174603,-0.016286325483561015
TSLA,2022-01-03,Jan 2022 bear start,365,90,-0.6931244095915254,-0.10004955319927455,True,0.8571428571428571,-0.00495531992745768
TSLA,2022-01-03,Jan 2022 bear start,365,95,-0.6931244095915254,-0.050214195399229,True,0.9484126984126984,-0.02141953992289558
TSLA,2022-01-03,Jan 2022 bear start,365,98,-0.6931244095915254,-0.02000537674976055,True,0.8492063492063492,-0.0005376749760532817
TSLA,2025-04-02,Apr 2025 tariff shock,7,80,-0.17358262805623392,-0.120887841785293,False,,7.911215821470696
TSLA,2025-04-02,Apr 2025 tariff shock,7,90,-0.17358262805623392,-0.06044392089264661,False,,3.955607910735337
TSLA,2025-04-02,Apr 2025 tariff shock,7,95,-0.17358262805623392,-0.03064382300571966,False,,1.9356176994280383
TSLA,2025-04-02,Apr 2025 tariff shock,7,98,-0.17358262805623392,-0.012053187104883567,False,,0.7946812895116451
TSLA,2025-04-02,Apr 2025 tariff shock,30,80,0.044922885876690355,-0.05653522205796091,False,,14.346477794203905
TSLA,2025-04-02,Apr 2025 tariff shock,30,90,0.044922885876690355,-0.029736490956446704,False,,7.026350904355327
TSLA,2025-04-02,Apr 2025 tariff shock,30,95,0.044922885876690355,-0.01615801955284779,False,,3.3841980447152253
TSLA,2025-04-02,Apr 2025 tariff shock,30,98,0.044922885876690355,-0.007847478822998633,False,,1.2152521177001385
TSLA,2025-04-02,Apr 2025 tariff shock,90,80,0.1757803916540115,-0.05149018969595298,False,,14.850981030404697
TSLA,2025-04-02,Apr 2025 tariff shock,90,90,0.1757803916540115,-0.03164241648344768,False,,6.83575835165523
TSLA,2025-04-02,Apr 2025 tariff shock,90,95,0.1757803916540115,-0.017778682542126223,False,,3.222131745787382
TSLA,2025-04-02,Apr 2025 tariff shock,90,98,0.1757803916540115,-0.009996957384032279,False,,1.0003042615967739
TSLA,2025-04-02,Apr 2025 tariff shock,365,80,0.3431796461866041,-0.018220016602871647,False,,18.17799833971283
TSLA,2025-04-02,Apr 2025 tariff shock,365,90,0.3431796461866041,-0.0512667879039459,False,,4.8733212096054075
TSLA,2025-04-02,Apr 2025 tariff shock,365,95,0.3431796461866041,-0.025384759463481288,False,,2.4615240536518757
TSLA,2025-04-02,Apr 2025 tariff shock,365,98,0.3431796461866041,-0.01131971214396521,False,,0.8680287856034807
