term,deposit,minTrade,basket,floor,accepted_by_factory,n,breach_mat,breach_any,mean_ret,med_ret,capture_up,avg_exp,turnover,cost_paid
90,55,6,1 token,80,True,6391,0.002659990611797841,0.0051635111876075735,0.033359765083903065,0.0129415333513625,0.7462220864528146,0.7545722451455329,2.2135391020426094,0.0013281234612255654
90,55,6,1 token,90,True,6391,0.0018776404318572994,0.005319981223595682,0.017450346698882627,0.005380813693594888,0.37685763853717397,0.38965440016066616,1.185828513671856,0.0007114971082031135
90,55,6,1 token,95,True,6391,0.0009388202159286497,0.007354091691441089,0.008446791161908713,0.003639811961203332,0.18323008490613357,0.19043525789740914,0.5219931905785512,0.00031319591434713067
90,55,6,1 token,98,False,6391,0.00046941010796432484,0.016116413706775152,0.0030667180928851913,0.0019871258743364706,0.07076799142391728,0.07592030431644323,0.17955913475790303,0.0001077354808547418
90,55,6,3 tokens equal,80,True,6391,0.0025035205758097323,0.006102331403536223,0.03087351492590421,0.01691151118993872,0.695235410682042,0.7030915206393059,1.6982553579056046,0.0010189532147433626
90,55,6,3 tokens equal,90,True,6391,0.0018776404318572994,0.009857612267250822,0.016205467908781652,0.008734453402778675,0.3588026523566032,0.36968696553647,0.904360428852913,0.0005426162573117478
90,55,6,3 tokens equal,95,False,6391,0.0017211703958691911,0.015959943670787045,0.00813273626234461,0.005108547503556826,0.18332115401350887,0.189389998712398,0.429819774799533,0.00025789186487971976
90,55,6,3 tokens equal,98,False,6391,0.0014082303238929744,0.03989985917696761,0.0032749239700410908,0.0026362986336101457,0.07636547337816764,0.07923027793473304,0.16539276719259274,9.923566031555563e-05
90,125,6,1 token,80,True,6391,0.0025035205758097323,0.005007041151619465,0.033951700406715794,0.012500054681146011,0.7629901915144913,0.7736760893061378,2.5702379287194392,0.0015421427572316635
90,125,6,1 token,90,True,6391,0.002034110467845408,0.0051635111876075735,0.018229016154103907,0.0050086930043085065,0.3938613127248147,0.40666527520841267,1.4356658082328744,0.0008613994849397245
90,125,6,1 token,95,True,6391,0.001095290251916758,0.005632921295571898,0.008936356419526958,0.0027564274534126465,0.1919325605849874,0.20092222524841188,0.6474363284538642,0.00038846179707231846
90,125,6,1 token,98,True,6391,0.00015647003598810827,0.009388202159286497,0.003258158684557588,0.0015412932992753259,0.07213389245531947,0.07727702072721794,0.21043684230152157,0.00012626210538091293
90,125,6,3 tokens equal,80,True,6391,0.002190580503833516,0.004694101079643249,0.03308247486666125,0.01266285244301213,0.7377535950601747,0.7457414925738199,2.088292238341918,0.001252975343005151
90,125,6,3 tokens equal,90,True,6391,0.002034110467845408,0.005632921295571898,0.01717761733889926,0.006138419644824644,0.37148930547306996,0.3829387762098175,1.1007862590730844,0.0006604717554438506
90,125,6,3 tokens equal,95,True,6391,0.001095290251916758,0.009544672195274604,0.008198995272853287,0.004048606942286703,0.18039209512041987,0.18848439953419466,0.48954490336504736,0.0002937269420190284
90,125,6,3 tokens equal,98,False,6391,0.00046941010796432484,0.016742293850727584,0.0031118074287011716,0.002137453551095181,0.07200976112825343,0.07651847320670377,0.17335930353179368,0.0001040155821190762
90,125,20,1 token,80,True,6391,0.002190580503833516,0.00453763104365514,0.032691822828020446,0.013055169753594331,0.7303333024045132,0.7391804712628325,2.0642032382577646,0.0012385219429546586
90,125,20,1 token,90,True,6391,0.0017211703958691911,0.00453763104365514,0.016911504587387775,0.005995382303083829,0.3651624178234015,0.37582647696398924,1.0773921310763404,0.0006464352786458042
90,125,20,1 token,95,True,6391,0.0009388202159286497,0.004850571115631357,0.007912326740297092,0.00392354243798998,0.17464512158788592,0.18286503735162946,0.47856099437621846,0.00028713659662573103
90,125,20,1 token,98,False,6391,0.00031294007197621654,0.00907526208731028,0.002912416851881058,0.0018422006455725004,0.06770205131417728,0.07310990109732297,0.17070424454024047,0.00010242254672414429
90,125,20,3 tokens equal,80,True,6391,0.0018776404318572994,0.004068220935690816,0.02921270808722914,0.0168972586612679,0.6666389493391057,0.6863309736599267,1.637711286315187,0.0009826267717891121
90,125,20,3 tokens equal,90,False,6391,0.0015647003598810829,0.0051635111876075735,0.015314424996413998,0.008618248972867004,0.3435355393656781,0.3553774852237344,0.863483809453005,0.0005180902856718029
90,125,20,3 tokens equal,95,False,6391,0.0009388202159286497,0.00907526208731028,0.00756518076379652,0.004602329997543286,0.17243990560484806,0.18099311574452887,0.4149265922700537,0.0002489559553620322
90,125,20,3 tokens equal,98,False,6391,0.00046941010796432484,0.01642935377875137,0.003111675288508995,0.0021556827203141893,0.07200820176620519,0.07575554748626405,0.16365047342779104,9.819028405667463e-05
90,500,20,1 token,80,True,6391,0.0025035205758097323,0.0051635111876075735,0.03401519550980047,0.012922794018054296,0.7647600331572886,0.7762389576987064,2.631624316186847,0.0015789745897121078
90,500,20,1 token,90,True,6391,0.002034110467845408,0.0051635111876075735,0.01829867601751973,0.004958907793608969,0.3961081323059566,0.4093075037716409,1.484498630824154,0.0008906991784944923
90,500,20,1 token,95,True,6391,0.0014082303238929744,0.0057893913315600065,0.00906261311114631,0.0025739660984100965,0.194412360787633,0.2034236192635205,0.6753041991812366,0.00040518251950874193
90,500,20,1 token,98,True,6391,0.00015647003598810827,0.009231732123298388,0.003376202398381069,0.0014793493625975263,0.07377373927763595,0.07848375659141824,0.22067418495171767,0.00013240451097103057
90,500,20,3 tokens equal,80,True,6391,0.0023470505398216243,0.004694101079643249,0.03319022756767424,0.012881483116346182,0.7418186796524444,0.7495701012170244,2.1809222096248018,0.0013085533257748809
90,500,20,3 tokens equal,90,True,6391,0.0017211703958691911,0.00453763104365514,0.017282886666772038,0.005327122369778614,0.3728989683081143,0.38481378314484327,1.1649528805250127,0.0006989717283150075
90,500,20,3 tokens equal,95,True,6391,0.0009388202159286497,0.005007041151619465,0.008219330390374018,0.0036041356803269142,0.17883583912579357,0.18645064151198804,0.5108157290439038,0.00030648943742634223
90,500,20,3 tokens equal,98,False,6391,0.00015647003598810827,0.00907526208731028,0.0029823057820795324,0.0018263167862988539,0.06852679769564078,0.07367501701406741,0.176779079078076,0.00010606744744684558
90,1000,20,1 token,80,True,6391,0.0025035205758097323,0.00547645125958379,0.034176050710176674,0.012768361309178466,0.7692270877398505,0.7816214645308108,2.788608045983442,0.0016731648275900648
90,1000,20,1 token,90,True,6391,0.002034110467845408,0.005319981223595682,0.01847120694454369,0.005086341795152327,0.4011941348313965,0.4155587123513708,1.6303741550395594,0.0009782244930237353
90,1000,20,1 token,95,True,6391,0.0014082303238929744,0.0065717415115005475,0.009297169868827974,0.0025280393078042085,0.20028049619232524,0.21005264015827757,0.7652761579505849,0.0004591656947703509
90,1000,20,1 token,98,True,6391,0.00031294007197621654,0.010170552339227038,0.003566642156643802,0.0012122129237979173,0.07740053366787673,0.08288232867846444,0.2571772024674816,0.00015430632148048895
90,1000,20,3 tokens equal,80,True,6391,0.0025035205758097323,0.005007041151619465,0.03386596003500993,0.012673707401038126,0.7598980619583344,0.7699332929149567,2.486877617580021,0.0014921265705480126
90,1000,20,3 tokens equal,90,True,6391,0.0018776404318572994,0.004850571115631357,0.018178161774165286,0.005005599810040673,0.39113934949969875,0.4027319859910226,1.3707502351641374,0.0008224501410984824
90,1000,20,3 tokens equal,95,True,6391,0.0012517602879048662,0.005319981223595682,0.00877069212941445,0.002694316700678545,0.1885791806458772,0.1975494377355978,0.6126649328629581,0.00036759895971777483
90,1000,20,3 tokens equal,98,True,6391,0.00015647003598810827,0.009388202159286497,0.0031736247751258957,0.0016595976010507218,0.07096188642518057,0.07610769238826832,0.20003073214702544,0.00012001843928821526
90,5000,20,1 token,80,True,6391,0.0025035205758097323,0.00547645125958379,0.03417906389282475,0.012763102275955784,0.7693058981743942,0.7817265461768775,2.792377537998572,0.0016754265227991426
90,5000,20,1 token,90,True,6391,0.002034110467845408,0.005319981223595682,0.01846962240149566,0.005107494944574187,0.4012391630200953,0.4156087627213581,1.632040522786002,0.0009792243136716012
90,5000,20,1 token,95,True,6391,0.0014082303238929744,0.0065717415115005475,0.009300608100031553,0.0025558908014235993,0.20035191877739106,0.21007655103631057,0.765637370928969,0.0004593824225573814
90,5000,20,1 token,98,True,6391,0.00031294007197621654,0.010170552339227038,0.003567033826377461,0.0012122129237979173,0.07740660275024963,0.08288385163628435,0.2571812327332203,0.00015430873963993215
90,5000,20,3 tokens equal,80,True,6391,0.0025035205758097323,0.00547645125958379,0.03417906389282475,0.012763102275955784,0.7693058981743942,0.7817265461768775,2.792377537998572,0.0016754265227991426
90,5000,20,3 tokens equal,90,True,6391,0.002034110467845408,0.005319981223595682,0.01846962240149566,0.005107494944574187,0.4012391630200953,0.4156087627213581,1.632040522786002,0.0009792243136716012
90,5000,20,3 tokens equal,95,True,6391,0.0014082303238929744,0.0065717415115005475,0.009300608100031553,0.0025558908014235993,0.20035191877739106,0.21007655103631057,0.765637370928969,0.0004593824225573814
90,5000,20,3 tokens equal,98,True,6391,0.00031294007197621654,0.010170552339227038,0.003567033826377461,0.0012122129237979173,0.07740660275024963,0.08288385163628435,0.2571812327332203,0.00015430873963993215
90,infinite,20,1 token,80,True,6391,0.0025035205758097323,0.00547645125958379,0.03417906389282475,0.012763102275955784,0.7693058981743942,0.7817265461768775,2.792377537998572,0.0016754265227991426
90,infinite,20,1 token,90,True,6391,0.002034110467845408,0.005319981223595682,0.01846962240149566,0.005107494944574187,0.4012391630200953,0.4156087627213581,1.632040522786002,0.0009792243136716012
90,infinite,20,1 token,95,True,6391,0.0014082303238929744,0.0065717415115005475,0.009300608100031553,0.0025558908014235993,0.20035191877739106,0.21007655103631057,0.765637370928969,0.0004593824225573814
90,infinite,20,1 token,98,True,6391,0.00031294007197621654,0.010170552339227038,0.003567033826377461,0.0012122129237979173,0.07740660275024963,0.08288385163628435,0.2571812327332203,0.00015430873963993215
90,infinite,20,3 tokens equal,80,True,6391,0.0025035205758097323,0.00547645125958379,0.03417906389282475,0.012763102275955784,0.7693058981743942,0.7817265461768775,2.792377537998572,0.0016754265227991426
90,infinite,20,3 tokens equal,90,True,6391,0.002034110467845408,0.005319981223595682,0.01846962240149566,0.005107494944574187,0.4012391630200953,0.4156087627213581,1.632040522786002,0.0009792243136716012
90,infinite,20,3 tokens equal,95,True,6391,0.0014082303238929744,0.0065717415115005475,0.009300608100031553,0.0025558908014235993,0.20035191877739106,0.21007655103631057,0.765637370928969,0.0004593824225573814
90,infinite,20,3 tokens equal,98,True,6391,0.00031294007197621654,0.010170552339227038,0.003567033826377461,0.0012122129237979173,0.07740660275024963,0.08288385163628435,0.2571812327332203,0.00015430873963993215
365,55,6,1 token,80,True,1581,0.005060088551549652,0.022770398481973434,0.14149630492211435,0.05946944791774311,0.6964948810861199,0.719458829765245,3.1566053479414213,0.0018939632087648524
365,55,6,1 token,90,True,1581,0.005060088551549652,0.030360531309297913,0.08419054918982982,0.015801825138781478,0.3979920920457671,0.4143091516774441,2.229905997144965,0.0013379435982869788
365,55,6,1 token,95,True,1581,0.002530044275774826,0.04743833017077799,0.04386222851204172,0.008316642695769483,0.20458523635782838,0.20792074433125401,1.069251681516038,0.0006415510089096227
365,55,6,1 token,98,False,1581,0.0006325110689437065,0.08222643896268185,0.016359936274654215,0.0057119880861540295,0.07754360175404465,0.07921942621172859,0.33220712708763667,0.00019932427625258197
365,55,6,3 tokens equal,80,True,1581,0.0056925996204933585,0.03478810879190386,0.12843503614689794,0.06203174612159246,0.6346610649454958,0.6506155434261137,2.018625499606511,0.0012111752997639065
365,55,6,3 tokens equal,90,True,1581,0.003795066413662239,0.058191018342821,0.07386976102701197,0.022358955165632022,0.3556716088606754,0.36794022543039356,1.30651309409692,0.0007839078564581519
365,55,6,3 tokens equal,95,False,1581,0.0031625553447185324,0.08538899430740038,0.037422499855774956,0.015582452248253054,0.18098021883226817,0.186650585194546,0.6133437603090373,0.0003680062561854223
365,55,6,3 tokens equal,98,False,1581,0.0031625553447185324,0.13156230234029095,0.014011995618256229,0.008087560398168048,0.07060045338098236,0.07803475718564581,0.20835487489082163,0.00012501292493449298
365,125,6,1 token,80,True,1581,0.005060088551549652,0.02024035420619861,0.14490917719314056,0.0601640190312831,0.7135882225656744,0.7375599362172999,4.040748890201074,0.0024244493341206447
365,125,6,1 token,90,True,1581,0.004427577482605946,0.024667931688804556,0.08675139842809308,0.015503033944936684,0.4111440489748757,0.43249992362668943,3.0424896875931435,0.0018254938125558857
365,125,6,1 token,95,True,1581,0.002530044275774826,0.03542061986084757,0.04770640786146805,0.0076501695659974,0.22094777141112987,0.2258193792243413,1.548679333357082,0.000929207600014249
365,125,6,1 token,98,True,1581,0.0006325110689437065,0.055660974067046176,0.01966757725753772,0.0036272393847593953,0.09001991110675277,0.08734841405951463,0.49960470947823793,0.0002997628256869427
365,125,6,3 tokens equal,80,True,1581,0.005060088551549652,0.024667931688804556,0.14076252240776824,0.059524639975188975,0.6912692449115837,0.7105795312041204,2.856833857794344,0.0017141003146766058
365,125,6,3 tokens equal,90,True,1581,0.004427577482605946,0.03731815306767868,0.08183221645914916,0.016158252644838722,0.38804274577048586,0.4045710901230565,1.9683483359813787,0.0011810090015888272
365,125,6,3 tokens equal,95,True,1581,0.002530044275774826,0.055660974067046176,0.04176348276560922,0.009389812160593314,0.19636946875769354,0.20079647149230154,0.9330692717365415,0.0005598415630419249
365,125,6,3 tokens equal,98,False,1581,0.0006325110689437065,0.07969639468690702,0.016405420121400352,0.006377237985615292,0.0779434980932454,0.07787486252016292,0.2852878410687073,0.00017117270464122436
365,125,20,1 token,80,True,1581,0.004427577482605946,0.017077798861480076,0.13762941478864657,0.05956943827572703,0.6778862564617231,0.7027737204802732,2.797950857344183,0.0016787705144065098
365,125,20,1 token,90,True,1581,0.003795066413662239,0.020872865275142316,0.08000909860532797,0.016514168349968994,0.37936627076578205,0.39604439341973463,1.901809887848737,0.001141085932709242
365,125,20,1 token,95,True,1581,0.002530044275774826,0.027830487033523088,0.0405535280595924,0.009945158586226688,0.19032782817025667,0.19317323029973665,0.8876169425310348,0.0005325701655186208
365,125,20,1 token,98,False,1581,0.0006325110689437065,0.048703352308665404,0.014627931143326584,0.005892052358107414,0.07018345846157685,0.07289271535188598,0.2647865274822206,0.00015887191648933233
365,125,20,3 tokens equal,80,True,1581,0.0031625553447185324,0.020872865275142316,0.11544974052972898,0.061538571235685735,0.5789109775979794,0.6208338019058969,1.8115235000895136,0.001086914100053708
365,125,20,3 tokens equal,90,False,1581,0.004427577482605946,0.03415559772296015,0.06832149813416957,0.026815404190296155,0.3308432987660876,0.34315970314790323,1.1179087242324188,0.0006707452345394513
365,125,20,3 tokens equal,95,False,1581,0.001265022137887413,0.046173308032890575,0.03237209646869654,0.014730130895268312,0.1592320601013404,0.1724935565521461,0.5155533503617266,0.00030933201021703593
365,125,20,3 tokens equal,98,False,1581,0.0006325110689437065,0.07716635041113219,0.012414830686051667,0.0069316437852824375,0.06260969279890878,0.07212606189762397,0.1852054062878537,0.00011112324377271218
365,500,20,1 token,80,True,1581,0.005060088551549652,0.020872865275142316,0.14527721885495992,0.06069281284601291,0.7156976516430217,0.7399275925560775,4.200411615897845,0.002520246969538707
365,500,20,1 token,90,True,1581,0.004427577482605946,0.02403542061986085,0.08701069003519764,0.01543037102157685,0.41268397560395825,0.4349550395837262,3.2076517245107974,0.0019245910347064784
365,500,20,1 token,95,True,1581,0.0018975332068311196,0.036685641998734975,0.04795164033267308,0.006925897139138382,0.22242490524659694,0.22862852986329582,1.6498112459280103,0.000989886747556806
365,500,20,1 token,98,True,1581,0.0006325110689437065,0.058191018342821,0.020129905021149107,0.003334012904878225,0.09197481385908886,0.08994018118210902,0.5454887349307095,0.0003272932409584257
365,500,20,3 tokens equal,80,True,1581,0.004427577482605946,0.017077798861480076,0.14064395399353302,0.05834265400622085,0.6916892485588692,0.7144665984890677,3.0846679794617184,0.0018508007876770305
365,500,20,3 tokens equal,90,True,1581,0.003795066413662239,0.02024035420619861,0.08333397659036587,0.016440017454670608,0.3936284570635169,0.4085706542256218,2.170876435916052,0.001302525861549631
365,500,20,3 tokens equal,95,True,1581,0.002530044275774826,0.027830487033523088,0.042354550596225574,0.008304895404988688,0.19768324707415844,0.2022230411587795,1.0307051985183815,0.0006184231191110289
365,500,20,3 tokens equal,98,False,1581,0.0,0.04933586337760911,0.01574177489726045,0.005261455732517462,0.0744975406721909,0.0753439815726353,0.3099161470798614,0.0001859496882479168
365,1000,20,1 token,80,True,1581,0.005060088551549652,0.020872865275142316,0.14594579372666366,0.06055701998279939,0.7193312173666142,0.7453442317173627,4.635368652217485,0.0027812211913304905
365,1000,20,1 token,90,True,1581,0.004427577482605946,0.027830487033523088,0.08749849468467603,0.015599655965554016,0.4161795915223539,0.4405415075228764,3.6737341374834434,0.002204240482490066
365,1000,20,1 token,95,True,1581,0.002530044275774826,0.043010752688172046,0.048718378832383336,0.006616491354202836,0.22672665707063697,0.23546740856774043,1.9620938159007348,0.0011772562895404407
365,1000,20,1 token,98,True,1581,0.0006325110689437065,0.06198608475648324,0.02106154654432659,0.003050208038247959,0.09634322464669622,0.09684131858719591,0.6933881202797464,0.0004160328721678478
365,1000,20,3 tokens equal,80,True,1581,0.004427577482605946,0.018342820999367487,0.144174404066923,0.05936520159324332,0.7097762315395715,0.7342452860772544,3.8281266264669513,0.002296875975880171
365,1000,20,3 tokens equal,90,True,1581,0.004427577482605946,0.022137887413029727,0.08656517697198807,0.014674863136006078,0.40947756417990244,0.42879150942097416,2.8335996974815885,0.0017001598184889527
365,1000,20,3 tokens equal,95,True,1581,0.002530044275774826,0.03289057558507274,0.04619661118699843,0.0073783337409287775,0.21449262929115767,0.22124496114052195,1.4261015781737632,0.0008556609469042579
365,1000,20,3 tokens equal,98,True,1581,0.0006325110689437065,0.05313092979127135,0.018487603892790614,0.003856979199583721,0.08537554463744056,0.08417429407669254,0.4527637537144679,0.00027165825222868074
365,5000,20,1 token,80,True,1581,0.005060088551549652,0.020872865275142316,0.1457851301793269,0.06078929718179471,0.7188202250627069,0.7454829213835354,4.653943944206605,0.002792366366523963
365,5000,20,1 token,90,True,1581,0.004427577482605946,0.028462998102466792,0.08751893457288118,0.015599655965554016,0.41634093601214944,0.4406200658402939,3.681593984074773,0.0022089563904448633
365,5000,20,1 token,95,True,1581,0.002530044275774826,0.04364326375711575,0.04871872923900943,0.006703395213227603,0.22677449445063788,0.23554436329214884,1.96387862466973,0.0011783271748018376
365,5000,20,1 token,98,True,1581,0.0006325110689437065,0.06261859582542695,0.0211126078925191,0.0030784696636612097,0.0965420625193724,0.09686808864703005,0.6935832540224139,0.0004161499524134484
365,5000,20,3 tokens equal,80,True,1581,0.005060088551549652,0.020872865275142316,0.1457851301793269,0.06078929718179471,0.7188202250627069,0.7454829213835354,4.653943944206605,0.002792366366523963
365,5000,20,3 tokens equal,90,True,1581,0.004427577482605946,0.028462998102466792,0.08751893457288118,0.015599655965554016,0.41634093601214944,0.4406200658402939,3.681593984074773,0.0022089563904448633
365,5000,20,3 tokens equal,95,True,1581,0.002530044275774826,0.04364326375711575,0.04871872923900943,0.006703395213227603,0.22677449445063788,0.23554436329214884,1.96387862466973,0.0011783271748018376
365,5000,20,3 tokens equal,98,True,1581,0.0006325110689437065,0.06261859582542695,0.0211126078925191,0.0030784696636612097,0.0965420625193724,0.09686808864703005,0.6935832540224139,0.0004161499524134484
365,infinite,20,1 token,80,True,1581,0.005060088551549652,0.020872865275142316,0.1457851301793269,0.06078929718179471,0.7188202250627069,0.7454829213835354,4.653943944206605,0.002792366366523963
365,infinite,20,1 token,90,True,1581,0.004427577482605946,0.028462998102466792,0.08751893457288118,0.015599655965554016,0.41634093601214944,0.4406200658402939,3.681593984074773,0.0022089563904448633
365,infinite,20,1 token,95,True,1581,0.002530044275774826,0.04364326375711575,0.04871872923900943,0.006703395213227603,0.22677449445063788,0.23554436329214884,1.96387862466973,0.0011783271748018376
365,infinite,20,1 token,98,True,1581,0.0006325110689437065,0.06261859582542695,0.0211126078925191,0.0030784696636612097,0.0965420625193724,0.09686808864703005,0.6935832540224139,0.0004161499524134484
365,infinite,20,3 tokens equal,80,True,1581,0.005060088551549652,0.020872865275142316,0.1457851301793269,0.06078929718179471,0.7188202250627069,0.7454829213835354,4.653943944206605,0.002792366366523963
365,infinite,20,3 tokens equal,90,True,1581,0.004427577482605946,0.028462998102466792,0.08751893457288118,0.015599655965554016,0.41634093601214944,0.4406200658402939,3.681593984074773,0.0022089563904448633
365,infinite,20,3 tokens equal,95,True,1581,0.002530044275774826,0.04364326375711575,0.04871872923900943,0.006703395213227603,0.22677449445063788,0.23554436329214884,1.96387862466973,0.0011783271748018376
365,infinite,20,3 tokens equal,98,True,1581,0.0006325110689437065,0.06261859582542695,0.0211126078925191,0.0030784696636612097,0.0965420625193724,0.09686808864703005,0.6935832540224139,0.0004161499524134484
