term,floor,n,n_stress,n_stress_years,n_stress_series,vault_med_in_stress,hold_med_in_stress,vault_below_floor_in_stress,vault_mat_breach_in_stress
7,50,80733,3,2,3,-0.5192694664001465,-0.5467288626523114,0.6666666666666666,0.6666666666666666
7,55,80733,6,3,5,-0.44876182079315186,-0.49346137853145666,0.5,0.3333333333333333
7,60,80733,13,7,8,-0.39432936906814575,-0.43925251308018587,0.38461538461538464,0.3076923076923077
7,65,80733,25,10,10,-0.3474108576774597,-0.40249870478563277,0.44,0.36
7,70,80733,44,14,16,-0.29764673113822937,-0.36844057520416845,0.45454545454545453,0.3181818181818182
7,75,80733,89,22,22,-0.23237723112106323,-0.2975181069674703,0.3146067415730337,0.23595505617977527
7,80,80733,191,36,31,-0.15592658519744873,-0.24584703654798357,0.16230366492146597,0.11518324607329843
7,85,80733,461,52,37,-0.099254310131073,-0.19128585371955276,0.06941431670281996,0.04772234273318872
7,88,80733,923,60,38,-0.0649566650390625,-0.149727644137706,0.03466955579631636,0.02275189599133261
7,90,80733,1549,67,38,-0.047263503074645996,-0.1272473023438243,0.02130406714009038,0.010974822466107165
7,92,80733,2635,71,38,-0.0321354866027832,-0.10650106394477299,0.012523719165085389,0.0064516129032258064
7,94,80733,4884,80,38,-0.019271284341812134,-0.0829335464824682,0.006961506961506962,0.003276003276003276
7,95,80733,6767,83,38,-0.014139771461486816,-0.0717283236481232,0.004876607063691443,0.0019210876311511749
7,96,80733,9448,86,38,-0.009800463914871216,-0.06111878399293075,0.0034928027095681626,0.0010584250635055038
7,98,80733,18814,98,38,-0.0033927559852600098,-0.040126532833364814,0.001807164877219092,0.000372063357074519
14,50,40356,5,4,4,-0.4974226951599121,-0.551941073969392,0.4,0.4
14,55,40356,11,5,7,-0.4448591470718384,-0.47816093766262613,0.36363636363636365,0.2727272727272727
14,60,40356,20,8,10,-0.39114120602607727,-0.4518675322970346,0.3,0.2
14,65,40356,34,13,16,-0.3456498086452484,-0.40746726881941087,0.4117647058823529,0.3235294117647059
14,70,40356,58,20,21,-0.2869837284088135,-0.3597697530307576,0.3793103448275862,0.22413793103448276
14,75,40356,121,28,29,-0.22166109085083008,-0.29521287425757836,0.2231404958677686,0.15702479338842976
14,80,40356,254,44,36,-0.15576812624931335,-0.2459509307649102,0.1220472440944882,0.08661417322834646
14,85,40356,604,58,38,-0.098052978515625,-0.18980013506043625,0.05132450331125828,0.033112582781456956
14,88,40356,1067,68,38,-0.06791114807128906,-0.15624954789646317,0.029053420805998126,0.01780693533270853
14,90,40356,1633,71,38,-0.049257874488830566,-0.13341630940548688,0.019595835884874464,0.009797917942437232
14,92,40356,2505,74,38,-0.03412961959838867,-0.11245138831632351,0.012375249500998005,0.006387225548902195
14,94,40356,4067,82,38,-0.02097189426422119,-0.08914677586233255,0.007868207523973445,0.0027046963363658717
14,95,40356,5199,89,38,-0.015614748001098633,-0.07839480823554357,0.005962685131756107,0.0019234468166955184
14,96,40356,6745,92,38,-0.01092594861984253,-0.06751135606705394,0.005040770941438102,0.0013343217197924388
14,98,40356,11167,98,38,-0.00403517484664917,-0.0472525617540589,0.0034028834960150444,0.0005372973941076386
30,50,19209,10,7,8,-0.4986889809370041,-0.5266633756999317,0.5,0.2
30,55,19209,13,7,9,-0.4469495415687561,-0.5132382149010652,0.38461538461538464,0.23076923076923078
30,60,19209,32,15,15,-0.3926297128200531,-0.4397261091239198,0.34375,0.15625
30,65,19209,52,20,19,-0.3353494703769684,-0.4079311989596224,0.25,0.15384615384615385
30,70,19209,100,27,26,-0.272940069437027,-0.3546798943647101,0.17,0.11
30,75,19209,199,38,35,-0.21416467428207397,-0.3006385437885942,0.11557788944723618,0.07537688442211055
30,80,19209,365,55,36,-0.15820848941802979,-0.2564758996637815,0.07671232876712329,0.04657534246575343
30,85,19209,693,64,38,-0.10357755422592163,-0.20403041786482579,0.04329004329004329,0.027417027417027416
30,88,19209,1090,70,38,-0.07188963890075684,-0.16704581814259356,0.026605504587155965,0.015596330275229359
30,90,19209,1512,75,38,-0.05339744687080383,-0.1449435078101931,0.01984126984126984,0.010582010582010581
30,92,19209,2112,79,38,-0.03736576437950134,-0.12246457404972028,0.014204545454545454,0.007102272727272727
30,94,19209,2937,84,38,-0.024237334728240967,-0.10144957413973876,0.010214504596527068,0.0034048348655090228
30,95,19209,3508,90,38,-0.01834183931350708,-0.09090880763668924,0.00798175598631699,0.002280501710376283
30,96,19209,4191,93,38,-0.013133823871612549,-0.0802118226790608,0.007396802672393224,0.0014316392269148174
30,98,19209,5890,98,38,-0.005143880844116211,-0.05976648445487903,0.006281833616298811,0.0
90,50,6391,23,13,13,-0.49290502071380615,-0.5732429611569323,0.30434782608695654,0.08695652173913043
90,55,6391,33,16,14,-0.44045644998550415,-0.5426195281100368,0.24242424242424243,0.09090909090909091
90,60,6391,56,20,23,-0.3851844072341919,-0.47626988203997805,0.17857142857142858,0.07142857142857142
90,65,6391,87,28,28,-0.3371604084968567,-0.4285657835361052,0.16091954022988506,0.09195402298850575
90,70,6391,139,38,32,-0.2808208465576172,-0.37728959690004005,0.14388489208633093,0.07194244604316546
90,75,6391,226,48,36,-0.22299978137016296,-0.3203003421872956,0.11504424778761062,0.05752212389380531
90,80,6391,345,59,38,-0.17045819759368896,-0.2790788951313107,0.08115942028985507,0.03768115942028986
90,85,6391,554,65,38,-0.11541545391082764,-0.22843339643260757,0.05415162454873646,0.02527075812274368
90,88,6391,732,71,38,-0.08340048789978027,-0.19414994286461845,0.03961748633879782,0.01639344262295082
90,90,6391,889,71,38,-0.06557309627532959,-0.17417629423699932,0.03374578177727784,0.013498312710911136
90,92,6391,1104,76,38,-0.047096848487854004,-0.1501080373373272,0.02717391304347826,0.009963768115942028
90,94,6391,1356,82,38,-0.03179159760475159,-0.12878044667955535,0.025073746312684365,0.0058997050147492625
90,95,6391,1512,85,38,-0.024683892726898193,-0.11653824552947817,0.02513227513227513,0.005291005291005291
90,96,6391,1665,88,38,-0.01857084035873413,-0.10652798309131684,0.022222222222222223,0.003003003003003003
90,98,6391,1995,89,38,-0.008140027523040771,-0.08903806528000047,0.03107769423558897,0.0010025062656641604
180,50,3188,30,14,20,-0.4936472177505493,-0.5658389070447772,0.36666666666666664,0.06666666666666667
180,55,3188,41,19,25,-0.4413871169090271,-0.5442636641768138,0.3170731707317073,0.04878048780487805
180,60,3188,68,31,28,-0.3901289999485016,-0.4828873050903816,0.23529411764705882,0.029411764705882353
180,65,3188,96,38,31,-0.33877652883529663,-0.42499958983225944,0.1875,0.052083333333333336
180,70,3188,135,41,33,-0.2885858416557312,-0.40047091221032316,0.16296296296296298,0.044444444444444446
180,75,3188,187,46,37,-0.23586112260818481,-0.3529411790089807,0.1443850267379679,0.0481283422459893
180,80,3188,263,56,38,-0.18233788013458252,-0.30732002981827833,0.11026615969581749,0.03802281368821293
180,85,3188,369,68,38,-0.12688279151916504,-0.2545972776783608,0.08943089430894309,0.024390243902439025
180,88,3188,466,71,38,-0.09391140937805176,-0.2219470806658338,0.07510729613733906,0.015021459227467811
180,90,3188,540,72,38,-0.07355296611785889,-0.19256146371545912,0.06481481481481481,0.011111111111111112
180,92,3188,642,74,38,-0.05525648593902588,-0.16883276306212158,0.059190031152647975,0.009345794392523364
180,94,3188,736,75,38,-0.03938642144203186,-0.15025190194248988,0.057065217391304345,0.006793478260869565
180,95,3188,783,76,38,-0.03139215707778931,-0.1428570455194489,0.06130268199233716,0.005108556832694764
180,96,3188,831,77,38,-0.02424633502960205,-0.13686994487660176,0.05535499398315283,0.0036101083032490976
180,98,3188,960,81,38,-0.010653436183929443,-0.11498818262512744,0.08645833333333333,0.0010416666666666667
365,50,1581,27,15,17,-0.498595654964447,-0.6399475309628115,0.4074074074074074,0.07407407407407407
365,55,1581,38,18,24,-0.4483175277709961,-0.5893839726710812,0.3684210526315789,0.07894736842105263
365,60,1581,58,28,28,-0.3964579999446869,-0.4911355038913828,0.29310344827586204,0.06896551724137931
365,65,1581,75,33,31,-0.34587764739990234,-0.4591083434863046,0.28,0.06666666666666667
365,70,1581,103,37,34,-0.29063355922698975,-0.41644372287211984,0.22330097087378642,0.038834951456310676
365,75,1581,132,43,36,-0.2400379180908203,-0.3808773272137031,0.19696969696969696,0.03787878787878788
365,80,1581,173,52,37,-0.18946057558059692,-0.3418782754494939,0.16184971098265896,0.028901734104046242
365,85,1581,229,55,38,-0.13829106092453003,-0.27853682316201145,0.13537117903930132,0.017467248908296942
365,88,1581,263,60,38,-0.10829848051071167,-0.2508865327367579,0.14068441064638784,0.011406844106463879
365,90,1581,288,63,38,-0.08810943365097046,-0.24027208635358938,0.125,0.006944444444444444
365,92,1581,320,66,38,-0.06785440444946289,-0.21830318073438454,0.134375,0.00625
365,94,1581,350,67,38,-0.04932728409767151,-0.1979994628588425,0.13714285714285715,0.008571428571428572
365,95,1581,372,68,38,-0.039624691009521484,-0.1913594107100987,0.1532258064516129,0.005376344086021506
365,96,1581,391,70,38,-0.03059232234954834,-0.1786217249582872,0.17135549872122763,0.0025575447570332483
365,98,1581,436,71,38,-0.014288842678070068,-0.1599097081837606,0.1834862385321101,0.0022935779816513763
